TIDM,Issuer Name,Instrument Name,ISIN,MiFIR Identifier Code,Start date,Country of Incorporation,Trading Currency,LSE Market,FCA Listing Category,Market Segment Code,Market Sector Code
ARAW,ABRDN III ICAV,ABRDN ARAW UCITS ETF - GBX,IE000J7QYHD8,ETFS,29/07/2025,Ireland,GBX,MAIN MARKET,,EUET,UEA2
AREG,ABRDN III ICAV,ABRDN FUTURE REAL ESTATE UCITS ETF (GBX),IE000GGQK173,ETFS,11/04/2024,Ireland,GBX,MAIN MARKET,,EUET,UEA2
ASCH,ABRDN III ICAV,ABRDN ASCH UCITS ETF - GBX,IE000G9O8QD4,ETFS,29/07/2025,Ireland,GBX,MAIN MARKET,,EUET,UEA2
EBND,AB SICAV I,EURO CORPORATE BOND PORTFOLIO UCITS ETF,LU3322521785,ETFS,29/04/2026,Luxembourg,GBP,MAIN MARKET,,EUET,UEA2
EYEG,AB SICAV I,USD CORPORATE BOND PORTFOLIO UCITS ETF,LU3322522593,ETFS,29/04/2026,Luxembourg,USD,MAIN MARKET,,EUET,UEA2
EYES,AB SICAV I,USD CORPORATE BOND PORTFOLIO UCITS ETF,LU3322522593,ETFS,29/04/2026,Luxembourg,GBP,MAIN MARKET,,EUE2,UEA4
FWD,AB SICAV I,GLOBAL DISRUPTORS PORTFOLIO UCITS ETF,LU3322522163,ETFS,02/06/2026,Luxembourg,USD,MAIN MARKET,,EUET,UEA2
FWDS,AB SICAV I,GLOBAL DISRUPTORS PORTFOLIO UCITS ETF,LU3322522163,ETFS,02/06/2026,Luxembourg,GBP,MAIN MARKET,,EUE2,UEA4
GLIG,AB SICAV I,GLOBAL CORP BOND PORTFOLIO UCITS ETF,LU3322522080,ETFS,29/04/2026,Luxembourg,USD,MAIN MARKET,,EUET,UEA2
GLIS,AB SICAV I,GLOBAL CORP BOND PORTFOLIO UCITS ETF,LU3322522080,ETFS,29/04/2026,Luxembourg,GBP,MAIN MARKET,,EUE2,UEA4
GLRD,AB SICAV I,GLOBAL RESEARCH ADV EQ PFOLIO UCITS ETF,LU3322522247,ETFS,02/06/2026,Luxembourg,USD,MAIN MARKET,,EUET,UEA2
GLRS,AB SICAV I,GLOBAL RESEARCH ADV EQ PFOLIO UCITS ETF,LU3322522247,ETFS,02/06/2026,Luxembourg,GBP,MAIN MARKET,,EUE2,UEA4
AZEQ,ALLIANZ GLOBAL INVESTORS ETF ICAV,ALLIANZ SMART EUROPE EQUITY EQUITY ETF,IE000519M2U5,ETFS,30/07/2026,Ireland,GBP,MAIN MARKET,,EUET,UEA2
AZGQ,ALLIANZ GLOBAL INVESTORS ETF ICAV,ALLIANZ SMART GLOBAL EQUITY EQUITY ETF,IE000NZURBQ4,ETFS,30/07/2026,Ireland,USD,MAIN MARKET,,EUET,UEA2
AZGS,ALLIANZ GLOBAL INVESTORS ETF ICAV,ALLIANZ SMART GLOBAL EQUITY EQUITY ETF,IE000NZURBQ4,ETFS,30/07/2026,Ireland,GBP,MAIN MARKET,,EUE2,UEA4
AZUQ,ALLIANZ GLOBAL INVESTORS ETF ICAV,ALLIANZ SMART US EQUITY EQUITY ETF,IE000LST78X7,ETFS,30/07/2026,Ireland,USD,MAIN MARKET,,EUET,UEA2
AZUS,ALLIANZ GLOBAL INVESTORS ETF ICAV,ALLIANZ SMART US EQUITY EQUITY ETF,IE000LST78X7,ETFS,30/07/2026,Ireland,GBP,MAIN MARKET,,EUE2,UEA4
AAAG,ALPHA UCITS SICAV,FAIR OAKS AAA CLO FUND : ETF E(GBP) DIST,LU2785470191,ETFS,26/09/2024,Luxembourg,GBP,MAIN MARKET,,EUE2,UEA4
FAAA,ALPHA UCITS SICAV,FAIR OAKS AAA CLO FUND : ETF EUR DIST,LU2785470191,ETFS,26/09/2024,Luxembourg,EUR,MAIN MARKET,,EUET,UEA2
XAAA,ALPHA UCITS SICAV,FAIR OAKS AAA CLO FUND: ETF GBP HDG ACC,LU2825557270,ETFS,10/02/2025,Luxembourg,GBP,MAIN MARKET,,EUET,UEA2
AVAE,AMERICAN CENTURY ICAV,AVANTIS AMERICA EQUITY UCITS ETF,IE000OW54ZX1,ETFS,13/02/2026,Ireland,GBP,MAIN MARKET,,EUE2,UEA4
AVCG,AMERICAN CENTURY ICAV,AVANTIS GLOBAL EQUITY UCITS ETF,IE000RJECXS5,ETFS,04/12/2024,Ireland,GBP,MAIN MARKET,,EUE2,UEA4
AVEG,AMERICAN CENTURY ICAV,AVANTIS EMERGING MARKETS EQ UCITS ETF,IE000K975W13,ETFS,19/12/2024,Ireland,GBP,MAIN MARKET,,EUE2,UEA4
AVEM,AMERICAN CENTURY ICAV,AVANTIS EMERGING MARKETS EQ UCITS ETF,IE000K975W13,ETFS,19/12/2024,Ireland,USD,MAIN MARKET,,EUET,UEA2
AVEP,AMERICAN CENTURY ICAV,AVANTIS PACIFIC EQUITY UCITS ETF,IE000T62NEO6,ETFS,13/02/2026,Ireland,GBP,MAIN MARKET,,EUE2,UEA4
AVEU,AMERICAN CENTURY ICAV,AVANTIS EUROPE EQUITY UCITS ETF,IE000SDFJUU0,ETFS,13/02/2026,Ireland,USD,MAIN MARKET,,EUET,UEA2
AVGC,AMERICAN CENTURY ICAV,AVANTIS GLOBAL EQUITY UCITS ETF,IE000RJECXS5,ETFS,04/12/2024,Ireland,USD,MAIN MARKET,,EUET,UEA2
AVGS,AMERICAN CENTURY ICAV,AVANTIS GLOBAL SMALL CAP VALUE UCITS ETF,IE0003R87OG3,ETFS,04/12/2024,Ireland,USD,MAIN MARKET,,EUET,UEA2
AVPE,AMERICAN CENTURY ICAV,AVANTIS PACIFIC EQUITY UCITS ETF,IE000T62NEO6,ETFS,13/02/2026,Ireland,USD,MAIN MARKET,,EUET,UEA2
AVSG,AMERICAN CENTURY ICAV,AVANTIS GLOBAL SMALL CAP VALUE UCITS ETF,IE0003R87OG3,ETFS,04/12/2024,Ireland,GBP,MAIN MARKET,,EUE2,UEA4
AVUE,AMERICAN CENTURY ICAV,AVANTIS EUROPE EQUITY UCITS ETF,IE000SDFJUU0,ETFS,13/02/2026,Ireland,GBP,MAIN MARKET,,EUE2,UEA4
AVUS,AMERICAN CENTURY ICAV,AVANTIS AMERICA EQUITY UCITS ETF,IE000OW54ZX1,ETFS,13/02/2026,Ireland,USD,MAIN MARKET,,EUET,UEA2
ANRJ,AMUNDI ETF,AMUNDI GLOBAL HYDROGEN UCITS ETF,FR0010930644,ETFS,07/06/2011,France,GBX,MAIN MARKET,,ETFS,ETEU
CG1,AMUNDI ETF,AMUNDI ETF DAX UCITS ETF DR,FR0010655712,ETFS,09/05/2011,France,GBX,MAIN MARKET,,ETFS,ETEU
CLMT,AMUNDI ETF ICAV,AMUNDI S&P 500 CLIMATE PARIS ALIGNED,IE000O5FBC47,ETFS,18/02/2025,Ireland,GBP,MAIN MARKET,,ETFS,ETEU
GLFI,AMUNDI ETF ICAV,AMUNDI S&P WORLD FINANCIALS SCREENED ETF,IE000KYX7IP4,ETFS,24/03/2026,Ireland,GBP,MAIN MARKET,,ETFS,ETEU
MEGA,AMUNDI ETF ICAV,AMUNDI MSCI USA MEGA CAP UCITS ETF ACC,IE000YBGJ9I4,ETFS,18/02/2025,Ireland,GBP,MAIN MARKET,,ETFS,ETEU
MSCU,AMUNDI ETF ICAV,AMUNDI CORE MSCI USA UCITS ETF DIST,IE000IEGVMH6,ETFS,18/02/2025,Ireland,GBP,MAIN MARKET,,ETFS,ETEU
MWOT,AMUNDI ETF ICAV,AMUNDI RUSSELL 1000 GROWTH UCITS ETF ACC,IE0005E8B9S4,ETFS,18/02/2025,Ireland,GBP,MAIN MARKET,,ETFS,ETEU
MWOZ,AMUNDI ETF ICAV,AMUNDI PRIME GLOBAL UCITS ETF DIST,IE000QIF5N15,ETFS,06/02/2025,Ireland,GBP,MAIN MARKET,,ETFS,ETEU
MWRL,AMUNDI ETF ICAV,AMUNDI CORE MSCI WORLD UCITS ETF ACC,IE000BI8OT95,ETFS,06/02/2025,Ireland,GBP,MAIN MARKET,,ETF2,EFEU
MWRU,AMUNDI ETF ICAV,AMUNDI CORE MSCI WORLD UCITS ETF ACC,IE000BI8OT95,ETFS,06/02/2025,Ireland,USD,MAIN MARKET,,ETFS,ETEU
PACW,AMUNDI ETF ICAV,AMUNDI PRIME ALL COUNTRY WLD ETF DIST,IE0009HF1MK9,ETFS,18/02/2025,Ireland,GBP,MAIN MARKET,,ETFS,ETEU
USAH,AMUNDI ETF ICAV,AMUNDI MSCI USA BROAD TRANSITION ETF GBP,IE000YDDOAC3,ETFS,23/06/2026,Ireland,GBP,MAIN MARKET,,ETFS,ETEU
UTEC,AMUNDI ETF ICAV,AMUNDI US TECH 100 EQUAL WEIGHT UCIT ETF,IE000Y9MG996,ETFS,18/02/2025,Ireland,GBP,MAIN MARKET,,ETFS,ETEU
WEHG,AMUNDI ETF ICAV,AMUNDI PRIME ALL COUNTRY WLD GBP HEDGED,IE000KTD59H4,ETFS,14/08/2025,Ireland,GBP,MAIN MARKET,,ETFS,ETEU
WEXU,AMUNDI ETF ICAV,AMUNDI MSCI WORLD EX USA UCITS ETF ACC,IE00085PWS28,ETFS,18/02/2025,Ireland,GBP,MAIN MARKET,,ETFS,ETEU
WHDY,AMUNDI ETF ICAV,AMUNDI S&P ALL WORLD HIGH DIVIDEND YIELD,IE000LEIJUY9,ETFS,01/07/2026,Ireland,USD,MAIN MARKET,,ETFS,ETEU
XMGA,AMUNDI ETF ICAV,AMUNDI MSCI USA EX MEGA CAP UCITS ETF,IE000XL4IXU1,ETFS,18/02/2025,Ireland,GBP,MAIN MARKET,,ETFS,ETEU
500D,AMUNDI INDEX SOLUTIONS,AMUNDI S&P 500 SWAP UCITS ETF USD ACC,LU2391437253,ETFS,07/12/2021,Luxembourg,USD,MAIN MARKET,,ETFS,ETEU
500G,AMUNDI INDEX SOLUTIONS,AMUNDI S&P 500 SWAP UCITS ETF USD ACC,LU1681049018,ETFS,22/03/2018,Luxembourg,GBX,MAIN MARKET,,ETF2,EFEU
500U,AMUNDI INDEX SOLUTIONS,AMUNDI S&P 500 SWAP UCITS ETF USD ACC,LU1681049018,ETFS,22/03/2018,Luxembourg,USD,MAIN MARKET,,ETFS,ETEU
AASG,AMUNDI INDEX SOLUTIONS,AMUNDI MSCI EM ASIA,LU1681044563,ETFS,22/03/2018,Luxembourg,GBX,MAIN MARKET,,ETF2,EFEU
AASU,AMUNDI INDEX SOLUTIONS,AMUNDI MSCI EM ASIA,LU1681044563,ETFS,22/03/2018,Luxembourg,USD,MAIN MARKET,,ETFS,ETEU
AEMD,AMUNDI INDEX SOLUTIONS,AMUNDI CORE MSCI EMERGING MARKETS ETF,LU1737652583,ETFS,14/05/2019,Luxembourg,GBX,MAIN MARKET,,ETFS,ETEU
AEME,AMUNDI INDEX SOLUTIONS,AMUNDI CORE MSCI EMERGING MARKETS ETF,LU1437017350,ETFS,02/02/2021,Luxembourg,USD,MAIN MARKET,,ETFS,ETEU
AEMH,AMUNDI INDEX SOLUTIONS,AMUNDI USD EMERGING MARKET GOV BOND GBPH,LU3307281595,ETFS,07/05/2026,Luxembourg,GBP,MAIN MARKET,,ETFS,ETEL
AEMU,AMUNDI INDEX SOLUTIONS,AMUNDI CORE MSCI EMERGING MARKET ETF USD,LU2277591868,ETFS,16/02/2021,Luxembourg,USD,MAIN MARKET,,ETFS,ETEU
AGHG,AMUNDI INDEX SOLUTIONS,AMUNDI CORE GLOBAL AGGRGATE BOND ETF GBP,LU2355200523,ETFS,27/07/2021,Luxembourg,GBX,MAIN MARKET,,ETFS,ETEU
ALAG,AMUNDI INDEX SOLUTIONS,AMUNDI MSCI EM LATIN AMERICA,LU1681045297,ETFS,22/03/2018,Luxembourg,GBX,MAIN MARKET,,ETF2,EFEU
ALAU,AMUNDI INDEX SOLUTIONS,AMUNDI MSCI EM LATIN AMERICA,LU1681045297,ETFS,22/03/2018,Luxembourg,USD,MAIN MARKET,,ETFS,ETEU
AMEG,AMUNDI INDEX SOLUTIONS,AMUNDI MSCI EMERGING MARKETS CLIMATE,LU2469335371,ETFS,21/06/2022,Luxembourg,GBX,MAIN MARKET,,ETFS,ETEU
ANXG,AMUNDI INDEX SOLUTIONS,AMUNDI NASDAQ-100 SWAP UCITS ETF USD ACC,LU1681038326,ETFS,18/04/2018,Luxembourg,GBX,MAIN MARKET,,ETF2,EFEU
ANXU,AMUNDI INDEX SOLUTIONS,AMUNDI NASDAQ-100 SWAP UCITS ETF USD ACC,LU1681038326,ETFS,18/04/2018,Luxembourg,USD,MAIN MARKET,,ETFS,ETEU
AUEG,AMUNDI INDEX SOLUTIONS,AMUNDI MSCI EMERGING MARKET SWAP ETF USD,LU1681045453,ETFS,18/04/2018,Luxembourg,GBX,MAIN MARKET,,ETF2,EFEU
AUEM,AMUNDI INDEX SOLUTIONS,AMUNDI MSCI EMERGING MARKET SWAP ETF USD,LU1681045453,ETFS,18/04/2018,Luxembourg,USD,MAIN MARKET,,ETFS,ETEU
AUSA,AMUNDI INDEX SOLUTIONS,AMUNDI CORE MSCI USA SWAP UCITS ETF ACC,LU3332965949,ETFS,22/07/2026,Luxembourg,USD,MAIN MARKET,,ETF2,EFEU
AUSG,AMUNDI INDEX SOLUTIONS,AMUNDI CORE MSCI USA SWAP UCITS ETF ACC,LU3332965949,ETFS,22/07/2026,Luxembourg,GBP,MAIN MARKET,,ETFS,ETEU
BYBG,AMUNDI INDEX SOLUTIONS,AMUNDI S&P 500 BUYBACK UCITS ETF - USD,LU1681048556,ETFS,31/01/2018,Luxembourg,GBX,MAIN MARKET,,ETF2,EFEU
BYBU,AMUNDI INDEX SOLUTIONS,AMUNDI S&P 500 BUYBACK UCITS ETF - USD,LU1681048556,ETFS,31/01/2018,Luxembourg,USD,MAIN MARKET,,ETFS,ETEU
C024,AMUNDI INDEX SOLUTIONS,AMUNDI CORE MSCI CHINA A SWAP ETF DIST,LU2572256746,ETFS,24/10/2024,Luxembourg,GBP,MAIN MARKET,,ETFS,ETEN
C50U,AMUNDI INDEX SOLUTIONS,AMUNDI CORE EURO STOXX 50 ETF USD ACC,LU1681047400,ETFS,02/02/2021,Luxembourg,USD,MAIN MARKET,,ETFS,ETEU
CBDG,AMUNDI INDEX SOLUTIONS,AMUNDI CORE EUR CORPORATE BOND ETF GBP,LU2977997209,ETFS,21/03/2025,Luxembourg,GBP,MAIN MARKET,,ETFS,ETEL
CBDU,AMUNDI INDEX SOLUTIONS,AMUNDI CORE EUR CORPORATE BOND ETF USD,LU2977997118,ETFS,21/03/2025,Luxembourg,USD,MAIN MARKET,,ETFS,ETEL
CC1U,AMUNDI INDEX SOLUTIONS,AMUNDI MSCI CHINA TECH UCITS ETF USD,LU1681044050,ETFS,18/04/2018,Luxembourg,USD,MAIN MARKET,,ETFS,ETEU
CE2D,AMUNDI INDEX SOLUTIONS,AMUNDI CORE MSCI EUROPE UCITS ETF DIST,LU1737652310,ETFS,20/11/2018,Luxembourg,GBX,MAIN MARKET,,ETFS,ETEU
CEG2,AMUNDI INDEX SOLUTIONS,AMUNDI CORE MSCI EUROPE UCITS ETF ACC,LU1437015735,ETFS,26/04/2022,Luxembourg,GBX,MAIN MARKET,,ETF2,EFEU
CEU2,AMUNDI INDEX SOLUTIONS,AMUNDI CORE MSCI EUROPE UCITS ETF ACC,LU1437015735,ETFS,02/02/2021,Luxembourg,USD,MAIN MARKET,,ETFS,ETEU
CEUR,AMUNDI INDEX SOLUTIONS,AMUNDI MSCI EUROPE ESG BROAD TRANSITION,LU1681042609,ETFS,22/03/2018,Luxembourg,GBX,MAIN MARKET,,ETFS,ETEU
CI2G,AMUNDI INDEX SOLUTIONS,AMUNDI MSCI INDIA SWAP II ETF USD ACC,LU1681043169,ETFS,18/04/2018,Luxembourg,GBX,MAIN MARKET,,ETF2,EFEU
CI2U,AMUNDI INDEX SOLUTIONS,AMUNDI MSCI INDIA SWAP II ETF USD ACC,LU1681043169,ETFS,18/04/2018,Luxembourg,USD,MAIN MARKET,,ETFS,ETEU
CJ1P,AMUNDI INDEX SOLUTIONS,AMUNDI MSCI JAPAN ESG TRANSITION GBP,LU2668197069,ETFS,03/10/2023,Luxembourg,GBP,MAIN MARKET,,ETFS,ETEU
CMU,AMUNDI INDEX SOLUTIONS,AMUNDI MSCI EMU ESG SELECTION - (C),LU1602144575,ETFS,14/02/2018,Luxembourg,GBX,MAIN MARKET,,ETFS,ETEU
CNEG,AMUNDI INDEX SOLUTIONS,AMUNDI MSCI CHINA ESG SELECTION - (C),LU2343997487,ETFS,09/11/2021,Luxembourg,GBX,MAIN MARKET,,ETF2,EFEU
CNEU,AMUNDI INDEX SOLUTIONS,AMUNDI MSCI CHINA ESG SELECTION - (C),LU2343997487,ETFS,09/11/2021,Luxembourg,USD,MAIN MARKET,,ETFS,ETEU
COMG,AMUNDI INDEX SOLUTIONS,AMUNDI BBG EW COMMODITY EXAGRI ETF - ACC,LU1829218749,ETFS,22/02/2019,Luxembourg,GBX,MAIN MARKET,,ETFS,ETEU
COMU,AMUNDI INDEX SOLUTIONS,AMUNDI BBG EW COMMODITY EXAGRI ETF - ACC,LU1829218749,ETFS,22/02/2019,Luxembourg,USD,MAIN MARKET,,ETF2,EFEU
CP9G,AMUNDI INDEX SOLUTIONS,AMUNDI MSCI PACIFIC EX JAPAN SRI USD,LU1602145036,ETFS,14/02/2018,Luxembourg,GBX,MAIN MARKET,,ETF2,EFEU
CP9U,AMUNDI INDEX SOLUTIONS,AMUNDI MSCI PACIFIC EX JAPAN SRI PAB USD,LU1602145036,ETFS,14/02/2018,Luxembourg,USD,MAIN MARKET,,ETFS,ETEU
CSWG,AMUNDI INDEX SOLUTIONS,AMUNDI MSCI SWITZERLAND,LU1681044993,ETFS,22/03/2018,Luxembourg,GBX,MAIN MARKET,,ETF2,EFEU
CSWU,AMUNDI INDEX SOLUTIONS,AMUNDI MSCI SWITZERLAND,LU1681044993,ETFS,22/03/2018,Luxembourg,USD,MAIN MARKET,,ETFS,ETEU
CU2G,AMUNDI INDEX SOLUTIONS,AMUNDI PEA MSCI USA ESG SELECTION USD,LU1681042948,ETFS,18/04/2018,Luxembourg,GBX,MAIN MARKET,,ETF2,EFEU
CU2U,AMUNDI INDEX SOLUTIONS,AMUNDI PEA MSCI USA ESG SELECTION USD,LU1681042948,ETFS,18/04/2018,Luxembourg,USD,MAIN MARKET,,ETFS,ETEU
CW8G,AMUNDI INDEX SOLUTIONS,AMUNDI MSCI WORLD SWAP UCITS ETF USD ACC,LU1681043672,ETFS,18/04/2018,Luxembourg,GBX,MAIN MARKET,,ETF2,EFEU
CW8U,AMUNDI INDEX SOLUTIONS,AMUNDI MSCI WORLD SWAP UCITS ETF USD ACC,LU1681043672,ETFS,18/04/2018,Luxembourg,USD,MAIN MARKET,,ETFS,ETEU
CWEU,AMUNDI INDEX SOLUTIONS,AMUNDI GLOBAL BIOENERGY UCITS ETF,LU1681046188,ETFS,31/01/2018,Luxembourg,USD,MAIN MARKET,,ETFS,ETEU
DEFE,AMUNDI INDEX SOLUTIONS,AMUNDI STOXX EUROPE DEFENSE UCITS ETF,LU3038520774,ETFS,17/06/2025,Luxembourg,GBP,MAIN MARKET,,ETFS,ETEU
DEFS,AMUNDI INDEX SOLUTIONS,AMUNDI STOXX EUROPE DEFENSE UCITS ETF,LU3038520774,ETFS,17/06/2025,Luxembourg,USD,MAIN MARKET,,ETF2,EFEU
EABE,AMUNDI INDEX SOLUTIONS,AMUNDI MSCI EUROPE CLIMATE PAB ACC,LU2130768844,ETFS,09/02/2024,Luxembourg,GBP,MAIN MARKET,,ETFS,ETEU
EAHG,AMUNDI INDEX SOLUTIONS,AMUNDI EURO AGGREGATE BOND ESG - GBP,LU2368674045,ETFS,19/10/2021,Luxembourg,GBX,MAIN MARKET,,ETFS,ETEU
ECRP,AMUNDI INDEX SOLUTIONS,AMUNDI EUR CORPORATE BOND ESG - (C),LU1437018168,ETFS,04/02/2020,Luxembourg,GBX,MAIN MARKET,,ETFS,ETEU
EMXG,AMUNDI INDEX SOLUTIONS,AMUNDI MSCI EMERGING EX CHINA SELECTION,LU2345046655,ETFS,09/11/2021,Luxembourg,GBX,MAIN MARKET,,ETF2,EFEU
EMXU,AMUNDI INDEX SOLUTIONS,AMUNDI MSCI EMERGING EX CHINA SELECTION,LU2345046655,ETFS,09/11/2021,Luxembourg,USD,MAIN MARKET,,ETFS,ETEU
EPRA,AMUNDI INDEX SOLUTIONS,AMUNDI FTSE EPRA NAREIT GLOBAL ETF,LU1437018838,ETFS,29/06/2017,Luxembourg,GBX,MAIN MARKET,,ETFS,ETEU
ESDG,AMUNDI INDEX SOLUTIONS,AMUNDI MSCI EUROPE SRI CLIMATE PAB D,LU2059756598,ETFS,26/11/2019,Luxembourg,GBX,MAIN MARKET,,ETF2,EFEU
ESDU,AMUNDI INDEX SOLUTIONS,AMUNDI MSCI EUROPE SRI CLIMATE PAB D,LU2059756598,ETFS,26/11/2019,Luxembourg,USD,MAIN MARKET,,ETFS,ETEU
ESRG,AMUNDI INDEX SOLUTIONS,AMUNDI MSCI EUROPE SRI CLIMATE PAB C,LU1861137484,ETFS,01/10/2019,Luxembourg,GBX,MAIN MARKET,,ETF2,EFEU
ESRU,AMUNDI INDEX SOLUTIONS,AMUNDI MSCI EUROPE SRI CLIMATE PAB C,LU1861137484,ETFS,01/10/2019,Luxembourg,USD,MAIN MARKET,,ETFS,ETEU
FT1K,AMUNDI INDEX SOLUTIONS,AMUNDI MSCI UK IMI SRI CLIMATE PAB - GBP,LU1437025296,ETFS,13/12/2016,Luxembourg,GBX,MAIN MARKET,,ETFS,ETEU
GAGG,AMUNDI INDEX SOLUTIONS,AMUNDI CORE GLOBAL AGGREGATE BOND ETF,LU1437024729,ETFS,29/06/2017,Luxembourg,GBX,MAIN MARKET,,ETFS,ETEN
GAGU,AMUNDI INDEX SOLUTIONS,AMUNDI CORE GLOBAL AGGRGATE BOND ETF,LU1437024729,ETFS,02/02/2021,Luxembourg,USD,MAIN MARKET,,ETF2,EFEU
GBBD,AMUNDI INDEX SOLUTIONS,AMUNDI CORE GBP CORPORATE BOND UCITS ETF,LU3122198321,ETFS,12/02/2026,Luxembourg,GBP,MAIN MARKET,,ETFS,ETEL
GCBH,AMUNDI INDEX SOLUTIONS,AMUNDI GLOBAL CORPORATE BOND 1-5Y H GBP,LU2780871237,ETFS,08/07/2025,Luxembourg,GBP,MAIN MARKET,,ETFS,ETEL
GCSG,AMUNDI INDEX SOLUTIONS,AMUNDI GLOBAL CORPORATE 1-5Y ESG GBP H,LU2382233182,ETFS,23/11/2021,Luxembourg,GBX,MAIN MARKET,,ETFS,ETEU
GGOV,AMUNDI INDEX SOLUTIONS,AMUNDI CORE GLOBAL GOVERNMENT BOND ETF A,LU1437016204,ETFS,29/06/2017,Luxembourg,GBX,MAIN MARKET,,ETFS,ETEU
GHYU,AMUNDI INDEX SOLUTIONS,AMUNDI GLOBAL HIGH YIELD CORPORATE ESG,LU2099295466,ETFS,13/02/2020,Luxembourg,USD,MAIN MARKET,,ETFS,ETEL
GOVG,AMUNDI INDEX SOLUTIONS,AMUNDI CORE GLOBAL GOV BOND ETF GBP H,LU2355200796,ETFS,27/07/2021,Luxembourg,GBX,MAIN MARKET,,ETFS,ETEU
GOVU,AMUNDI INDEX SOLUTIONS,AMUNDI CORE GLOBAL GOVERNMENT BOND ETF A,LU1437016204,ETFS,02/02/2021,Luxembourg,USD,MAIN MARKET,,ETF2,EFEU
GTBG,AMUNDI INDEX SOLUTIONS,AMUNDI GBL T BD UCITS ETF GBP HGD DIST,LU2977964027,ETFS,21/03/2025,Luxembourg,GBP,MAIN MARKET,,ETFS,ETEL
GXUH,AMUNDI INDEX SOLUTIONS,AMUNDI GLOBAL EX-US GOVERNMENT BOND ETFH,LU3254330601,ETFS,16/04/2026,Luxembourg,USD,MAIN MARKET,,ETFS,ETEL
GXUS,AMUNDI INDEX SOLUTIONS,AMUNDI GLOBAL EX-US GOVERNMENT BOND ETF,LU3254330437,ETFS,19/03/2026,Luxembourg,USD,MAIN MARKET,,ETFS,ETEL
IQCT,AMUNDI INDEX SOLUTIONS,AMUNDI MSCI SMART CITIES UCITS ETF ACC,LU2037748345,ETFS,25/04/2024,Luxembourg,USD,MAIN MARKET,,ETFS,ETEU
IQCY,AMUNDI INDEX SOLUTIONS,AMUNDI MSCI SMART CITIES UCITS ETF ACC,LU2037748345,ETFS,25/04/2024,Luxembourg,GBP,MAIN MARKET,,ETF2,EFEU
JARI,AMUNDI INDEX SOLUTIONS,AMUNDI MSCI JAPAN SRI CLIMATE PAB,LU2233156749,ETFS,11/02/2021,Luxembourg,GBX,MAIN MARKET,,ETFS,ETEU
JPHG,AMUNDI INDEX SOLUTIONS,AMUNDI NIK400 DH GBP,LU1681039308,ETFS,22/03/2018,Luxembourg,GBX,MAIN MARKET,,ETFS,ETEU
JPHU,AMUNDI INDEX SOLUTIONS,AMUNDI NIK400 DH USD,LU1681039217,ETFS,22/03/2018,Luxembourg,USD,MAIN MARKET,,ETFS,ETEU
JPX4,AMUNDI INDEX SOLUTIONS,AMUNDI MSCI JAPAN SRI CLIMATE PAB,LU2233156749,ETFS,18/11/2022,Luxembourg,USD,MAIN MARKET,,ETF2,EFEU
JPXU,AMUNDI INDEX SOLUTIONS,AMUNDI MSCI JAPAN SRI CLIMATE PAB H USD,LU1646359882,ETFS,22/09/2017,Luxembourg,USD,MAIN MARKET,,ETFS,ETEU
JPXX,AMUNDI INDEX SOLUTIONS,AMUNDI MSCI JAPAN SRI CLIMATE PAB H GBP,LU1646359619,ETFS,25/09/2017,Luxembourg,GBX,MAIN MARKET,,ETFS,ETEU
LCAL,AMUNDI INDEX SOLUTIONS,AMUNDI MSCI EM ASIA ESG BROAD TRANSITION,LU1781541849,ETFS,29/03/2018,Luxembourg,GBP,MAIN MARKET,,ETFS,ETEU
LCAS,AMUNDI INDEX SOLUTIONS,AMUNDI MSCI EM ASIA ESG BROAD TRANSITION,LU1781541849,ETFS,29/03/2018,Luxembourg,USD,MAIN MARKET,,ETF2,EFEU
LEMB,AMUNDI INDEX SOLUTIONS,AMUNDI USD EMERGING MKETS GOV BOND ETF,LU1686830909,ETFS,26/10/2018,Luxembourg,USD,MAIN MARKET,,ETFS,ETEU
LUXG,AMUNDI INDEX SOLUTIONS,AMUNDI GLOBAL LUXURY UCITS ETF USD ACC,LU1681048713,ETFS,31/01/2018,Luxembourg,GBX,MAIN MARKET,,ETF2,EFEU
LUXU,AMUNDI INDEX SOLUTIONS,AMUNDI GLOBAL LUXURY UCITS ETF USD ACC,LU1681048713,ETFS,31/01/2018,Luxembourg,USD,MAIN MARKET,,ETFS,ETEU
MEUD,AMUNDI INDEX SOLUTIONS,AMUNDI CORE STOXX EUROPE 600 ETF ACC,LU0908500753,ETFS,12/09/2013,Luxembourg,GBX,MAIN MARKET,,ETFS,ETEU
MEUH,AMUNDI INDEX SOLUTIONS,AMUNDI CORE STOXX EUROPE 600 ETF USD H,LU2873560564,ETFS,12/11/2024,Luxembourg,USD,MAIN MARKET,,ETFS,ETEU
MEUS,AMUNDI INDEX SOLUTIONS,AMUNDI CORE STOXX EUROPE 600 ETF ACC,LU0908500753,ETFS,05/11/2020,Luxembourg,USD,MAIN MARKET,,ETF2,EFEU
MFDD,AMUNDI INDEX SOLUTIONS,AMUNDI MSCI EMU ESG BROAD TRANSITION D,LU0908501132,ETFS,25/07/2018,Luxembourg,GBP,MAIN MARKET,,ETFS,ETEU
MIVO,AMUNDI INDEX SOLUTIONS,AMUNDI MSCI EUROPE MIN VOL FACTOR,LU1681041627,ETFS,18/04/2018,Luxembourg,GBX,MAIN MARKET,,ETFS,ETEU
MPXG,AMUNDI INDEX SOLUTIONS,AMUNDI MSCI PACIFIC EX JAPAN SRI PAB GBP,LU2469335298,ETFS,21/06/2022,Luxembourg,GBX,MAIN MARKET,,ETFS,ETEU
MSCW,AMUNDI INDEX SOLUTIONS,AMUNDI CORE MSCI WORLD SWAP ETF DIST,LU2572257124,ETFS,18/02/2025,Luxembourg,GBP,MAIN MARKET,,ETFS,ETEU
MSDG,AMUNDI INDEX SOLUTIONS,AMUNDI MSCI EMERGING MARKETS CLIMATE D,LU2059756754,ETFS,26/11/2019,Luxembourg,GBX,MAIN MARKET,,ETF2,EFEU
MSDU,AMUNDI INDEX SOLUTIONS,AMUNDI MSCI EMERGING MARKETS CLIMATE D,LU2059756754,ETFS,26/11/2019,Luxembourg,USD,MAIN MARKET,,ETFS,ETEU
MSED,AMUNDI INDEX SOLUTIONS,AMUNDI CORE EURO STOXX 50 UCITS ETF,LU1681047236,ETFS,22/09/2023,Luxembourg,GBX,MAIN MARKET,,ETFS,ETEL
MSET,AMUNDI INDEX SOLUTIONS,AMUNDI EURO STOXX 50 TARGET INCOME ETF,LU3299677271,ETFS,16/06/2026,Luxembourg,USD,MAIN MARKET,,ETFS,ETEU
MSRG,AMUNDI INDEX SOLUTIONS,AMUNDI MSCI EMERGING MARKETS CLIMATE -C,LU1861138961,ETFS,01/10/2019,Luxembourg,GBX,MAIN MARKET,,ETF2,EFEU
MSRU,AMUNDI INDEX SOLUTIONS,AMUNDI MSCI EMERGING MARKETS CLIMATE -C,LU1861138961,ETFS,01/10/2019,Luxembourg,USD,MAIN MARKET,,ETFS,ETEU
MTHG,AMUNDI INDEX SOLUTIONS,AMUNDI EU GOV BOND UCITS ETF GBP HEDG D,LU2891728078,ETFS,04/12/2024,Luxembourg,GBP,MAIN MARKET,,ETFS,ETEL
MTHU,AMUNDI INDEX SOLUTIONS,AMUNDI EU GOV BOND UCITS ETF USD HEDG AC,LU2891727930,ETFS,04/12/2024,Luxembourg,USD,MAIN MARKET,,ETFS,ETEL
MTXX,AMUNDI INDEX SOLUTIONS,AMUNDI CORE EURO GOVERNMENT BOND ETF,LU1437018598,ETFS,25/04/2024,Luxembourg,GBX,MAIN MARKET,,ETFS,ETEL
NSDT,AMUNDI INDEX SOLUTIONS,AMUNDI NASDAQ-100 TARGET INCOME ETF,LU3299677438,ETFS,16/06/2026,Luxembourg,USD,MAIN MARKET,,ETFS,ETEU
PR1T,AMUNDI INDEX SOLUTIONS,AMUNDI US TREASURY BOND 0-1Y ETF ACC,LU2182388665,ETFS,22/09/2020,Luxembourg,USD,MAIN MARKET,,ETFS,ETEU
PRAJ,AMUNDI INDEX SOLUTIONS,AMUNDI PRIME JAPAN - UCITS ETF DR (C),LU2089238385,ETFS,21/11/2024,Luxembourg,GBP,MAIN MARKET,,ETFS,ETEU
PRAM,AMUNDI INDEX SOLUTIONS,AM PRIME EMERGING MARKETS UCITS ETF DR,LU2300295123,ETFS,23/11/2021,Luxembourg,USD,MAIN MARKET,,ETFS,ETEU
PRAN,AMUNDI INDEX SOLUTIONS,AMUNDI PRIME EM UCITS ETF DR (C),LU2300295123,ETFS,12/12/2024,Luxembourg,GBP,MAIN MARKET,,ETF2,EFEU
PRHG,AMUNDI INDEX SOLUTIONS,AMUNDI PRIME GLOBAL GOVERNMEN GBP HEDGED,LU2977996904,ETFS,17/06/2025,Luxembourg,GBP,MAIN MARKET,,ETFS,ETEL
PRIC,AMUNDI INDEX SOLUTIONS,AMUNDI CORE EUR CORPORATE BOND ETF,LU1931975079,ETFS,14/03/2019,Luxembourg,GBX,MAIN MARKET,,ETFS,ETEU
PRIE,AMUNDI INDEX SOLUTIONS,AMUNDI PRIME EUROPE UCITS ETF DR (D),LU1931974262,ETFS,14/03/2019,Luxembourg,GBX,MAIN MARKET,,ETFS,ETEU
PRIG,AMUNDI INDEX SOLUTIONS,AMUNDI PRIME GLOBAL GOV BD UCITS ETF (D),LU1931975236,ETFS,14/03/2019,Luxembourg,GBX,MAIN MARKET,,ETFS,ETEU
PRIJ,AMUNDI INDEX SOLUTIONS,AMUNDI PRIME JAPAN UCITS ETF DR (D),LU1931974775,ETFS,14/03/2019,Luxembourg,GBX,MAIN MARKET,,ETFS,ETEU
PRIP,AMUNDI INDEX SOLUTIONS,AMUNDI CORE USD CORPORATE BOND ETF DIST,LU2037749152,ETFS,03/10/2019,Luxembourg,GBX,MAIN MARKET,,ETFS,ETEU
PRIR,AMUNDI INDEX SOLUTIONS,AMUNDI PRIME EURO GOVERNMENT BOND ETF,LU1931975152,ETFS,14/03/2019,Luxembourg,GBX,MAIN MARKET,,ETFS,ETEU
PRIT,AMUNDI INDEX SOLUTIONS,AMUNDI CORE US TREASURY BOND UCITS ETF,LU1931975319,ETFS,14/03/2019,Luxembourg,GBX,MAIN MARKET,,ETFS,ETEU
PRIZ,AMUNDI INDEX SOLUTIONS,AMUNDI PRIME EUROZONE UCITS ETF DR (D),LU1931974429,ETFS,14/03/2019,Luxembourg,GBX,MAIN MARKET,,ETFS,ETEU
PRJU,AMUNDI INDEX SOLUTIONS,AMUNDI PRIME JAPAN UCITS ETF DR JPY (D),LU1931974775,ETFS,23/02/2021,Luxembourg,USD,MAIN MARKET,,ETF2,EFEU
PRUB,AMUNDI INDEX SOLUTIONS,AMUNDI CORE USD CORPORATE BOND ETF GBP H,LU2621112452,ETFS,01/08/2023,Luxembourg,GBP,MAIN MARKET,,ETFS,ETEU
PRUC,AMUNDI INDEX SOLUTIONS,AMUNDI CORE USD CORPORATE BOND ETF DIST,LU2037749152,ETFS,03/10/2019,Luxembourg,USD,MAIN MARKET,,ETF2,EFEU
PRUK,AMUNDI INDEX SOLUTIONS,AMUNDI PRIME UK MIDSM CAP UCITS ETF DR D,LU2182388152,ETFS,21/07/2020,Luxembourg,GBX,MAIN MARKET,,ETFS,ETEU
RS2G,AMUNDI INDEX SOLUTIONS,AMUNDI RUSSELL 2000,LU1681038839,ETFS,22/03/2018,Luxembourg,GBX,MAIN MARKET,,ETF2,EFEU
RS2U,AMUNDI INDEX SOLUTIONS,AMUNDI RUSSELL 2000,LU1681038839,ETFS,22/03/2018,Luxembourg,USD,MAIN MARKET,,ETFS,ETEU
SADA,AMUNDI INDEX SOLUTIONS,AMUNDI MSCI EM ASIA SRI CLIMATE PARIS,LU2300294589,ETFS,19/10/2021,Luxembourg,USD,MAIN MARKET,,ETFS,ETEU
SRHE,AMUNDI INDEX SOLUTIONS,AMUNDI MSCI EMU SRI CLIMATE PARIS,LU2109787635,ETFS,19/10/2021,Luxembourg,GBX,MAIN MARKET,,ETFS,ETEU
TPHG,AMUNDI INDEX SOLUTIONS,AMUNDI JAPAN TOPIX DH GBP,LU1681038086,ETFS,18/04/2018,Luxembourg,GBX,MAIN MARKET,,ETFS,ETEU
TPHU,AMUNDI INDEX SOLUTIONS,AMUNDI JAPAN TOPIX DH USD,LU1681037948,ETFS,18/04/2018,Luxembourg,USD,MAIN MARKET,,ETFS,ETEU
TPXG,AMUNDI INDEX SOLUTIONS,AMUNDI JAPAN TOPIX UCITS ETF - JPY (C),LU1681037781,ETFS,18/04/2018,Luxembourg,GBX,MAIN MARKET,,ETF2,EFEU
TPXU,AMUNDI INDEX SOLUTIONS,AMUNDI JAPAN TOPIX UCITS ETF - JPY (C),LU1681037781,ETFS,18/04/2018,Luxembourg,USD,MAIN MARKET,,ETFS,ETEU
UCRP,AMUNDI INDEX SOLUTIONS,AMUNDI USD CORPORATE BOND ESG - (C),LU1806495575,ETFS,04/02/2020,Luxembourg,GBX,MAIN MARKET,,ETFS,ETEU
UHYC,AMUNDI INDEX SOLUTIONS,AMUNDI USD HIGH YIELD CORPORATE BOND C,LU1435356065,ETFS,08/09/2021,Luxembourg,USD,MAIN MARKET,,ETFS,ETEL
UHYG,AMUNDI INDEX SOLUTIONS,AMUNDI USD HIGH YIELD CORPORATE BOND D,LU1435356149,ETFS,27/10/2016,Luxembourg,GBP,MAIN MARKET,,ETF2,EFEL
USHY,AMUNDI INDEX SOLUTIONS,AMUNDI USD HIGH YIELD CORPORATE BOND D,LU1435356149,ETFS,27/10/2016,Luxembourg,USD,MAIN MARKET,,ETFS,ETEL
USIC,AMUNDI INDEX SOLUTIONS,AMUNDI USD CORPORATE BOND CLIMATE PAB C,LU1285959885,ETFS,16/09/2021,Luxembourg,USD,MAIN MARKET,,ETFS,ETEU
USIG,AMUNDI INDEX SOLUTIONS,AMUNDI USD CORPORATE BOND CLIMATE PAB D,LU1285959703,ETFS,25/09/2015,Luxembourg,USD,MAIN MARKET,,ETFS,ETEU
USIX,AMUNDI INDEX SOLUTIONS,AMUNDI USD CORPORATE BOND CLIMATE PAB D,LU1285959703,ETFS,25/09/2015,Luxembourg,GBX,MAIN MARKET,,ETF2,EFEU
YIEL,AMUNDI INDEX SOLUTIONS,AMUNDI EUR HIGH YIELD CORPORATE BOND DIS,LU1812090543,ETFS,26/10/2018,Luxembourg,EUR,MAIN MARKET,,ETFS,ETEL
ARCG,ARK INVEST UCITS ICAV,ARK GENOMIC REVOLUTION UCITS ETF,IE000O5M6XO1,ETFS,19/04/2024,Ireland,GBX,MAIN MARKET,,ETF2,ETMU
ARCI,ARK INVEST UCITS ICAV,ARK ARTIFICIAL INTELLIGENCE & ROBOTICS,IE0003A512E4,ETFS,19/04/2024,Ireland,GBX,MAIN MARKET,,ETF2,ETMU
ARCK,ARK INVEST UCITS ICAV,ARK INNOVATION UCITS ETF,IE000GA3D489,ETFS,19/04/2024,Ireland,GBX,MAIN MARKET,,ETF2,ETMU
ARCX,ARK INVEST UCITS ICAV,ARK SPACE & DEFENCE INNOVATION UCITS ETF,IE000AON7ET1,ETFS,04/11/2025,Ireland,GBX,MAIN MARKET,,ETF2,ETMU
ARKG,ARK INVEST UCITS ICAV,ARK GENOMIC REVOLUTION UCITS ETF,IE000O5M6XO1,ETFS,19/04/2024,Ireland,USD,MAIN MARKET,,ETFS,ETEA
ARKI,ARK INVEST UCITS ICAV,ARK ARTIFICIAL INTELLIGENCE & ROBOTICS,IE0003A512E4,ETFS,19/04/2024,Ireland,USD,MAIN MARKET,,ETFS,ETEA
ARKK,ARK INVEST UCITS ICAV,ARK INNOVATION UCITS ETF,IE000GA3D489,ETFS,19/04/2024,Ireland,USD,MAIN MARKET,,ETFS,ETEA
ARKX,ARK INVEST UCITS ICAV,ARK SPACE & DEFENCE INNOVATION UCITS ETF,IE000AON7ET1,ETFS,04/11/2025,Ireland,USD,MAIN MARKET,,ETFS,ETEA
BRIK,ARK INVEST UCITS ICAV,RIZE GLOBAL SUSTAINABLE INFRASTRUCTURE,IE000QUCVEN9,ETFS,29/08/2023,Ireland,GBX,MAIN MARKET,,ETF2,EFEU
CIRC,ARK INVEST UCITS ICAV,RIZE CIRCULAR ECONOMY ENABLERS UCITS ETF,IE000RMSPY39,ETFS,31/05/2023,Ireland,GBX,MAIN MARKET,,ETF2,EFEU
CYBP,ARK INVEST UCITS ICAV,RIZE CYBER SEC & DATA PRIVACY UCITS ETF,IE00BJXRZJ40,ETFS,17/02/2020,Ireland,GBX,MAIN MARKET,,ETF2,EFEU
CYBR,ARK INVEST UCITS ICAV,RIZE CYBER SEC & DATA PRIVACY UCITS ETF,IE00BJXRZJ40,ETFS,17/02/2020,Ireland,USD,MAIN MARKET,,ETFS,ETEU
CYCL,ARK INVEST UCITS ICAV,RIZE CIRCULAR ECONOMY ENABLERS UCITS ETF,IE000RMSPY39,ETFS,31/05/2023,Ireland,USD,MAIN MARKET,,ETFS,ETEU
FOGB,ARK INVEST UCITS ICAV,RIZE SUS FUTURE OF FOOD UCITS ETF,IE00BLRPQH31,ETFS,03/09/2020,Ireland,GBX,MAIN MARKET,,ETF2,EFEU
FOOD,ARK INVEST UCITS ICAV,RIZE SUS FUTURE OF FOOD UCITS ETF,IE00BLRPQH31,ETFS,03/09/2020,Ireland,USD,MAIN MARKET,,ETFS,ETEU
LIFE,ARK INVEST UCITS ICAV,RIZE ENVIRONMENTAL IMPACT 100 UCITS ETF,IE00BLRPRR04,ETFS,23/07/2021,Ireland,USD,MAIN MARKET,,ETFS,ETEU
LUSA,ARK INVEST UCITS ICAV,RIZE USA ENVIRONMENTAL IMPACT UCITS ETF,IE000PY7F8J9,ETFS,29/08/2023,Ireland,USD,MAIN MARKET,,ETFS,ETEU
LVNG,ARK INVEST UCITS ICAV,RIZE ENVIRONMENTAL IMPACT 100 UCITS ETF,IE00BLRPRR04,ETFS,23/07/2021,Ireland,GBX,MAIN MARKET,,ETF2,EFEU
NFRA,ARK INVEST UCITS ICAV,RIZE GLOBAL SUSTAINABLE INFRASTRUCTURE,IE000QUCVEN9,ETFS,29/08/2023,Ireland,USD,MAIN MARKET,,ETFS,ETEU
UVNG,ARK INVEST UCITS ICAV,RIZE USA ENVIRONMENTAL IMPACT UCITS ETF,IE000PY7F8J9,ETFS,29/08/2023,Ireland,GBX,MAIN MARKET,,ETF2,EFEU
ACE2,BNP PARIBAS EASY,BNPP EASY ESG ENHNCD EUR CB DEC 2032,LU2823895847,ETFS,04/11/2025,Luxembourg,EUR,MAIN MARKET,,EUET,UEA2
ACED,BNP PARIBAS EASY,BNPP EASY ESG ENHANCED EUR CORP BOND,LU2697596745,ETFS,08/10/2025,Luxembourg,EUR,MAIN MARKET,,EUET,UEA2
AEGB,BNP PARIBAS EASY,ALPHA ENHANCED EUROPE,LU2993402101,ETFS,05/02/2026,Luxembourg,GBP,MAIN MARKET,,EUE2,UEA4
AEUR,BNP PARIBAS EASY,BNPP EASY ALPHA ENHANCED EUROPE,LU2993402101,ETFS,04/11/2025,Luxembourg,EUR,MAIN MARKET,,EUET,UEA2
BLGB,BNP PARIBAS EASY,ECPI GLOBAL ESG HYDROGEN ECONOMY,LU2533813023,ETFS,05/02/2026,Luxembourg,GBP,MAIN MARKET,,EUE2,UE2C
BLUS,BNP PARIBAS EASY,BNPP EASY ECPI GLOBAL ESG BLUE ECONOMY,LU2533813296,ETFS,08/10/2025,Luxembourg,USD,MAIN MARKET,,EUET,UET3
C7GB,BNP PARIBAS EASY,EUR CORP BOND SRI PAB 7-10Y,LU2742532828,ETFS,05/02/2026,Luxembourg,GBP,MAIN MARKET,,EUE2,UE2C
CHNA,BNP PARIBAS EASY,BNP PARIBAS EASY MSCI CHINA MIN TE,LU2314312922,ETFS,28/05/2026,Luxembourg,USD,MAIN MARKET,,EUET,UET7
CNGB,BNP PARIBAS EASY,BNP PARIBAS EASY MSCI CHINA MIN TE,LU2314312922,ETFS,28/05/2026,Luxembourg,GBP,MAIN MARKET,,EUE2,UE2G
CSGB,BNP PARIBAS EASY,EUR OVERNIGHT,LU3025345516,ETFS,05/02/2026,Luxembourg,GBP,MAIN MARKET,,EUE2,UE2K
CSHE,BNP PARIBAS EASY,BNPP EASY € OVERNIGHT,LU3025345516,ETFS,04/11/2025,Luxembourg,EUR,MAIN MARKET,,EUET,UETY
DCGB,BNP PARIBAS EASY,USD CORP BOND SRI FOSSIL FREE,LU2616774076,ETFS,05/02/2026,Luxembourg,GBP,MAIN MARKET,,EUE2,UE2G
EBGB,BNP PARIBAS EASY,JPM ESG EMBI GLOBAL DIVERSIFIED COMP,LU1547515053,ETFS,05/02/2026,Luxembourg,GBP,MAIN MARKET,,EUE2,UE2C
EEGB,BNP PARIBAS EASY,BNP PARIBAS EASY MSCI EUROPE MIN TE,LU1291099718,ETFS,28/05/2026,Luxembourg,GBP,MAIN MARKET,,EUE2,UE2G
EEMK,BNP PARIBAS EASY,BNP PARIBAS EASY MSCI EMERGING MIN TE,LU1291097779,ETFS,21/04/2026,Luxembourg,EUR,MAIN MARKET,,EUET,UET7
EEMU,BNP PARIBAS EASY,BNP PARIBAS EASY MSCI EMU MIN TE,LU1291098827,ETFS,28/05/2026,Luxembourg,EUR,MAIN MARKET,,EUET,UET7
EEUE,BNP PARIBAS EASY,BNP PARIBAS EASY MSCI EUROPE MIN TE,LU1291099718,ETFS,28/05/2026,Luxembourg,EUR,MAIN MARKET,,EUET,UET7
EGBD,BNP PARIBAS EASY,BNPP EASY ESG ENHANCED EUR GOV BOND,LU2697597552,ETFS,04/11/2025,Luxembourg,EUR,MAIN MARKET,,EUET,UEA2
EJAG,BNP PARIBAS EASY,BNPP EASY MSCI JAPAN MIN TE,LU3125583602,ETFS,14/10/2025,Luxembourg,GBP,MAIN MARKET,,EUET,UET3
EJAP,BNP PARIBAS EASY,BNPP EASY MSCI JAPAN MIN TE,LU2800573128,ETFS,08/10/2025,Luxembourg,USD,MAIN MARKET,,EUET,UET3
EJGB,BNP PARIBAS EASY,MSCI JAPAN MIN TE,LU2800573128,ETFS,05/02/2026,Luxembourg,GBP,MAIN MARKET,,EUE2,UE2C
EKGB,BNP PARIBAS EASY,BNP PARIBAS EASY MSCI EMERGING MIN TE,LU1291097779,ETFS,21/04/2026,Luxembourg,GBP,MAIN MARKET,,EUE2,UE2G
EMBG,BNP PARIBAS EASY,BNPP EASY JPM SCREEN EMBI GLOB COMPO,LU2868144093,ETFS,08/10/2025,Luxembourg,GBP,MAIN MARKET,,EUET,UET3
EMBI,BNP PARIBAS EASY,BNPP EASY JPM SCREEN EMBI GLOB COMPO,LU1547515053,ETFS,08/10/2025,Luxembourg,USD,MAIN MARKET,,EUET,UET3
EMWE,BNP PARIBAS EASY,BNPP EASY MSCI WORLD SRI PAB,LU1615092217,ETFS,08/10/2025,Luxembourg,EUR,MAIN MARKET,,EUET,UET3
ENAM,BNP PARIBAS EASY,BNP PARIBAS EASY MSCI USA MIN TE,LU1291104575,ETFS,21/04/2026,Luxembourg,EUR,MAIN MARKET,,EUET,UET7
EPEJ,BNP PARIBAS EASY,BNPP EASY MSCI PACIFIC EX JAPAN MIN TE,LU1291106356,ETFS,28/05/2026,Luxembourg,EUR,MAIN MARKET,,EUET,UET7
EPGB,BNP PARIBAS EASY,BNPP EASY MSCI PACIFIC EX JAPAN MIN TE,LU1291106356,ETFS,28/05/2026,Luxembourg,GBP,MAIN MARKET,,EUE2,UE2G
G10G,BNP PARIBAS EASY,JPM TILTED EMU GOVERNMENT BOND IG 10Y+,LU2742533636,ETFS,05/02/2026,Luxembourg,GBP,MAIN MARKET,,EUE2,UE2C
GOV1,BNP PARIBAS EASY,BNPP EASY JPM TILTED EMU GOV BD IG 10Y+,LU2742533636,ETFS,08/10/2025,Luxembourg,EUR,MAIN MARKET,,EUET,UET3
GUAR,BNP PARIBAS EASY,BNPP EASY BLOOMBERG EUROPE DEFENSE,LU3047998896,ETFS,04/11/2025,Luxembourg,EUR,MAIN MARKET,,EUET,UET7
GUGB,BNP PARIBAS EASY,BLOOMBERG EUROPE DEFENSE,LU3047998896,ETFS,05/02/2026,Luxembourg,GBP,MAIN MARKET,,EUE2,UE2G
H2GB,BNP PARIBAS EASY,ECPI GLOBAL ESG BLUE ECONOMY,LU2533813296,ETFS,05/02/2026,Luxembourg,GBP,MAIN MARKET,,EUE2,UE2C
HYDU,BNP PARIBAS EASY,BNPP EASY ECPI GLOBAL ESG HYDROGEN ECONO,LU2533813023,ETFS,08/10/2025,Luxembourg,USD,MAIN MARKET,,EUET,UET3
LCEU,BNP PARIBAS EASY,BNPP EASY LOW CARBON 100 EUROPE PAB,LU1377382368,ETFS,08/10/2025,Luxembourg,EUR,MAIN MARKET,,EUET,UET3
LCGB,BNP PARIBAS EASY,EASY LOW CARBON 100 EUROPE PAB,LU1377382368,ETFS,05/02/2026,Luxembourg,GBP,MAIN MARKET,,EUE2,UE2C
MUGB,BNP PARIBAS EASY,BNP PARIBAS EASY MSCI EMU MIN TE,LU1291098827,ETFS,28/05/2026,Luxembourg,GBP,MAIN MARKET,,EUE2,UE2G
QCGB,BNP PARIBAS EASY,ALPHA ENHANCED USD CORP BOND,LU2993397939,ETFS,05/02/2026,Luxembourg,GBP,MAIN MARKET,,EUE2,UEA4
QEGB,BNP PARIBAS EASY,ALPHA ENHANCED EUR CORP BOND,LU2993394241,ETFS,05/02/2026,Luxembourg,GBP,MAIN MARKET,,EUE2,UEA4
QEIG,BNP PARIBAS EASY,BNPP EASY ALPHA ENHANCED € CORP BOND,LU2993394241,ETFS,04/11/2025,Luxembourg,EUR,MAIN MARKET,,EUET,UEA2
QGHY,BNP PARIBAS EASY,BNPP EASY ALPHA ENHANCED GLOB HIGH YIELD,LU2993401392,ETFS,04/11/2025,Luxembourg,USD,MAIN MARKET,,EUET,UEA2
QHGB,BNP PARIBAS EASY,ALPHA ENHANCED GLOB HIGH YIELD,LU2993401392,ETFS,05/02/2026,Luxembourg,GBP,MAIN MARKET,,EUE2,UEA4
QUIG,BNP PARIBAS EASY,BNPP EASY ALPHA ENHANCED USD CORP BOND,LU2993397939,ETFS,04/11/2025,Luxembourg,USD,MAIN MARKET,,EUET,UEA2
SPTG,BNP PARIBAS EASY,S&P 500 II,LU2993390504,ETFS,05/02/2026,Luxembourg,GBP,MAIN MARKET,,EUE2,UE2K
SPTR,BNP PARIBAS EASY,BNPP EASY S&P 500 II,LU2993390504,ETFS,04/11/2025,Luxembourg,USD,MAIN MARKET,,EUET,UETY
SRC7,BNP PARIBAS EASY,BNPP EASY € CORP BOND SRI PAB 7-10Y,LU2742532828,ETFS,08/10/2025,Luxembourg,EUR,MAIN MARKET,,EUET,UET3
SRUC,BNP PARIBAS EASY,BNPP EASY € CORP SRI FFREE ULTRA DURAT,LU2533812058,ETFS,08/10/2025,Luxembourg,EUR,MAIN MARKET,,EUET,UET3
UAGB,BNP PARIBAS EASY,BNP PARIBAS EASY MSCI USA MIN TE,LU1291104575,ETFS,21/04/2026,Luxembourg,GBP,MAIN MARKET,,EUE2,UE2G
UCGB,BNP PARIBAS EASY,CORP BOND SRI FOSSIL FREE UD,LU2533812058,ETFS,05/02/2026,Luxembourg,GBP,MAIN MARKET,,EUE2,UE2C
USCB,BNP PARIBAS EASY,BNPP EASY USD CORP BOND SRI FOSSIL FREE,LU2616774076,ETFS,04/11/2025,Luxembourg,USD,MAIN MARKET,,EUET,UET7
WSGB,BNP PARIBAS EASY,MSCI WORLD SRI PAB,LU1615092217,ETFS,05/02/2026,Luxembourg,GBP,MAIN MARKET,,EUE2,UE2C
AJAS,BNP PARIBAS EASY ICAV,BNPP ESG ENHANCED JAPAN UCITS ETF,IE000YARBD10,ETFS,10/07/2025,Ireland,EUR,MAIN MARKET,,EUET,UEA2
AUSS,BNP PARIBAS EASY ICAV,BNPP ESG ENHANCED US UCITS ETF,IE000130VPV5,ETFS,10/07/2025,Ireland,USD,MAIN MARKET,,EUET,UEA2
AWDS,BNP PARIBAS EASY ICAV,BNPP ESG ENHANCED WORLD UCITS ETF,IE000629MKR4,ETFS,10/07/2025,Ireland,USD,MAIN MARKET,,EUET,UEA2
ENGU,BNP PARIBAS EASY ICAV,BNPP EASY ECPI ESG INFRA UCITS ETF,IE0006O3TTP9,ETFS,01/10/2024,Ireland,USD,MAIN MARKET,,EUET,UET3
GRCT,BNP PARIBAS EASY ICAV,BNPP FTSE NAREIT GLOB DVP CTB UCITS ETF,IE0007YP0PL1,ETFS,10/07/2025,Ireland,EUR,MAIN MARKET,,EUET,UET3
GRGB,BNP PARIBAS EASY ICAV,FTSE EPRA GLOB DVP CTB UCITS ETF,IE0007YP0PL1,ETFS,05/02/2026,Ireland,GBP,MAIN MARKET,,EUE2,UE2G
INGB,BNP PARIBAS EASY ICAV,ECPI GLOBAL ESG INFRASTRUCTURE UCITS ETF,IE0006O3TTP9,ETFS,05/02/2026,Ireland,GBP,MAIN MARKET,,EUE2,UE2G
PAAC,BNP PARIBAS EASY ICAV,BNP PARIBAS EASY MSCI ACWI MIN TE UCITS,IE000WQ5O293,ETFS,01/10/2024,Ireland,USD,MAIN MARKET,,EUET,UET3
PAGB,BNP PARIBAS EASY ICAV,MSCI ACWI MIN TE UCITS ETF,IE000WQ5O293,ETFS,05/02/2026,Ireland,GBP,MAIN MARKET,,EUE2,UE2G
QGGB,BNP PARIBAS EASY ICAV,ALPHA ENHANCED WORLD UCITS ETF,IE0009WYJCP8,ETFS,05/02/2026,Ireland,GBP,MAIN MARKET,,EUE2,UEA4
QGLO,BNP PARIBAS EASY ICAV,BNPP ALPHA ENHANCED WORLD UCITS ETF,IE0009WYJCP8,ETFS,04/11/2025,Ireland,USD,MAIN MARKET,,EUET,UEA2
QUGB,BNP PARIBAS EASY ICAV,ALPHA ENHANCED US UCITS ETF,IE000V3AQGW3,ETFS,05/02/2026,Ireland,GBP,MAIN MARKET,,EUE2,UEA4
QUSA,BNP PARIBAS EASY ICAV,BNPP ALPHA ENHANCED US UCITS ETF,IE000V3AQGW3,ETFS,04/11/2025,Ireland,USD,MAIN MARKET,,EUET,UEA2
S5GB,BNP PARIBAS EASY ICAV,S&P 500 SCORED AND SCREENED UCITS ETF,IE0000VX9GN7,ETFS,05/02/2026,Ireland,GBP,MAIN MARKET,,EUE2,UE2K
SPUS,BNP PARIBAS EASY ICAV,BNPP EASY S&P 500 SS UCITS ETF,IE0000VX9GN7,ETFS,01/10/2024,Ireland,USD,MAIN MARKET,,EUET,UET3
UMGB,BNP PARIBAS EASY ICAV,MSCI USA SMALL CAP MIN TE UCITS ETF,IE000ZME9TM4,ETFS,05/02/2026,Ireland,GBP,MAIN MARKET,,EUE2,UE2G
USSM,BNP PARIBAS EASY ICAV,BNPP MSCI USA SMALL CAP MIN TE UCITS ETF,IE000ZME9TM4,ETFS,04/11/2025,Ireland,USD,MAIN MARKET,,EUET,UET7
WEWE,BNP PARIBAS EASY ICAV,BNPP MSCI WORLD EQUAL WEIGHT UCITS ETF,IE000ALI2E45,ETFS,04/11/2025,Ireland,USD,MAIN MARKET,,EUET,UET7
WMGB,BNP PARIBAS EASY ICAV,MSCI WORLD MIN TE UCITS ETF,IE0008FB2WZ1,ETFS,05/02/2026,Ireland,GBP,MAIN MARKET,,EUE2,UE2G
WMTE,BNP PARIBAS EASY ICAV,BNPP EASY MSCI WORLD MIN TE UCITS ETF,IE0008FB2WZ1,ETFS,01/10/2024,Ireland,USD,MAIN MARKET,,EUET,UET3
WWGB,BNP PARIBAS EASY ICAV,MSCI WORLD EQUAL WEIGHT SELECT UCITS ETF,IE000ALI2E45,ETFS,05/02/2026,Ireland,GBP,MAIN MARKET,,EUE2,UE2G
QRDE,COLUMBIA THREADNEEDLE (IRL) ICAV,CT EUROPEAN EQUITY ACTIVE UCITS ETF INC,IE000KXM3O48,ETFS,12/03/2026,Ireland,GBP,MAIN MARKET,,EUE2,UEA4
QRDG,COLUMBIA THREADNEEDLE (IRL) ICAV,CT GLOBAL EQUITY ACTIVE UCITS ETF INC,IE000UL7AOT5,ETFS,12/03/2026,Ireland,GBP,MAIN MARKET,,EUE2,UEA4
QRDU,COLUMBIA THREADNEEDLE (IRL) ICAV,CT US EQUITY ACTIVE UCITS ETF INC,IE000SWYZ0D5,ETFS,12/03/2026,Ireland,GBP,MAIN MARKET,,EUE2,UEA4
QRED,COLUMBIA THREADNEEDLE (IRL) ICAV,CT EUROPEAN EQUITY ACTIVE UCITS ETF INC,IE000KXM3O48,ETFS,12/03/2026,Ireland,EUR,MAIN MARKET,,EUET,UEA2
QREG,COLUMBIA THREADNEEDLE (IRL) ICAV,CT GLOBAL EQUITY ACTIVE UCITS ETF ACC,IE000M07S996,ETFS,13/02/2026,Ireland,GBP,MAIN MARKET,,EUE2,UEA4
QREU,COLUMBIA THREADNEEDLE (IRL) ICAV,CT EUROPEAN EQUITY ACTIVE UCITS ETF ACC,IE000SA19OL0,ETFS,19/12/2025,Ireland,EUR,MAIN MARKET,,EUET,UEA2
QRGD,COLUMBIA THREADNEEDLE (IRL) ICAV,CT GLOBAL EQUITY ACTIVE UCITS ETF INC,IE000UL7AOT5,ETFS,12/03/2026,Ireland,USD,MAIN MARKET,,EUET,UEA2
QRGE,COLUMBIA THREADNEEDLE (IRL) ICAV,CT GLOBAL EQUITY ACTIVE UCITS ETF ACC,IE000M07S996,ETFS,13/02/2026,Ireland,USD,MAIN MARKET,,EUET,UEA2
QRSU,COLUMBIA THREADNEEDLE (IRL) ICAV,CT US EQUITY ACTIVE UCITS ETF ACC,IE000953I6Z4,ETFS,19/12/2025,Ireland,GBP,MAIN MARKET,,EUE2,UEA4
QRUD,COLUMBIA THREADNEEDLE (IRL) ICAV,CT US EQUITY ACTIVE UCITS ETF INC,IE000SWYZ0D5,ETFS,12/03/2026,Ireland,USD,MAIN MARKET,,EUET,UEA2
QRUE,COLUMBIA THREADNEEDLE (IRL) ICAV,CT EUROPEAN EQUITY ACTIVE UCITS ETF ACC,IE000SA19OL0,ETFS,19/12/2025,Ireland,GBP,MAIN MARKET,,EUE2,UEA4
QRUS,COLUMBIA THREADNEEDLE (IRL) ICAV,CT US EQUITY ACTIVE UCITS ETF ACC,IE000953I6Z4,ETFS,19/12/2025,Ireland,USD,MAIN MARKET,,EUET,UEA2
EBGA,CONNECT ETFS ICAV,CO EURIZON SLJ EM BOND SI ETF - GBPH ACC,IE000356FN00,ETFS,14/01/2025,Ireland,GBP,MAIN MARKET,,EUET,UEA2
EBGD,CONNECT ETFS ICAV,CO EURIZON SLJ EM BOND SI ETF - GBPH DIS,IE000U8A7X11,ETFS,14/01/2025,Ireland,GBP,MAIN MARKET,,EUET,UEA2
EBUA,CONNECT ETFS ICAV,CO EURIZON SLJ EM BOND SI ETF - USD ACC,IE000AM06QU6,ETFS,14/01/2025,Ireland,USD,MAIN MARKET,,EUET,UEA2
EBUD,CONNECT ETFS ICAV,CO EURIZON SLJ EM BOND SI ETF - USD DIS,IE000Y36NRJ2,ETFS,14/01/2025,Ireland,USD,MAIN MARKET,,EUET,UEA2
M30,CONNECT ETFS ICAV,CO EURIZON SLJ EM EQUITY M30 ETF - USD,IE000VMDRT50,ETFS,02/04/2026,Ireland,USD,MAIN MARKET,,EUET,UEA2
M30E,CONNECT ETFS ICAV,CO EURIZON SLJ EM EQUITY M30 ETF - EUR,IE000MCQF2X3,ETFS,02/04/2026,Ireland,EUR,MAIN MARKET,,EUET,UEA2
M30G,CONNECT ETFS ICAV,CO EURIZON SLJ EM EQUITY M30 ETF - GBP,IE0002TF35X3,ETFS,02/04/2026,Ireland,GBP,MAIN MARKET,,EUET,UEA2
DDGC,DIMENSIONAL FUNDS ICAV,DIMENSIONAL-GLOBAL CORE EQUITY UCITS ETF,IE000EGGFVG6,ETFS,14/11/2025,Ireland,USD,MAIN MARKET,,EUET,UEA2
DDGT,DIMENSIONAL FUNDS ICAV,DIMENSIONAL-GLBL TARGETED VAL UCITS ETF,IE000S67ID55,ETFS,14/11/2025,Ireland,USD,MAIN MARKET,,EUET,UEA2
DDUM,DIMENSIONAL FUNDS ICAV,DIMENSIONAL US CORE EQ MKT UCITS ETF,IE000XKK4AV2,ETFS,20/03/2026,Ireland,USD,MAIN MARKET,,EUET,UEA2
DDXM,DIMENSIONAL FUNDS ICAV,DIMENSIONAL GLBL EX US CORE EQ MKT U ETF,IE0002YHUWS3,ETFS,20/03/2026,Ireland,USD,MAIN MARKET,,EUET,UEA2
DPGC,DIMENSIONAL FUNDS ICAV,DIMENSIONAL-GLOBAL CORE EQUITY UCITS ETF,IE000EGGFVG6,ETFS,14/11/2025,Ireland,GBP,MAIN MARKET,,EUE2,UEA4
DPGT,DIMENSIONAL FUNDS ICAV,DIMENSIONAL-GLBL TARGETED VAL UCITS ETF,IE000S67ID55,ETFS,14/11/2025,Ireland,GBP,MAIN MARKET,,EUE2,UEA4
DPUM,DIMENSIONAL FUNDS ICAV,DIMENSIONAL US CORE EQ MKT UCITS ETF,IE000XKK4AV2,ETFS,20/03/2026,Ireland,GBP,MAIN MARKET,,EUE2,UEA4
DPXM,DIMENSIONAL FUNDS ICAV,DIMENSIONAL GLBL EX US CORE EQ MKT U ETF,IE0002YHUWS3,ETFS,20/03/2026,Ireland,GBP,MAIN MARKET,,EUE2,UEA4
BGX,EXPAT ASSET MANAGEMENT EAD,EXPAT BULGARIA SOFIX UCITS ETF,BG9000011163,ETFS,06/09/2018,Bulgaria,EUR,MAIN MARKET,,ETFS,ETEN
FEMD,FIDELITY UCITS ICAV,FIDELITY EM QUAL INCOME UCITS ETF - INC,IE00BYSX4739,ETFS,11/09/2019,Ireland,GBP,MAIN MARKET,,EUE2,UE2A
FEME,FIDELITY UCITS ICAV,FIDELITY EM QUAL INCOME UCITS ETF - INC,IE00BYSX4739,ETFS,11/09/2019,Ireland,USD,MAIN MARKET,,EUET,UET1
FEMI,FIDELITY UCITS ICAV,EM QUALITY INCOME UCITS USD ACC,IE00BYSX4846,ETFS,01/11/2017,Ireland,USD,MAIN MARKET,,EUET,UET3
FEMQ,FIDELITY UCITS ICAV,EM QUALITY INCOME UCITS GBP ACC,IE00BYSX4846,ETFS,01/11/2017,Ireland,GBP,MAIN MARKET,,EUE2,UE2C
FEMR,FIDELITY UCITS ICAV,FIDELITY EM EQ RESEARCH ENHANCED ETF ACC,IE00BLRPN388,ETFS,26/11/2020,Ireland,USD,MAIN MARKET,,EUET,UEA2
FEMS,FIDELITY UCITS ICAV,FIDELITY EM EQ RESEARCH ENHANCED ETF ACC,IE00BLRPN388,ETFS,26/11/2020,Ireland,GBP,MAIN MARKET,,EUE2,UEA4
FEQD,FIDELITY UCITS ICAV,EUROPE QUALITY INCOME UCITS GBP ACC,IE00BYSX4283,ETFS,01/11/2017,Ireland,GBP,MAIN MARKET,,EUET,UETY
FEQP,FIDELITY UCITS ICAV,EUROPE QUALITY INCOME UCITS GBP ACC HED,IE00BYSX4408,ETFS,01/12/2017,Ireland,GBP,MAIN MARKET,,EUET,UETY
FEUI,FIDELITY UCITS ICAV,FIDELITY EUROPE QUAL INC UCITS ETF - INC,IE00BYSX4176,ETFS,11/09/2019,Ireland,GBP,MAIN MARKET,,EUET,UET5
FEUR,FIDELITY UCITS ICAV,FIDELITY EU EQ RESEARCH ENHANCED ETF ACC,IE00BKSBGT50,ETFS,03/06/2020,Ireland,GBP,MAIN MARKET,,EUET,UETY
FFLC,FIDELITY UCITS ICAV,FIL US FUND LARGE CAP CORE UCITS ETF ACC,IE000IY9QFN9,ETFS,04/09/2025,Ireland,USD,MAIN MARKET,,EUET,UEA2
FFLP,FIDELITY UCITS ICAV,FIL US FUND LARGE CAP CORE UCITS ETF ACC,IE000IY9QFN9,ETFS,04/09/2025,Ireland,GBP,MAIN MARKET,,EUE2,UEA4
FFS1,FIDELITY UCITS ICAV,FIL US FUND SMID UCITS ETF ACC,IE000PNL0242,ETFS,04/09/2025,Ireland,GBP,MAIN MARKET,,EUE2,UEA4
FFSM,FIDELITY UCITS ICAV,FIL US FUND SMID UCITS ETF ACC,IE000PNL0242,ETFS,04/09/2025,Ireland,USD,MAIN MARKET,,EUET,UEA2
FGL1,FIDELITY UCITS ICAV,FIDELITY GL QUALITY VALUE UCITS ETF - A,IE0002XFS025,ETFS,06/12/2024,Ireland,GBP,MAIN MARKET,,EUE2,UE2C
FGLR,FIDELITY UCITS ICAV,FIDELITY GL EQ RESEARCH ENHANCED ETF ACC,IE00BKSBGV72,ETFS,03/06/2020,Ireland,USD,MAIN MARKET,,EUET,UETY
FGLS,FIDELITY UCITS ICAV,FIDELITY GL EQ RESEARCH ENHANCED ETF ACC,IE00BKSBGV72,ETFS,03/06/2020,Ireland,GBP,MAIN MARKET,,EUE2,UE2K
FGLV,FIDELITY UCITS ICAV,FIDELITY GL QUALITY VALUE UCITS ETF - A,IE0002XFS025,ETFS,06/12/2024,Ireland,USD,MAIN MARKET,,EUET,UET3
FGQD,FIDELITY UCITS ICAV,GLOBAL QUALITY INCOME UCITS ETF GBP INC,IE00BYXVGZ48,ETFS,03/04/2017,Ireland,GBX,MAIN MARKET,,EUE2,UE2K
FGQI,FIDELITY UCITS ICAV,GLOBAL QUALITY INCOME UCITS ETF USD INC,IE00BYXVGZ48,ETFS,03/04/2017,Ireland,USD,MAIN MARKET,,EUET,UETY
FGQP,FIDELITY UCITS ICAV,GLOBAL QUALITY INCOME UCITS GBPACC HED,IE00BYV1YF22,ETFS,01/12/2017,Ireland,GBP,MAIN MARKET,,EUET,UETY
FJPR,FIDELITY UCITS ICAV,FIDELITY JP EQ RESEARCH ENHANCED ETF ACC,IE00BNGFMX61,ETFS,07/12/2020,Ireland,USD,MAIN MARKET,,EUET,UEA2
FJPS,FIDELITY UCITS ICAV,FIDELITY JP EQ RESEARCH ENHANCED ETF ACC,IE00BNGFMX61,ETFS,07/12/2020,Ireland,GBP,MAIN MARKET,,EUE2,UEA4
FPXR,FIDELITY UCITS ICAV,FIDELITY PJ EQ RESEARCH ENHANCED ETF ACC,IE00BNGFMY78,ETFS,07/12/2020,Ireland,USD,MAIN MARKET,,EUET,UEA2
FPXS,FIDELITY UCITS ICAV,FIDELITY PJ EQ RESEARCH ENHANCED ETF ACC,IE00BNGFMY78,ETFS,07/12/2020,Ireland,GBP,MAIN MARKET,,EUE2,UEA4
FRP2,FIDELITY UCITS ICAV,FIDELITY GL EQ RE PAB ETF ACC,IE000TYGG0N6,ETFS,20/10/2025,Ireland,GBP,MAIN MARKET,,EUE2,UEA4
FRPG,FIDELITY UCITS ICAV,FIDELITY GL EQ RE PAB ETF ACC,IE000TYGG0N6,ETFS,20/10/2025,Ireland,USD,MAIN MARKET,,EUET,UEA2
FUQA,FIDELITY UCITS ICAV,US QUALITY INCOME UCITS ETF GBP ACC,IE00BYXVGY31,ETFS,03/04/2017,Ireland,GBX,MAIN MARKET,,EUE2,UE2K
FUS1,FIDELITY UCITS ICAV,FIDELITY US QUALITY VALUE UCITS ETF - A,IE000MKIH0W7,ETFS,06/12/2024,Ireland,GBP,MAIN MARKET,,EUE2,UE2C
FUSA,FIDELITY UCITS ICAV,US QUALITY INCOME UCITS ETF USD ACC,IE00BYXVGY31,ETFS,03/04/2017,Ireland,USD,MAIN MARKET,,EUET,UETY
FUSD,FIDELITY UCITS ICAV,US QUALITY INCOME UCITS ETF USD INC,IE00BYXVGX24,ETFS,03/04/2017,Ireland,USD,MAIN MARKET,,EUET,UETY
FUSI,FIDELITY UCITS ICAV,US QUALITY INCOME UCITS ETF GBP INC,IE00BYXVGX24,ETFS,03/04/2017,Ireland,GBX,MAIN MARKET,,EUE2,UE2K
FUSP,FIDELITY UCITS ICAV,US QUALITY INCOME UCITS GBPACC HED,IE00BYV03C98,ETFS,22/11/2017,Ireland,GBP,MAIN MARKET,,EUET,UETY
FUSR,FIDELITY UCITS ICAV,FIDELITY US EQ RESEARCH ENHANCED ETF ACC,IE00BKSBGS44,ETFS,03/06/2020,Ireland,USD,MAIN MARKET,,EUET,UETY
FUSS,FIDELITY UCITS ICAV,FIDELITY US EQ RESEARCH ENHANCED ETF ACC,IE00BKSBGS44,ETFS,03/06/2020,Ireland,GBP,MAIN MARKET,,EUE2,UE2K
FUSV,FIDELITY UCITS ICAV,FIDELITY US QUALITY VALUE UCITS ETF - A,IE000MKIH0W7,ETFS,06/12/2024,Ireland,USD,MAIN MARKET,,EUET,UET3
FBIE,FIDELITY UCITS II ICAV,FIDELITY EUR CB ETF ACC,IE000JEXZJT1,ETFS,29/01/2026,Ireland,GBP,MAIN MARKET,,EUET,UEA2
FBIP,FIDELITY UCITS II ICAV,FIDELITY USD CB ETF ACC,IE000W24OG76,ETFS,29/01/2026,Ireland,GBP,MAIN MARKET,,EUE2,UEA4
FBIU,FIDELITY UCITS II ICAV,FIDELITY USD CB ETF ACC,IE000W24OG76,ETFS,29/01/2026,Ireland,USD,MAIN MARKET,,EUET,UEA2
FEIG,FIDELITY UCITS II ICAV,FIDELITY EUR CORP BOND RE PAB ETF INC,IE000VQZQ963,ETFS,23/10/2023,Ireland,USD,MAIN MARKET,,EUET,UEA2
FEIP,FIDELITY UCITS II ICAV,FIDELITY EUR CORP BOND RE PAB ETF GHA,IE00048UULY2,ETFS,23/10/2023,Ireland,GBP,MAIN MARKET,,EUET,UEA2
FEIS,FIDELITY UCITS II ICAV,FIDELITY EUR CORP BOND RE PAB ETF INC,IE000VQZQ963,ETFS,23/10/2023,Ireland,GBP,MAIN MARKET,,EUE2,UEA4
FEMP,FIDELITY UCITS II ICAV,FIDELITY ESG USD EM BOND UCITS ETF GHA,IE00BM9GRQ71,ETFS,29/03/2021,Ireland,GBP,MAIN MARKET,,EUET,UEA2
FGGB,FIDELITY UCITS II ICAV,FIL GLOBAL GOVVIE CA UCITS ETF - INC,IE000IF0HTJ9,ETFS,20/03/2023,Ireland,USD,MAIN MARKET,,EUET,UET3
FGGG,FIDELITY UCITS II ICAV,FIL GLOBAL GOVVIE CA UCITS ETF - GHA,IE000QVCP9S5,ETFS,02/08/2023,Ireland,GBP,MAIN MARKET,,EUET,UET3
FGGP,FIDELITY UCITS II ICAV,FIL GLOBAL GOVVIE CA UCITS ETF - INC,IE000IF0HTJ9,ETFS,20/03/2023,Ireland,GBP,MAIN MARKET,,EUE2,UE2C
FGGU,FIDELITY UCITS II ICAV,FIL GLOBAL GOVVIE CA UCITS ETF - UHI,IE000PN9NSC6,ETFS,02/08/2023,Ireland,USD,MAIN MARKET,,EUET,UET3
FGHU,FIDELITY UCITS II ICAV,FIDELITY GLOBAL HY BOND RE PAB ETF UHI,IE000B8VAQZ8,ETFS,20/01/2023,Ireland,USD,MAIN MARKET,,EUET,UET3
FGHY,FIDELITY UCITS II ICAV,FIDELITY GLOBAL HY BOND RE PAB ETF INC,IE0006OIQXE9,ETFS,14/11/2022,Ireland,USD,MAIN MARKET,,EUET,UET3
FHYG,FIDELITY UCITS II ICAV,FIDELITY GLOBAL HY BOND RE PAB ETF GHA,IE000C17QP01,ETFS,14/11/2022,Ireland,GBP,MAIN MARKET,,EUET,UET3
FHYI,FIDELITY UCITS II ICAV,FIL GLOBAL HY CB RE PAB ETF - GHI,IE000C1SVLJ9,ETFS,16/07/2026,Ireland,GBP,MAIN MARKET,,EUET,UEA2
FHYP,FIDELITY UCITS II ICAV,FIDELITY GLOBAL HY BOND RE PAB ETF INC,IE0006OIQXE9,ETFS,14/11/2022,Ireland,GBP,MAIN MARKET,,EUE2,UE2C
FSED,FIDELITY UCITS II ICAV,FIDELITY ESG USD EM BOND UCITS ETF INC,IE00BM9GRP64,ETFS,29/03/2021,Ireland,GBP,MAIN MARKET,,EUE2,UEA4
FSEM,FIDELITY UCITS II ICAV,FIDELITY ESG USD EM BOND UCITS ETF INC,IE00BM9GRP64,ETFS,29/03/2021,Ireland,USD,MAIN MARKET,,EUET,UEA2
FSMF,FIDELITY UCITS II ICAV,FIDELITY GLOBAL CORP BOND RE PAB ETF INC,IE00BM9GRM34,ETFS,29/03/2021,Ireland,USD,MAIN MARKET,,EUET,UEA2
FSMG,FIDELITY UCITS II ICAV,FIDELITY GLOBAL CORP BOND RE PAB ETF INC,IE00BM9GRM34,ETFS,29/03/2021,Ireland,GBP,MAIN MARKET,,EUE2,UEA4
FSMP,FIDELITY UCITS II ICAV,FIDELITY GLOBAL CORP BOND RE PAB ETF GHA,IE00BM9GRN41,ETFS,29/03/2021,Ireland,GBP,MAIN MARKET,,EUET,UEA2
FSMU,FIDELITY UCITS II ICAV,FIDELITY GLOBAL CORP BOND RE PAB ETF UHI,IE0005E8N9I1,ETFS,26/10/2022,Ireland,USD,MAIN MARKET,,EUET,UET3
FUIG,FIDELITY UCITS II ICAV,FIDELITY USD CORP BOND RE PAB ETF INC,IE000JJQ6248,ETFS,23/10/2023,Ireland,USD,MAIN MARKET,,EUET,UEA2
FUIP,FIDELITY UCITS II ICAV,FIDELITY USD CORP BOND RE PAB ETF GHA,IE000X3MDCC5,ETFS,23/10/2023,Ireland,GBP,MAIN MARKET,,EUET,UEA2
FUIS,FIDELITY UCITS II ICAV,FIDELITY USD CORP BOND RE PAB ETF INC,IE000JJQ6248,ETFS,23/10/2023,Ireland,GBP,MAIN MARKET,,EUE2,UEA4
FYEP,FIDELITY UCITS II ICAV,FIDELITY EUR HY BOND RE PAB ETF GHA,IE000I6Q83Z7,ETFS,24/10/2024,Ireland,GBP,MAIN MARKET,,EUET,UEA2
FYUI,FIDELITY UCITS II ICAV,FIDELITY USD HY BOND RE PAB ETF GHA,IE000ARLR807,ETFS,24/10/2024,Ireland,USD,MAIN MARKET,,EUET,UEA2
FYUP,FIDELITY UCITS II ICAV,FIDELITY USD HY BOND RE PAB ETF INC,IE000IKCYI88,ETFS,24/10/2024,Ireland,GBP,MAIN MARKET,,EUET,UEA2
FXRU,FINEX FUNDS ICAV,EM CORP BOND STRATEGY UCITS ETF USD,IE00BD5FH213,ETFS,14/12/2018,Ireland,USD,MAIN MARKET,,EUET,UET3
AIRR,FIRST TRUST GLOBAL FUNDS ICAV,FT RBA US IND REN,IE000U6ABUJ7,ETFS,13/08/2025,Ireland,GBX,MAIN MARKET,,EUET,UET3
APRF,FIRST TRUST GLOBAL FUNDS ICAV,FT US EQTY BUF- APR,IE000WX2HZQ7,ETFS,23/04/2025,Ireland,GBX,MAIN MARKET,,EUE2,UEA4
AUGB,FIRST TRUST GLOBAL FUNDS ICAV,FT US VEST EQUITY MOD BUF AUG,IE000TGSG3Y5,ETFS,05/07/2024,Ireland,GBX,MAIN MARKET,,EUE2,UEA4
BLOK,FIRST TRUST GLOBAL FUNDS ICAV,FIRST TRUST INNOVATIVE TECH UCITS ETF,IE00BF5DXP42,ETFS,10/04/2018,Ireland,GBX,MAIN MARKET,,EUET,UET3
CAPS,FIRST TRUST GLOBAL FUNDS ICAV,FIRST TRUST CAPITAL STRENGTH UCITS ETF,IE00BL0L0D23,ETFS,02/06/2021,Ireland,GBX,MAIN MARKET,,EUE2,UE2C
CESG,FIRST TRUST GLOBAL FUNDS ICAV,FT GLOB CAP STR ESG LEADERS UCITS ETF,IE00BKPSPT20,ETFS,10/03/2021,Ireland,USD,MAIN MARKET,,EUET,UET3
CHPS,FIRST TRUST GLOBAL FUNDS ICAV,FT BLMBRG GLBL SMCNDCTR,IE000KXTLDE2,ETFS,12/12/2024,Ireland,USD,MAIN MARKET,,EUET,UET3
CIBR,FIRST TRUST GLOBAL FUNDS ICAV,FIRSTTRUSTNASDAQCYBERSECURITYUCITS,IE00BF16M727,ETFS,29/05/2020,Ireland,USD,MAIN MARKET,,EUET,UET3
DECM,FIRST TRUST GLOBAL FUNDS ICAV,FT VEST US EQT MAX BUF UCITS - DECEMBER,IE0007FIJUO5,ETFS,22/12/2025,Ireland,GBX,MAIN MARKET,,EUE2,UEA4
DECQ,FIRST TRUST GLOBAL FUNDS ICAV,FT NSDQ MOD BUF - DEC,IE000GAKWFA7,ETFS,23/12/2024,Ireland,GBX,MAIN MARKET,,EUE2,UEA4
DINC,FIRST TRUST GLOBAL FUNDS ICAV,FIRST TRUST GLOBAL EQUITY INCOME UCITS,IE00BD842Y21,ETFS,14/07/2025,Ireland,USD,MAIN MARKET,,EUE2,UE2C
DTRE,FIRST TRUST GLOBAL FUNDS ICAV,FT DIS TECH REL EST UCITS ETF,IE000C75IMX8,ETFS,01/04/2022,Ireland,GBX,MAIN MARKET,,EUET,UET3
EDVU,FIRST TRUST GLOBAL FUNDS ICAV,FT EUR RIS DIV ACH,IE000CPG9HG3,ETFS,09/04/2026,Ireland,USD,MAIN MARKET,,EUE2,UE2C
EDVY,FIRST TRUST GLOBAL FUNDS ICAV,FT EUR RIS DIV ACH,IE000CPG9HG3,ETFS,09/04/2026,Ireland,GBX,MAIN MARKET,,EUET,UET3
FAPR,FIRST TRUST GLOBAL FUNDS ICAV,FT US EQTY BUF- APR,IE000WX2HZQ7,ETFS,23/04/2025,Ireland,USD,MAIN MARKET,,EUET,UEA2
FBT,FIRST TRUST GLOBAL FUNDS ICAV,FIRSTTRUSTNYSEARCABIOTECHUCITS,IE00BL0L0H60,ETFS,29/05/2020,Ireland,GBX,MAIN MARKET,,EUE2,UE2C
FBTU,FIRST TRUST GLOBAL FUNDS ICAV,FIRSTTRUSTNYSEARCABIOTECHUCITS,IE00BL0L0H60,ETFS,29/05/2020,Ireland,USD,MAIN MARKET,,EUET,UET3
FCBR,FIRST TRUST GLOBAL FUNDS ICAV,FIRSTTRUSTNASDAQCYBERSECURITYUCITS,IE00BF16M727,ETFS,29/05/2020,Ireland,GBX,MAIN MARKET,,EUE2,UE2C
FCHP,FIRST TRUST GLOBAL FUNDS ICAV,FT BLMBRG GLBL SMCNDCTR,IE000KXTLDE2,ETFS,12/12/2024,Ireland,GBX,MAIN MARKET,,EUE2,UE2C
FCSG,FIRST TRUST GLOBAL FUNDS ICAV,FT GLOB CAP STR ESG LEADERS UCITS ETF,IE00BKPSPT20,ETFS,10/03/2021,Ireland,GBX,MAIN MARKET,,EUE2,UE2C
FDIU,FIRST TRUST GLOBAL FUNDS ICAV,FT DJ INTERNATIONAL INTERNET UCITS ETF,IE00BT9PVG14,ETFS,03/02/2021,Ireland,USD,MAIN MARKET,,EUE2,UE2C
FDN,FIRST TRUST GLOBAL FUNDS ICAV,FT DOW JONES INTERNET UCITS ETF,IE00BG0SSC32,ETFS,21/06/2018,Ireland,GBX,MAIN MARKET,,EUET,UET3
FDNI,FIRST TRUST GLOBAL FUNDS ICAV,FT DJ INTERNATIONAL INTERNET UCITS ETF,IE00BT9PVG14,ETFS,03/02/2021,Ireland,GBX,MAIN MARKET,,EUET,UET3
FDNU,FIRST TRUST GLOBAL FUNDS ICAV,FT DOW JONES INTERNET UCITS ETF,IE00BG0SSC32,ETFS,21/06/2018,Ireland,USD,MAIN MARKET,,EUE2,UE2C
FEBB,FIRST TRUST GLOBAL FUNDS ICAV,FT US EQT MOD BUF - FEB,IE000X8M8M80,ETFS,19/02/2024,Ireland,GBX,MAIN MARKET,,EUE2,UEA4
FEM,FIRST TRUST GLOBAL FUNDS ICAV,FT EMERGING MARKETS ALPHADEX UCITS ETF,IE00B8X9NX34,ETFS,11/04/2013,Ireland,GBX,MAIN MARKET,,EUET,UET3
FEMU,FIRST TRUST GLOBAL FUNDS ICAV,FIRST TRUST EM ALPHADEX UCITS ETF,IE00B8X9NX34,ETFS,22/04/2014,Ireland,USD,MAIN MARKET,,EUE2,UE2C
FEUD,FIRST TRUST GLOBAL FUNDS ICAV,FIRST TRUST EUROZONE ALPHADEX UCITSETF B,IE00BF2FL590,ETFS,22/08/2018,Ireland,GBX,MAIN MARKET,,EUET,UET3
FEUZ,FIRST TRUST GLOBAL FUNDS ICAV,FIRST TRUST EUROZONE ALPHADEX UCITS ETF,IE00B8X9NY41,ETFS,22/10/2014,Ireland,GBX,MAIN MARKET,,EUET,UET3
FEX,FIRST TRUST GLOBAL FUNDS ICAV,FT US LARGE CAP CORE ALPHADEX UCITS ETF,IE00B8X9NW27,ETFS,11/04/2013,Ireland,GBX,MAIN MARKET,,EUET,UET3
FEXD,FIRST TRUST GLOBAL FUNDS ICAV,FIRSTTRUST US LGCAPCORE ALPHADEX UCITS,IE00BWTNMB87,ETFS,01/06/2015,Ireland,GBX,MAIN MARKET,,EUET,UET3
FEXU,FIRST TRUST GLOBAL FUNDS ICAV,FT US LARGE CAP CORE ALPHADEX UCITS ETF,IE00B8X9NW27,ETFS,27/11/2013,Ireland,USD,MAIN MARKET,,EUE2,UE2C
FGBL,FIRST TRUST GLOBAL FUNDS ICAV,FIRST TRUST GLOBAL EQUITY INC UCITS ETF,IE00BYTH6121,ETFS,01/09/2015,Ireland,GBX,MAIN MARKET,,EUET,UET3
FGOV,FIRST TRUST GLOBAL FUNDS ICAV,FIRST TRUST LOW DUR GLOB GOVT BOND ETF,IE00BKS2X200,ETFS,08/10/2020,Ireland,GBX,MAIN MARKET,,EUET,UET3
FGPT,FIRST TRUST GLOBAL FUNDS ICAV,FT BBG ARTIFICIAL INTELLIGENCE UCITS ETF,IE000YIQZ0H6,ETFS,03/07/2025,Ireland,GBX,MAIN MARKET,,EUE2,UE2C
FGRD,FIRST TRUST GLOBAL FUNDS ICAV,FT CLEAN EDGE SMART GRID INFRA UCITS ETF,IE000J80JTL1,ETFS,22/04/2022,Ireland,GBX,MAIN MARKET,,EUET,UET3
FGRO,FIRST TRUST GLOBAL FUNDS ICAV,FIRST TRUST GROWTH STRENGTH UCITS ETF,IE000YZLMXT9,ETFS,22/10/2024,Ireland,GBX,MAIN MARKET,,EUE2,UE2C
FJAN,FIRST TRUST GLOBAL FUNDS ICAV,FT US EQTY BUF - JAN,IE000MDKBOB3,ETFS,22/01/2025,Ireland,USD,MAIN MARKET,,EUET,UEA2
FJUL,FIRST TRUST GLOBAL FUNDS ICAV,FT US EQTY BUF - JUL,IE000YJBT6I5,ETFS,21/07/2025,Ireland,USD,MAIN MARKET,,EUET,UEA2
FKU,FIRST TRUST GLOBAL FUNDS ICAV,FT UNITED KINGDOM ALPHADEX UCITS ETF,IE00B8X9NZ57,ETFS,11/04/2013,Ireland,GBX,MAIN MARKET,,EUET,UET3
FKUD,FIRST TRUST GLOBAL FUNDS ICAV,FIRSTTRUST UK ALPHADEX UCITS ETF CLASS B,IE00BD9N0445,ETFS,18/04/2016,Ireland,GBX,MAIN MARKET,,EUET,UET3
FOCT,FIRST TRUST GLOBAL FUNDS ICAV,FT US EQT BUF - OCT,IE0004X8KUG5,ETFS,20/10/2025,Ireland,USD,MAIN MARKET,,EUET,UEA2
FPX,FIRST TRUST GLOBAL FUNDS ICAV,FIRSTTRUST USEQUITYOPPORTUNITIESUCITS A,IE00BYTH6238,ETFS,18/08/2015,Ireland,GBX,MAIN MARKET,,EUET,UET3
FPXE,FIRST TRUST GLOBAL FUNDS ICAV,FT IPOX EUROPE EQUITY OPP UCITS ETF,IE00BFD26097,ETFS,24/06/2021,Ireland,GBX,MAIN MARKET,,EUET,UET3
FSCR,FIRST TRUST GLOBAL FUNDS ICAV,FT BLOOMBERG SCARCE RESOURCES UCITS ETF,IE000BW2B3J3,ETFS,24/01/2024,Ireland,GBX,MAIN MARKET,,EUE2,UE2C
FSKY,FIRST TRUST GLOBAL FUNDS ICAV,FIRST TRUST CLOUD COMPUTING UCITS ETF,IE00BFD2H405,ETFS,28/12/2018,Ireland,GBX,MAIN MARKET,,EUET,UET3
FSPC,FIRST TRUST GLOBAL FUNDS ICAV,FT BBG SPC ECMY,IE000ANMCD25,ETFS,30/07/2026,Ireland,USD,MAIN MARKET,,EUET,UET3
FTAI,FIRST TRUST GLOBAL FUNDS ICAV,FT BBG ARTIFICIAL INTELLIGENCE UCITS ETF,IE000YIQZ0H6,ETFS,03/07/2025,Ireland,USD,MAIN MARKET,,EUET,UET3
FTCS,FIRST TRUST GLOBAL FUNDS ICAV,FIRST TRUST CAPITAL STRENGTH UCITS ETF,IE00BL0L0D23,ETFS,30/01/2020,Ireland,USD,MAIN MARKET,,EUET,UET3
FTEG,FIRST TRUST GLOBAL FUNDS ICAV,FT EURO GRW STR UCITS ETF,IE0009F7UB30,ETFS,11/12/2025,Ireland,USD,MAIN MARKET,,EUET,UET3
FTEI,FIRST TRUST GLOBAL FUNDS ICAV,FT INDXX EUROPE INFRASTRUCTURE UCITS ETF,IE000TIZ5AP4,ETFS,04/02/2026,Ireland,USD,MAIN MARKET,,EUET,UET3
FTES,FIRST TRUST GLOBAL FUNDS ICAV,FT EURO GRW STR UCITS ETF,IE0009F7UB30,ETFS,11/12/2025,Ireland,GBX,MAIN MARKET,,EUE2,UE2C
FTEU,FIRST TRUST GLOBAL FUNDS ICAV,FIRST TRUST EUROZONE ALPHADEX UCITS ETF,IE00B8X9NY41,ETFS,19/08/2016,Ireland,USD,MAIN MARKET,,EUE2,UE2C
FTFX,FIRST TRUST GLOBAL FUNDS ICAV,FIRSTTRUSTFACTORFX UCITS CLASSA,IE00BD5HBQ97,ETFS,01/08/2017,Ireland,USD,MAIN MARKET,,EUET,UET3
FTGS,FIRST TRUST GLOBAL FUNDS ICAV,FIRST TRUST GROWTH STRENGTH UCITS ETF,IE000YZLMXT9,ETFS,22/10/2024,Ireland,USD,MAIN MARKET,,EUET,UET3
FTIE,FIRST TRUST GLOBAL FUNDS ICAV,FT INDXX EUROPE INFRASTRUCTURE UCITS ETF,IE000TIZ5AP4,ETFS,04/02/2026,Ireland,GBX,MAIN MARKET,,EUE2,UE2C
FTMO,FIRST TRUST GLOBAL FUNDS ICAV,FIRST TRUST US MOMENTUM UCITS ETF,IE000CY30YV9,ETFS,31/07/2024,Ireland,USD,MAIN MARKET,,EUET,UET3
FVD,FIRST TRUST GLOBAL FUNDS ICAV,FIRSTTRUST VALUELINE DIVIDENDUCITS,IE00BKVKW020,ETFS,14/02/2020,Ireland,USD,MAIN MARKET,,EUET,UET3
FXGB,FIRST TRUST GLOBAL FUNDS ICAV,FIRSTTRUSTFACTORFX UCITS CLASSB,IE00BD5HBR05,ETFS,04/12/2017,Ireland,GBX,MAIN MARKET,,EUET,UET3
GAUG,FIRST TRUST GLOBAL FUNDS ICAV,FT VEST EQUITY MOD BUF AUG,IE000TGSG3Y5,ETFS,01/09/2023,Ireland,USD,MAIN MARKET,,EUET,UEA2
GFEB,FIRST TRUST GLOBAL FUNDS ICAV,FT US EQT MOD BUF - FEB,IE000X8M8M80,ETFS,19/02/2024,Ireland,USD,MAIN MARKET,,EUET,UEA2
GINC,FIRST TRUST GLOBAL FUNDS ICAV,FIRSTTRUST GLOBALEQUITY INCOME UCITS ETF,IE00BD842Y21,ETFS,24/10/2016,Ireland,GBX,MAIN MARKET,,EUET,UET3
GMAY,FIRST TRUST GLOBAL FUNDS ICAV,FT US EQT MOD BUF - MAY,IE000P0FL8E3,ETFS,20/05/2024,Ireland,USD,MAIN MARKET,,EUET,UEA2
GNOV,FIRST TRUST GLOBAL FUNDS ICAV,FT CBOE VEST EQUITY MOD BUF NOV,IE000OJ31JQ4,ETFS,20/11/2023,Ireland,USD,MAIN MARKET,,EUET,UEA2
GRDU,FIRST TRUST GLOBAL FUNDS ICAV,FT CLEAN EDGE SMART GRID INFRA UCITS ETF,IE000J80JTL1,ETFS,22/04/2022,Ireland,USD,MAIN MARKET,,EUE2,UE2C
H2O,FIRST TRUST GLOBAL FUNDS ICAV,FT NDX WATER,IE000Q8F0M81,ETFS,13/08/2025,Ireland,GBX,MAIN MARKET,,EUET,UET3
ICBM,FIRST TRUST GLOBAL FUNDS ICAV,FT INDXX GLOBAL AEROSPACE & DEF,IE000NVDQXE1,ETFS,12/12/2024,Ireland,GBX,MAIN MARKET,,EUE2,UE2C
IPXE,FIRST TRUST GLOBAL FUNDS ICAV,FT IPOX EUROPE EQUITY OPP UCITS ETF,IE00BFD26097,ETFS,24/06/2021,Ireland,USD,MAIN MARKET,,EUE2,UE2C
JANF,FIRST TRUST GLOBAL FUNDS ICAV,FT US EQTY BUF - JAN,IE000MDKBOB3,ETFS,22/01/2025,Ireland,GBX,MAIN MARKET,,EUE2,UEA4
JULF,FIRST TRUST GLOBAL FUNDS ICAV,FT US EQTY BUF - JUL,IE000YJBT6I5,ETFS,21/07/2025,Ireland,GBX,MAIN MARKET,,EUE2,UEA4
JUNM,FIRST TRUST GLOBAL FUNDS ICAV,FT US MAX BUF - JUN,IE000CO3P697,ETFS,13/08/2025,Ireland,GBX,MAIN MARKET,,EUE2,UEA4
JUNQ,FIRST TRUST GLOBAL FUNDS ICAV,FT NSDQ MOD BUF - JUN,IE000HFBJ0U0,ETFS,23/06/2025,Ireland,GBX,MAIN MARKET,,EUE2,UEA4
KNG,FIRST TRUST GLOBAL FUNDS ICAV,FT VEST SP500 DVD ARST TRG INC UCITS ETF,IE000SNMGYT5,ETFS,19/11/2025,Ireland,GBX,MAIN MARKET,,EUE2,UE2C
KNGU,FIRST TRUST GLOBAL FUNDS ICAV,FT VEST SP500 DVD ARST TRG INC UCITS ETF,IE000SNMGYT5,ETFS,19/11/2025,Ireland,USD,MAIN MARKET,,EUET,UET3
LEGR,FIRST TRUST GLOBAL FUNDS ICAV,FIRST TRUST INNOVATIVE TECH UCITS ETF,IE00BF5DXP42,ETFS,10/04/2018,Ireland,USD,MAIN MARKET,,EUE2,UE2C
LUNA,FIRST TRUST GLOBAL FUNDS ICAV,FT BBG SPC ECMY,IE000ANMCD25,ETFS,30/07/2026,Ireland,GBX,MAIN MARKET,,EUE2,UE2C
MARM,FIRST TRUST GLOBAL FUNDS ICAV,FT US MAX BUF - MAR,IE0002PPCMH6,ETFS,23/03/2026,Ireland,GBX,MAIN MARKET,,EUE2,UEA4
MARQ,FIRST TRUST GLOBAL FUNDS ICAV,FT NSDQ MOD BUF - DEC,IE0006S0EBF2,ETFS,24/03/2025,Ireland,GBX,MAIN MARKET,,EUE2,UEA4
MAYB,FIRST TRUST GLOBAL FUNDS ICAV,FT US EQT MOD BUF - MAY,IE000P0FL8E3,ETFS,20/05/2024,Ireland,GBX,MAIN MARKET,,EUE2,UEA4
MDEC,FIRST TRUST GLOBAL FUNDS ICAV,FT VEST US EQT MAX BUF UCITS - DECEMBER,IE0007FIJUO5,ETFS,22/12/2025,Ireland,USD,MAIN MARKET,,EUET,UEA2
METL,FIRST TRUST GLOBAL FUNDS ICAV,FT INDXX FUT ECON METALS UCITS ETF,IE000UDFKE13,ETFS,24/01/2024,Ireland,USD,MAIN MARKET,,EUET,UET3
MINR,FIRST TRUST GLOBAL FUNDS ICAV,FT INDXX FUT ECON METALS UCITS ETF,IE000UDFKE13,ETFS,24/01/2024,Ireland,GBX,MAIN MARKET,,EUE2,UE2C
MISL,FIRST TRUST GLOBAL FUNDS ICAV,FT INDXX GLOBAL AEROSPACE & DEF,IE000NVDQXE1,ETFS,12/12/2024,Ireland,USD,MAIN MARKET,,EUET,UET3
MJUN,FIRST TRUST GLOBAL FUNDS ICAV,FT US MAX BUF - JUN,IE000CO3P697,ETFS,13/08/2025,Ireland,USD,MAIN MARKET,,EUET,UEA2
MMAR,FIRST TRUST GLOBAL FUNDS ICAV,FT US MAX BUF - MAR,IE0002PPCMH6,ETFS,23/03/2026,Ireland,USD,MAIN MARKET,,EUET,UEA2
MSEP,FIRST TRUST GLOBAL FUNDS ICAV,FT US MAX BUF - SEP,IE0009DRFET8,ETFS,22/09/2025,Ireland,USD,MAIN MARKET,,EUET,UEA2
NOVB,FIRST TRUST GLOBAL FUNDS ICAV,FT CBOE VEST EQUITY MOD BUF NOV,IE000OJ31JQ4,ETFS,06/12/2023,Ireland,GBX,MAIN MARKET,,EUE2,UEA4
NXTG,FIRST TRUST GLOBAL FUNDS ICAV,FIRST TRUST INDXX NEXTG UCITS ETF,IE00BWTNM743,ETFS,02/07/2015,Ireland,GBX,MAIN MARKET,,EUET,UET3
NXTU,FIRST TRUST GLOBAL FUNDS ICAV,FIRST TRUST INDXX NEXTG UCITS ETF,IE00BWTNM743,ETFS,22/02/2018,Ireland,USD,MAIN MARKET,,EUE2,UE2C
OCTF,FIRST TRUST GLOBAL FUNDS ICAV,FT US EQT BUF - OCT,IE0004X8KUG5,ETFS,20/10/2025,Ireland,GBX,MAIN MARKET,,EUE2,UEA4
QCLN,FIRST TRUST GLOBAL FUNDS ICAV,FT NASDAQ GREEN ENERGY UCITS ETF,IE00BDBRT036,ETFS,03/02/2021,Ireland,GBX,MAIN MARKET,,EUE2,UE2C
QCLU,FIRST TRUST GLOBAL FUNDS ICAV,FT NASDAQ GREEN ENERGY UCITS ETF,IE00BDBRT036,ETFS,16/03/2017,Ireland,USD,MAIN MARKET,,EUET,UET3
QDEC,FIRST TRUST GLOBAL FUNDS ICAV,FT NSDQ MOD BUF - DEC,IE000GAKWFA7,ETFS,23/12/2024,Ireland,USD,MAIN MARKET,,EUET,UEA2
QJUN,FIRST TRUST GLOBAL FUNDS ICAV,FT NSDQ MOD BUF - JUN,IE000HFBJ0U0,ETFS,23/06/2025,Ireland,USD,MAIN MARKET,,EUET,UEA2
QMAR,FIRST TRUST GLOBAL FUNDS ICAV,FT NSDQ MOD BUF - DEC,IE0006S0EBF2,ETFS,24/03/2025,Ireland,USD,MAIN MARKET,,EUET,UEA2
QSEP,FIRST TRUST GLOBAL FUNDS ICAV,FT NSDQ MOD BUF - SEP,IE000FQ808R5,ETFS,26/09/2024,Ireland,USD,MAIN MARKET,,EUET,UEA2
RCTR,FIRST TRUST GLOBAL FUNDS ICAV,FIRST TRUST BBG NUCLEAR POWER UCITS,IE000J5PESP7,ETFS,29/01/2026,Ireland,GBX,MAIN MARKET,,EUET,UET3
RCTU,FIRST TRUST GLOBAL FUNDS ICAV,FIRST TRUST BBG NUCLEAR POWER UCITS,IE000J5PESP7,ETFS,29/01/2026,Ireland,USD,MAIN MARKET,,EUE2,UE2C
RDVY,FIRST TRUST GLOBAL FUNDS ICAV,FT RIS DVD ACH,IE000K5F6EL4,ETFS,13/08/2025,Ireland,GBX,MAIN MARKET,,EUET,UET3
SCAR,FIRST TRUST GLOBAL FUNDS ICAV,FT BLOOMBERG SCARCE RESOURCES UCITS ETF,IE000BW2B3J3,ETFS,24/01/2024,Ireland,USD,MAIN MARKET,,EUET,UET3
SDVI,FIRST TRUST GLOBAL FUNDS ICAV,FT SMID RIS DIV UCITS ETF DIST,IE000YVOQ2A3,ETFS,09/04/2025,Ireland,GBX,MAIN MARKET,,EUET,UET3
SDVY,FIRST TRUST GLOBAL FUNDS ICAV,FT SMID RIS DIV UCITS ETF,IE0001R850E1,ETFS,10/04/2024,Ireland,USD,MAIN MARKET,,EUET,UET3
SEPM,FIRST TRUST GLOBAL FUNDS ICAV,FT US MAX BUF - SEP,IE0009DRFET8,ETFS,22/09/2025,Ireland,GBX,MAIN MARKET,,EUE2,UEA4
SEPQ,FIRST TRUST GLOBAL FUNDS ICAV,FT NSDQ MOD BUF - SEP,IE000FQ808R5,ETFS,26/09/2024,Ireland,GBX,MAIN MARKET,,EUE2,UEA4
SKYU,FIRST TRUST GLOBAL FUNDS ICAV,FIRST TRUST CLOUD COMPUTING UCITS ETF,IE00BFD2H405,ETFS,28/12/2018,Ireland,USD,MAIN MARKET,,EUE2,UE2C
SMID,FIRST TRUST GLOBAL FUNDS ICAV,FT SMID RIS DIV UCITS ETF,IE0001R850E1,ETFS,10/04/2024,Ireland,GBX,MAIN MARKET,,EUE2,UE2C
TRE,FIRST TRUST GLOBAL FUNDS ICAV,FT DIS TECH REL EST UCITS ETF,IE000RN036E0,ETFS,01/04/2022,Ireland,USD,MAIN MARKET,,EUET,UET3
UIGB,FIRST TRUST GLOBAL FUNDS ICAV,FT US EQUITY INCOME GBP HEDGED UCITS ETF,IE00079WNSI6,ETFS,19/07/2023,Ireland,GBX,MAIN MARKET,,EUET,UET3
UINC,FIRST TRUST GLOBAL FUNDS ICAV,FIRST TRUST US EQUITY INCOME UCITS ETF,IE00BZBW4Z27,ETFS,18/04/2016,Ireland,GBX,MAIN MARKET,,EUET,UET3
UIND,FIRST TRUST GLOBAL FUNDS ICAV,FT US EQUITY INCOME UCITS ETF,IE00BZBW4Z27,ETFS,16/02/2022,Ireland,USD,MAIN MARKET,,EUE2,UE2C
UNCU,FIRST TRUST GLOBAL FUNDS ICAV,FT US EQUITY INCOME UCITS ETF,IE00BD6GCF16,ETFS,16/02/2022,Ireland,USD,MAIN MARKET,,EUET,UET3
USMO,FIRST TRUST GLOBAL FUNDS ICAV,FIRST TRUST US MOMENTUM UCITS ETF,IE000CY30YV9,ETFS,31/07/2024,Ireland,GBX,MAIN MARKET,,EUE2,UE2C
500P,FRANKLIN TEMPLETON ICAV,FRK SP 500 PA CLIMATE UCITS ETF,IE00BMDPBZ72,ETFS,31/07/2020,Ireland,GBP,MAIN MARKET,,EUE2,UE2K
CBSC,FRANKLIN TEMPLETON ICAV,FRANKLIN CLEARBRIDGE US SMALLER ETF,IE000XJA2OU4,ETFS,03/11/2025,Ireland,GBP,MAIN MARKET,,EUE2,UEA4
CBSM,FRANKLIN TEMPLETON ICAV,FRANKLIN CLEARBRIDGE US SMALLER ETF,IE000XJA2OU4,ETFS,03/11/2025,Ireland,USD,MAIN MARKET,,EUET,UEA2
CHPA,FRANKLIN TEMPLETON ICAV,FRK MSCI CH PARIS UCITS ETF,IE000EBPC0Z7,ETFS,17/06/2022,Ireland,GBP,MAIN MARKET,,EUE2,UE2K
CPRI,FRANKLIN TEMPLETON ICAV,FRANKLIN EM SOV DEBT VALUES UCITS ETF,IE000YZIVX22,ETFS,01/07/2022,Ireland,GBP,MAIN MARKET,,EUE2,UE2K
DIVU,FRANKLIN TEMPLETON ICAV,FRANKLIN US DIVIDEND TILT UCITS ETF,IE000Z4OBQK4,ETFS,16/01/2025,Ireland,GBP,MAIN MARKET,,EUE2,UE2K
DVDE,FRANKLIN TEMPLETON ICAV,FRANKLIN EUROPEAN QUALITY DIV ETF ACC,IE000IMGE5W5,ETFS,04/09/2025,Ireland,USD,MAIN MARKET,,EUET,UETY
DVDG,FRANKLIN TEMPLETON ICAV,FRANKLIN GLOBAL QUALITY DIV ETF ACC,IE000ZZJ48Q0,ETFS,04/09/2025,Ireland,USD,MAIN MARKET,,EUET,UETY
DVDU,FRANKLIN TEMPLETON ICAV,FRANKLIN US DIVIDEND TILT UCITS ETF ACC,IE000HSER094,ETFS,11/03/2026,Ireland,USD,MAIN MARKET,,EUET,UETY
DVUS,FRANKLIN TEMPLETON ICAV,FRANKLIN US DIVIDEND TILT UCITS ETF ACC,IE000HSER094,ETFS,11/03/2026,Ireland,GBP,MAIN MARKET,,EUE2,UE2K
DWLD,FRANKLIN TEMPLETON ICAV,FRANKLIN FTSE DEVELOPED WORLD UCITS ETF,IE000CVOSY02,ETFS,26/06/2024,Ireland,USD,MAIN MARKET,,EUET,UETY
EEXC,FRANKLIN TEMPLETON ICAV,FRANKLIN FTSE EMERGING X CHINA UCITS ETF,IE0006D3PGW3,ETFS,24/10/2024,Ireland,GBP,MAIN MARKET,,EUE2,UE2K
EMCV,FRANKLIN TEMPLETON ICAV,FRANKLIN EM SOV DEBT VALUES UCITS ETF,IE000YZIVX22,ETFS,01/07/2022,Ireland,USD,MAIN MARKET,,EUET,UETY
EMDS,FRANKLIN TEMPLETON ICAV,FRANKLIN FTSE EMERGING MARKETS ETF (DIS),IE000GTF7GF4,ETFS,08/05/2026,Ireland,GBP,MAIN MARKET,,EUE2,UE2K
EMER,FRANKLIN TEMPLETON ICAV,FRANKLIN FTSE EMERGING MARKETS UCITS ETF,IE0004I037N4,ETFS,24/10/2024,Ireland,GBP,MAIN MARKET,,EUE2,UE2K
EMGD,FRANKLIN TEMPLETON ICAV,FRANKLIN FTSE EMERGING MARKETS ETF (DIS),IE000GTF7GF4,ETFS,08/05/2026,Ireland,USD,MAIN MARKET,,EUET,UETY
EMGM,FRANKLIN TEMPLETON ICAV,FRANKLIN FTSE EMERGING MARKETS UCITS ETF,IE0004I037N4,ETFS,24/10/2024,Ireland,USD,MAIN MARKET,,EUET,UETY
EMPR,FRANKLIN TEMPLETON ICAV,FRK MSCI EM PARIS UCITS ETF,IE000QLV3SY5,ETFS,14/03/2023,Ireland,GBP,MAIN MARKET,,EUE2,UE2K
EUPA,FRANKLIN TEMPLETON ICAV,FRK STX EUR600 PA CLIMATE UCITS ETF,IE00BMDPBY65,ETFS,31/07/2020,Ireland,GBP,MAIN MARKET,,EUE2,UE2K
EURO,FRANKLIN TEMPLETON ICAV,FRK EURO IG CORP UCITS ETF,IE000H0TSO96,ETFS,02/11/2023,Ireland,EUR,MAIN MARKET,,EUET,UETY
EXCN,FRANKLIN TEMPLETON ICAV,FRANKLIN FTSE EMERGING X CHINA UCITS ETF,IE0006D3PGW3,ETFS,24/10/2024,Ireland,USD,MAIN MARKET,,EUET,UETY
FIDE,FRANKLIN TEMPLETON ICAV,FRK MSCI WORLD CATH PRINCIPLES UCITS ETF,IE000AZOUN82,ETFS,26/04/2024,Ireland,USD,MAIN MARKET,,EUET,UETY
FLES,FRANKLIN TEMPLETON ICAV,FRK EURO SHORT MATURITY UCITS ETF,IE00BFWXDY69,ETFS,27/06/2018,Ireland,EUR,MAIN MARKET,,EUET,UETY
FLQA,FRANKLIN TEMPLETON ICAV,FRK ASIA EX CHINA EX JAPAN UCITS ETF,IE00BFWXDV39,ETFS,01/10/2018,Ireland,USD,MAIN MARKET,,EUET,UETY
FLRG,FRANKLIN TEMPLETON ICAV,FRK SUSTAINABLE EUR GREEN BOND UCITS ETF,IE00BHZRR253,ETFS,02/05/2019,Ireland,EUR,MAIN MARKET,,EUET,UETY
FLRK,FRANKLIN TEMPLETON ICAV,FRK FTSE KOREA UCITS ETF,IE00BHZRR030,ETFS,07/06/2019,Ireland,GBP,MAIN MARKET,,EUE2,UE2K
FLUC,FRANKLIN TEMPLETON ICAV,FRK USD IG CORP BOND UCITS ETF,IE00BFWXDX52,ETFS,27/06/2018,Ireland,USD,MAIN MARKET,,EUET,UETY
FLXB,FRANKLIN TEMPLETON ICAV,FRK FTSE BRAZIL UCITS ETF,IE00BHZRQY00,ETFS,07/06/2019,Ireland,USD,MAIN MARKET,,EUET,UET7
FLXC,FRANKLIN TEMPLETON ICAV,FRK FTSE CHINA UCITS ETF,IE00BHZRR147,ETFS,07/06/2019,Ireland,USD,MAIN MARKET,,EUET,UETY
FLXD,FRANKLIN TEMPLETON ICAV,FRK EUROPEAN QUALITY DIVIDEND UCITS ETF,IE00BF2B0L69,ETFS,08/09/2017,Ireland,GBP,MAIN MARKET,,EUE2,UE2K
FLXE,FRANKLIN TEMPLETON ICAV,FRANKLIN EM MULTIFACTOR EQUITY UCITS ETF,IE00BF2B0K52,ETFS,19/10/2017,Ireland,GBP,MAIN MARKET,,EUET,UETY
FLXI,FRANKLIN TEMPLETON ICAV,FRK FTSE INDIA UCITS ETF,IE00BHZRQZ17,ETFS,28/06/2019,Ireland,USD,MAIN MARKET,,EUET,UETY
FLXJ,FRANKLIN TEMPLETON ICAV,FRANKLIN FTSE JAPAN UCITS ETF,IE000D0T0BO1,ETFS,31/07/2024,Ireland,USD,MAIN MARKET,,EUET,UETY
FLXK,FRANKLIN TEMPLETON ICAV,FRK FTSE KOREA UCITS ETF,IE00BHZRR030,ETFS,07/06/2019,Ireland,USD,MAIN MARKET,,EUET,UETY
FLXT,FRANKLIN TEMPLETON ICAV,FRK FTSE TAIWAN UCITS ETF,IE000CM02H85,ETFS,23/03/2022,Ireland,USD,MAIN MARKET,,EUET,UETY
FLXU,FRANKLIN TEMPLETON ICAV,FRK U.S. EQUITY UCITS ETF,IE00BF2B0P08,ETFS,08/09/2017,Ireland,GBP,MAIN MARKET,,EUE2,UE2K
FLXX,FRANKLIN TEMPLETON ICAV,FRK GLOBAL QUALITY DIVIDEND UCITS ETF,IE00BF2B0M76,ETFS,08/09/2017,Ireland,GBP,MAIN MARKET,,EUE2,UE2K
FOFD,FRANKLIN TEMPLETON ICAV,FRK FUTURE FOOD UCITS ETF,IE000ZOKLHY7,ETFS,07/07/2023,Ireland,USD,MAIN MARKET,,EUET,UETY
FOHW,FRANKLIN TEMPLETON ICAV,FRK FUTURE HEALTH WELLNESS UCITS ETF,IE0003WEWAX4,ETFS,07/07/2023,Ireland,USD,MAIN MARKET,,EUET,UETY
FRCH,FRANKLIN TEMPLETON ICAV,FRK FTSE CHINA UCITS ETF,IE00BHZRR147,ETFS,07/06/2019,Ireland,GBP,MAIN MARKET,,EUE2,UE2K
FREM,FRANKLIN TEMPLETON ICAV,FRANKLIN EM MULTIFACTOR EQUITY UCITS ETF,IE00BF2B0K52,ETFS,19/10/2017,Ireland,USD,MAIN MARKET,,EUE2,UE2K
FRFD,FRANKLIN TEMPLETON ICAV,FRK FUTURE FOOD UCITS ETF,IE000ZOKLHY7,ETFS,07/07/2023,Ireland,GBP,MAIN MARKET,,EUE2,UE2K
FRGD,FRANKLIN TEMPLETON ICAV,FRK GLOBAL QUALITY DIVIDEND UCITS ETF,IE00BF2B0M76,ETFS,08/09/2017,Ireland,USD,MAIN MARKET,,EUET,UETY
FRHW,FRANKLIN TEMPLETON ICAV,FRK FUTURE HEALTH WELLNESS UCITS ETF,IE0003WEWAX4,ETFS,07/07/2023,Ireland,GBP,MAIN MARKET,,EUE2,UE2K
FRIN,FRANKLIN TEMPLETON ICAV,FRK FTSE INDIA UCITS ETF,IE00BHZRQZ17,ETFS,28/06/2019,Ireland,GBP,MAIN MARKET,,EUE2,UE2K
FRQX,FRANKLIN TEMPLETON ICAV,FRK ASIA EX CHINA EX JAPAN UCITS ETF,IE00BFWXDV39,ETFS,01/10/2018,Ireland,GBP,MAIN MARKET,,EUE2,UE2K
FRUC,FRANKLIN TEMPLETON ICAV,FRK USD IG CORP BOND UCITS ETF,IE00BFWXDX52,ETFS,27/06/2018,Ireland,GBP,MAIN MARKET,,EUE2,UE2K
FRUE,FRANKLIN TEMPLETON ICAV,FRK U.S. EQUITY UCITS ETF,IE00BF2B0P08,ETFS,08/09/2017,Ireland,USD,MAIN MARKET,,EUET,UETY
FRXD,FRANKLIN TEMPLETON ICAV,FRK EUROPEAN QUALITY DIVIDEND UCITS ETF,IE00BF2B0L69,ETFS,08/09/2017,Ireland,EUR,MAIN MARKET,,EUET,UETY
FRXE,FRANKLIN TEMPLETON ICAV,FRK EURO SHORT MATURITY UCITS ETF,IE00BFWXDY69,ETFS,27/06/2018,Ireland,GBP,MAIN MARKET,,EUE2,UE2K
FRXT,FRANKLIN TEMPLETON ICAV,FRK FTSE TAIWAN UCITS ETF,IE000CM02H85,ETFS,23/03/2022,Ireland,GBP,MAIN MARKET,,EUE2,UE2K
FVUB,FRANKLIN TEMPLETON ICAV,FRK FTSE BRAZIL UCITS ETF,IE00BHZRQY00,ETFS,07/06/2019,Ireland,GBP,MAIN MARKET,,EUE2,UE2G
FVUG,FRANKLIN TEMPLETON ICAV,FRK SUSTAINABLE EUR GREEN BOND UCITS ETF,IE00BHZRR253,ETFS,02/05/2019,Ireland,GBP,MAIN MARKET,,EUE2,UE2K
GCOR,FRANKLIN TEMPLETON ICAV,FRK SUST EURO GREEN CORP 1-5 UCITS ETF,IE0006K7DEL9,ETFS,02/11/2023,Ireland,EUR,MAIN MARKET,,EUET,UETY
GSOV,FRANKLIN TEMPLETON ICAV,FRK SUST EURO GREEN SOV UCITS ETF,IE000P0R7WK6,ETFS,02/11/2023,Ireland,EUR,MAIN MARKET,,EUET,UETY
INCE,FRANKLIN TEMPLETON ICAV,FRANKLIN US INC EQUITY FOCUS UCITS ETF,IE0001T0BHM5,ETFS,29/05/2026,Ireland,USD,MAIN MARKET,,EUET,UEA2
INCM,FRANKLIN TEMPLETON ICAV,FRANKLIN US INC EQUITY FOCUS UCITS ETF,IE0001T0BHM5,ETFS,29/05/2026,Ireland,GBP,MAIN MARKET,,EUE2,UEA4
JAPN,FRANKLIN TEMPLETON ICAV,FRANKLIN FTSE JAPAN UCITS ETF,IE000D0T0BO1,ETFS,31/07/2024,Ireland,GBP,MAIN MARKET,,EUE2,UE2K
KSA,FRANKLIN TEMPLETON ICAV,FRANKLIN FTSE SAUDI ARABIA UCITS ETF,IE000C7DDDX4,ETFS,30/10/2024,Ireland,USD,MAIN MARKET,,EUET,UETY
METE,FRANKLIN TEMPLETON ICAV,FRK AI METAVERSE & BLOCKCHAIN UCITS ETF,IE000IM4K4K2,ETFS,09/09/2022,Ireland,USD,MAIN MARKET,,EUET,UETY
METU,FRANKLIN TEMPLETON ICAV,FRK AI METAVERSE & BLOCKCHAIN UCITS ETF,IE000IM4K4K2,ETFS,09/09/2022,Ireland,GBP,MAIN MARKET,,EUE2,UE2K
PABC,FRANKLIN TEMPLETON ICAV,FRK MSCI CH PARIS UCITS ETF,IE000EBPC0Z7,ETFS,17/06/2022,Ireland,USD,MAIN MARKET,,EUET,UETY
PABE,FRANKLIN TEMPLETON ICAV,FRK MSCI EM PARIS UCITS ETF,IE000QLV3SY5,ETFS,14/03/2023,Ireland,USD,MAIN MARKET,,EUET,UETY
PARI,FRANKLIN TEMPLETON ICAV,FRK STX EUR600 PA CLIMATE UCITS ETF,IE00BMDPBY65,ETFS,31/07/2020,Ireland,EUR,MAIN MARKET,,EUET,UETY
SHOR,FRANKLIN TEMPLETON ICAV,FRANKLIN US TREASURY 0-1 ETF USD (ACC),IE000E02WFD5,ETFS,27/08/2025,Ireland,USD,MAIN MARKET,,EUET,UETY
SP5S,FRANKLIN TEMPLETON ICAV,FRANKLIN S&P 500 SCREENED UCITS ETF,IE0006FAD976,ETFS,17/04/2025,Ireland,USD,MAIN MARKET,,EUET,UETY
SPWG,FRANKLIN TEMPLETON ICAV,FRANKLIN S&P WORLD SCREENED UCITS ETF,IE0006WOV4I9,ETFS,17/04/2025,Ireland,GBP,MAIN MARKET,,EUE2,UE2K
SPWR,FRANKLIN TEMPLETON ICAV,FRANKLIN S&P WORLD SCREENED UCITS ETF,IE0006WOV4I9,ETFS,17/04/2025,Ireland,USD,MAIN MARKET,,EUET,UETY
SPXG,FRANKLIN TEMPLETON ICAV,FRANKLIN S&P 500 SCREENED UCITS ETF,IE0006FAD976,ETFS,17/04/2025,Ireland,GBP,MAIN MARKET,,EUE2,UE2K
U100,FRANKLIN TEMPLETON ICAV,FRANKLIN US MEGA CAP 100 UCITS ETF,IE0008M1R3N4,ETFS,09/05/2025,Ireland,GBP,MAIN MARKET,,EUE2,UE2K
UDIV,FRANKLIN TEMPLETON ICAV,FRANKLIN US DIVIDEND TILT UCITS ETF,IE000Z4OBQK4,ETFS,16/01/2025,Ireland,USD,MAIN MARKET,,EUET,UETY
UENH,FRANKLIN TEMPLETON ICAV,FRANKLIN CORE US ENHANCED EQ UCITS ETF,IE000CZU3JH0,ETFS,28/01/2026,Ireland,USD,MAIN MARKET,,EUET,UEA2
USCD,FRANKLIN TEMPLETON ICAV,FRANKLIN S&P 500 CONS DISC UCITS ETF,IE000PEYL7P5,ETFS,14/05/2026,Ireland,USD,MAIN MARKET,,EUET,UETY
USCM,FRANKLIN TEMPLETON ICAV,FRANKLIN S&P 500 COMM SERV UCITS ETF,IE000TMJDGV1,ETFS,14/05/2026,Ireland,GBP,MAIN MARKET,,EUE2,UE2K
USCO,FRANKLIN TEMPLETON ICAV,FRANKLIN S&P 500 CONS DISC UCITS ETF,IE000PEYL7P5,ETFS,14/05/2026,Ireland,GBP,MAIN MARKET,,EUE2,UE2K
USCS,FRANKLIN TEMPLETON ICAV,FRANKLIN S&P 500 COMM SERV UCITS ETF,IE000TMJDGV1,ETFS,14/05/2026,Ireland,USD,MAIN MARKET,,EUET,UETY
USEN,FRANKLIN TEMPLETON ICAV,FRANKLIN CORE US ENHANCED EQ UCITS ETF,IE000CZU3JH0,ETFS,28/01/2026,Ireland,GBP,MAIN MARKET,,EUE2,UEA4
USFN,FRANKLIN TEMPLETON ICAV,FRANKLIN S&P 500 FINANCIALS UCITS ETF,IE000KG7KXI7,ETFS,14/05/2026,Ireland,USD,MAIN MARKET,,EUET,UETY
USFS,FRANKLIN TEMPLETON ICAV,FRANKLIN S&P 500 FINANCIALS UCITS ETF,IE000KG7KXI7,ETFS,14/05/2026,Ireland,GBP,MAIN MARKET,,EUE2,UE2K
USIN,FRANKLIN TEMPLETON ICAV,FRANKLIN S&P 500 INFO TECH UCITS ETF,IE000EQGURT5,ETFS,14/05/2026,Ireland,GBP,MAIN MARKET,,EUE2,UE2K
USIT,FRANKLIN TEMPLETON ICAV,FRANKLIN S&P 500 INFO TECH UCITS ETF,IE000EQGURT5,ETFS,14/05/2026,Ireland,USD,MAIN MARKET,,EUET,UETY
USMC,FRANKLIN TEMPLETON ICAV,FRANKLIN US MEGA CAP 100 UCITS ETF,IE0008M1R3N4,ETFS,09/05/2025,Ireland,USD,MAIN MARKET,,EUET,UETY
USPA,FRANKLIN TEMPLETON ICAV,FRK SP 500 PA CLIMATE UCITS ETF,IE00BMDPBZ72,ETFS,31/07/2020,Ireland,USD,MAIN MARKET,,EUET,UETY
WORL,FRANKLIN TEMPLETON ICAV,FRANKLIN FTSE DEVELOPED WORLD UCITS ETF,IE000CVOSY02,ETFS,26/06/2024,Ireland,GBP,MAIN MARKET,,EUE2,UE2K
AIQG,GLOBAL X ETFS ICAV,GLOBAL X AI UCITS ETF,IE0000XTDDA8,ETFS,12/09/2024,Ireland,GBP,MAIN MARKET,,EUE2,UE2G
AIQU,GLOBAL X ETFS ICAV,GLOBAL X AI UCITS ETF,IE0000XTDDA8,ETFS,12/09/2024,Ireland,USD,MAIN MARKET,,EUET,UET7
AQWA,GLOBAL X ETFS ICAV,GLOBAL X CLEAN WATER UCITS,IE000BWKUES1,ETFS,09/12/2021,Ireland,USD,MAIN MARKET,,EUET,UETY
AQWG,GLOBAL X ETFS ICAV,GLOBAL X CLEAN WATER UCITS,IE000BWKUES1,ETFS,09/12/2021,Ireland,GBP,MAIN MARKET,,EUE2,UE2K
ARMG,GLOBAL X ETFS ICAV,GLOBAL X DEFENCE TECH UCITS ETF,IE000JCW3DZ3,ETFS,12/09/2024,Ireland,GBP,MAIN MARKET,,EUE2,UE2G
ARMR,GLOBAL X ETFS ICAV,GLOBAL X DEFENCE TECH UCITS ETF,IE000JCW3DZ3,ETFS,12/09/2024,Ireland,USD,MAIN MARKET,,EUET,UET7
BKCG,GLOBAL X ETFS ICAV,GLOBAL X BLOCKCHAIN UCITS ETF,IE000XAGSCY5,ETFS,25/01/2022,Ireland,GBP,MAIN MARKET,,EUE2,UE2C
BKCH,GLOBAL X ETFS ICAV,GLOBAL X BLOCKCHAIN UCITS ETF,IE000XAGSCY5,ETFS,25/01/2022,Ireland,USD,MAIN MARKET,,EUET,UET3
BOTG,GLOBAL X ETFS ICAV,ROBOTICS & ARTIFICIAL INTELLIGENCE,IE00BLCHJC08,ETFS,18/11/2021,Ireland,GBP,MAIN MARKET,,EUET,UETY
BOTZ,GLOBAL X ETFS ICAV,ROBOTICS & ARTIFICIAL INTELLIGENCE,IE00BLCHJB90,ETFS,18/11/2021,Ireland,USD,MAIN MARKET,,EUET,UETY
BRIJ,GLOBAL X ETFS ICAV,GLOBAL X EUROPEAN INFRA DEV UCITS ETF,IE000PS0J481,ETFS,05/09/2024,Ireland,USD,MAIN MARKET,,EUET,UET7
BRIP,GLOBAL X ETFS ICAV,GLOBAL X EUROPEAN INFRA DEV UCITS ETF,IE000PS0J481,ETFS,05/09/2024,Ireland,GBP,MAIN MARKET,,EUE2,UE2G
BUG,GLOBAL X ETFS ICAV,GLOBAL X CYBERSECURITY UCITS ETF,IE00BMH5Y871,ETFS,18/11/2021,Ireland,USD,MAIN MARKET,,EUET,UETY
BUGG,GLOBAL X ETFS ICAV,GLOBAL X CYBERSECURITY UCITS ETF,IE00BMH5Y871,ETFS,18/11/2021,Ireland,GBP,MAIN MARKET,,EUE2,UE2K
CHPG,GLOBAL X ETFS ICAV,GX AI SEMICONDUCTOR & QUANTUM UCITS ETF,IE0000ZL1RD2,ETFS,27/11/2025,Ireland,GBP,MAIN MARKET,,EUE2,UE2G
CHPX,GLOBAL X ETFS ICAV,GX AI SEMICONDUCTOR & QUANTUM UCITS ETF,IE0000ZL1RD2,ETFS,27/11/2025,Ireland,USD,MAIN MARKET,,EUET,UET7
CLIP,GLOBAL X ETFS ICAV,GLOBAL X 1-3 MONTH T-BILL UCITS ETF,IE000GSIFIB0,ETFS,08/12/2023,Ireland,USD,MAIN MARKET,,EUET,UET7
CLO,GLOBAL X ETFS ICAV,GLOBAL X CLOUD COMPUTING UCITS ETF,IE00BMH5YF48,ETFS,04/11/2021,Ireland,USD,MAIN MARKET,,EUET,UETY
CLO6,GLOBAL X ETFS ICAV,GLOBAL X CLOUD COMPUTING UCITS ETF,IE00BMH5YF48,ETFS,04/11/2021,Ireland,GBP,MAIN MARKET,,EUE2,UE2K
CLPP,GLOBAL X ETFS ICAV,GLOBAL X 1-3 MONTH T-BILL UCITS ETF,IE000GSIFIB0,ETFS,08/12/2023,Ireland,GBP,MAIN MARKET,,EUE2,UE2G
COPG,GLOBAL X ETFS ICAV,GLOBAL X COPPER MINERS UCITS ETF,IE0003Z9E2Y3,ETFS,24/11/2021,Ireland,GBP,MAIN MARKET,,EUE2,UE2G
COPX,GLOBAL X ETFS ICAV,GLOBAL X COPPER MINERS UCITS ETF,IE0003Z9E2Y3,ETFS,24/11/2021,Ireland,USD,MAIN MARKET,,EUET,UET7
CTEG,GLOBAL X ETFS ICAV,GLOBAL X CLEANTECH UCITS ETF,IE00BMH5YL08,ETFS,18/11/2021,Ireland,GBP,MAIN MARKET,,EUE2,UE2K
CTEK,GLOBAL X ETFS ICAV,GLOBAL X CLEANTECH UCITS ETF,IE00BMH5YL08,ETFS,18/11/2021,Ireland,USD,MAIN MARKET,,EUET,UETY
DMAD,GLOBAL X ETFS ICAV,GLOBAL X DISRUPTIVE MATERIALS UCITS ETF,IE000544AJM3,ETFS,28/10/2022,Ireland,GBP,MAIN MARKET,,EUET,UET7
DMAG,GLOBAL X ETFS ICAV,GLOBAL X DISRUPTIVE MATERIALS UCITS ETF,IE000FP52WM7,ETFS,09/09/2022,Ireland,GBP,MAIN MARKET,,EUE2,UE2G
DMAT,GLOBAL X ETFS ICAV,GLOBAL X DISRUPTIVE MATERIALS UCITS ETF,IE000FP52WM7,ETFS,09/09/2022,Ireland,USD,MAIN MARKET,,EUET,UET7
DRVE,GLOBAL X ETFS ICAV,GLOBAL X AUTONOMOUS & ELECTRIC VEHICLES,IE00BMH5YR69,ETFS,18/11/2021,Ireland,USD,MAIN MARKET,,EUET,UETY
DRVG,GLOBAL X ETFS ICAV,GLOBAL X AUTONOMOUS & ELECTRIC VEHICLES,IE00BMH5YS76,ETFS,18/11/2021,Ireland,GBP,MAIN MARKET,,EUET,UETY
EBIG,GLOBAL X ETFS ICAV,GLOBAL X E-COMMERCE UCITS ETF,IE00BMH5XY61,ETFS,18/11/2021,Ireland,GBP,MAIN MARKET,,EUE2,UE2K
EBIZ,GLOBAL X ETFS ICAV,GLOBAL X E-COMMERCE UCITS ETF,IE00BMH5XY61,ETFS,18/11/2021,Ireland,USD,MAIN MARKET,,EUET,UETY
EDEF,GLOBAL X ETFS ICAV,GX EUROPE FOCUSED DEFENCE TECH UCITS ETF,IE000WRQ9RR1,ETFS,22/05/2025,Ireland,USD,MAIN MARKET,,EUET,UET7
EDEG,GLOBAL X ETFS ICAV,GX EUROPE FOCUSED DEFENCE TECH UCITS ETF,IE000WRQ9RR1,ETFS,22/05/2025,Ireland,GBP,MAIN MARKET,,EUE2,UE2G
EDOC,GLOBAL X ETFS ICAV,GLOBAL X TELEMED & DIGTL HLTH UCITS ETF,IE00BLR6QB00,ETFS,18/12/2020,Ireland,USD,MAIN MARKET,,EUET,UETY
EDOG,GLOBAL X ETFS ICAV,GLOBAL X TELEMED & DIGTL HLTH UCITS ETF,IE00BLR6QC17,ETFS,18/12/2020,Ireland,GBP,MAIN MARKET,,EUET,UETY
EUSD,GLOBAL X ETFS ICAV,GX EUROPEAN SUPERDIVIDEND UCITS ETF,IE00082MOBL9,ETFS,04/09/2025,Ireland,USD,MAIN MARKET,,EUET,UET7
EUSP,GLOBAL X ETFS ICAV,GX EUROPEAN SUPERDIVIDEND UCITS ETF,IE00082MOBL9,ETFS,04/09/2025,Ireland,GBP,MAIN MARKET,,EUE2,UE2G
FING,GLOBAL X ETFS ICAV,GLOBAL X FINTECH UCITS ETF,IE00BLCHK052,ETFS,18/11/2021,Ireland,GBP,MAIN MARKET,,EUET,UETY
FINX,GLOBAL X ETFS ICAV,GLOBAL X FINTECH UCITS ETF,IE00BLCHJZ35,ETFS,18/11/2021,Ireland,USD,MAIN MARKET,,EUET,UETY
GNOG,GLOBAL X ETFS ICAV,GLOBAL X GENOMICS & BIOTECHNOLOGY,IE00BM8R0N95,ETFS,04/11/2021,Ireland,GBP,MAIN MARKET,,EUE2,UE2K
GNOM,GLOBAL X ETFS ICAV,GLOBAL X GENOMICS & BIOTECHNOLOGY,IE00BM8R0N95,ETFS,04/11/2021,Ireland,USD,MAIN MARKET,,EUET,UETY
HERG,GLOBAL X ETFS ICAV,GLOBAL X VIDEOGAMES & ESPORTS UCITS ETF,IE00BLR6Q650,ETFS,18/12/2020,Ireland,GBP,MAIN MARKET,,EUET,UETY
HERU,GLOBAL X ETFS ICAV,GLOBAL X VIDEOGAMES & ESPORTS UCITS ETF,IE00BLR6Q544,ETFS,18/12/2020,Ireland,USD,MAIN MARKET,,EUET,UETY
HYGG,GLOBAL X ETFS ICAV,GLOBAL X HYDROGEN UCITS ETF,IE0002RPS3K2,ETFS,09/02/2022,Ireland,GBP,MAIN MARKET,,EUE2,UE2G
HYGN,GLOBAL X ETFS ICAV,GLOBAL X HYDROGEN UCITS ETF,IE0002RPS3K2,ETFS,09/02/2022,Ireland,USD,MAIN MARKET,,EUET,UET7
KROG,GLOBAL X ETFS ICAV,GLOBAL X AGTECH & FOOD INNOVATION UCITS,IE000EBFYWX3,ETFS,17/02/2022,Ireland,GBP,MAIN MARKET,,EUE2,UE2K
KROP,GLOBAL X ETFS ICAV,GLOBAL X AGTECH & FOOD INNOVATION UCITS,IE000EBFYWX3,ETFS,17/02/2022,Ireland,USD,MAIN MARKET,,EUET,UETY
LITG,GLOBAL X ETFS ICAV,GLOBAL X LITHIUM & BATTERY TECH UCITS,IE00BLCHJN13,ETFS,09/12/2021,Ireland,GBP,MAIN MARKET,,EUE2,UE2K
LITU,GLOBAL X ETFS ICAV,GLOBAL X LITHIUM & BATTERY TECH UCITS,IE00BLCHJN13,ETFS,09/12/2021,Ireland,USD,MAIN MARKET,,EUET,UETY
LUNG,GLOBAL X ETFS ICAV,GLOBAL X SPACE TECH UCITS ETF,IE000W4A2Q38,ETFS,30/07/2026,Ireland,GBP,MAIN MARKET,,EUE2,UE2G
LUNR,GLOBAL X ETFS ICAV,GLOBAL X SPACE TECH UCITS ETF,IE000W4A2Q38,ETFS,30/07/2026,Ireland,USD,MAIN MARKET,,EUET,UET7
PAVE,GLOBAL X ETFS ICAV,GLOBAL X U.S. INFRASTRUCTURE DEVELOPMENT,IE00BLCHJ534,ETFS,04/11/2021,Ireland,USD,MAIN MARKET,,EUET,UETY
PAVG,GLOBAL X ETFS ICAV,GLOBAL X U.S. INFRASTRUCTURE DEVELOPMENT,IE00BLCHJ641,ETFS,04/11/2021,Ireland,GBP,MAIN MARKET,,EUET,UETY
PAVU,GLOBAL X ETFS ICAV,GX US INFRA DEVELP UCITS,IE00BLCHJ641,ETFS,08/01/2024,Ireland,USD,MAIN MARKET,,EUE2,UE2G
QYLD,GLOBAL X ETFS ICAV,GLOBAL X NASDAQ 100 COV CALL UCITS ETF,IE00BM8R0J59,ETFS,23/11/2022,Ireland,USD,MAIN MARKET,,EUET,UET7
QYLP,GLOBAL X ETFS ICAV,GLOBAL X NASDAQ 100 COV CALL UCITS ETF,IE00BM8R0J59,ETFS,23/11/2022,Ireland,GBP,MAIN MARKET,,EUE2,UE2G
QYLU,GLOBAL X ETFS ICAV,GLOBAL X NASDAQ 100 COV CALL UCITS ETF,IE00BM8R0H36,ETFS,23/11/2022,Ireland,USD,MAIN MARKET,,EUET,UET7
RAYG,GLOBAL X ETFS ICAV,GLOBAL X SOLAR UCITS ETF,IE000XD7KCJ7,ETFS,17/02/2022,Ireland,GBP,MAIN MARKET,,EUE2,UE2G
RAYZ,GLOBAL X ETFS ICAV,GLOBAL X SOLAR UCITS ETF,IE000XD7KCJ7,ETFS,17/02/2022,Ireland,USD,MAIN MARKET,,EUET,UET7
RNRG,GLOBAL X ETFS ICAV,GLOBAL X RENEWABLE ENERG PRODUCER UCITS,IE00BLCHJH52,ETFS,09/12/2021,Ireland,USD,MAIN MARKET,,EUET,UETY
RNRU,GLOBAL X ETFS ICAV,GLOBAL X RENEWABLE ENERG PRODUCER UCITS,IE00BLCHJH52,ETFS,09/12/2021,Ireland,GBP,MAIN MARKET,,EUE2,UE2K
SABP,GLOBAL X ETFS ICAV,GX S&P 500® ANNUAL BUFFER UCITS ETF,IE0009BM62P2,ETFS,09/11/2023,Ireland,GBP,MAIN MARKET,,EUE2,UE2G
SAHP,GLOBAL X ETFS ICAV,GX S&P 500® ANNUAL TAIL HEDGE UCITS,IE000HGH8PV2,ETFS,09/11/2023,Ireland,GBP,MAIN MARKET,,EUE2,UE2G
SDIP,GLOBAL X ETFS ICAV,GLOBAL X SUPERDIVIDEND UCITS ETF,IE00077FRP95,ETFS,17/02/2022,Ireland,GBP,MAIN MARKET,,EUE2,UE2C
SDIU,GLOBAL X ETFS ICAV,GLOBAL X SUPERDIVIDEND UCITS ETF,IE000YICM5P9,ETFS,17/02/2022,Ireland,USD,MAIN MARKET,,EUET,UET3
SDIV,GLOBAL X ETFS ICAV,GLOBAL X SUPERDIVIDEND UCITS ETF,IE00077FRP95,ETFS,17/02/2022,Ireland,USD,MAIN MARKET,,EUET,UET3
SILG,GLOBAL X ETFS ICAV,GLOBAL X SILVER MINERS UCITS ETF,IE000UL6CLP7,ETFS,06/05/2022,Ireland,GBP,MAIN MARKET,,EUE2,UE2K
SILV,GLOBAL X ETFS ICAV,GLOBAL X SILVER MINERS UCITS ETF,IE000UL6CLP7,ETFS,06/05/2022,Ireland,USD,MAIN MARKET,,EUET,UETY
SNSG,GLOBAL X ETFS ICAV,GLOBAL X INTERNET OF THINGS UCITS ETF,IE00BLCHJT74,ETFS,18/11/2021,Ireland,GBP,MAIN MARKET,,EUE2,UE2K
SNSR,GLOBAL X ETFS ICAV,GLOBAL X INTERNET OF THINGS UCITS ETF,IE00BLCHJT74,ETFS,18/11/2021,Ireland,USD,MAIN MARKET,,EUET,UETY
SPAB,GLOBAL X ETFS ICAV,GX S&P 500® ANNUAL BUFFER UCITS ETF,IE0009BM62P2,ETFS,09/11/2023,Ireland,USD,MAIN MARKET,,EUET,UET7
SPAH,GLOBAL X ETFS ICAV,GX S&P 500® ANNUAL TAIL HEDGE UCITS,IE000HGH8PV2,ETFS,09/11/2023,Ireland,USD,MAIN MARKET,,EUET,UET7
SPQB,GLOBAL X ETFS ICAV,GX S&P 500 QUARTERLY BUFFER UCITS ETF,IE000LSRKCB4,ETFS,23/02/2023,Ireland,USD,MAIN MARKET,,EUET,UET7
SPQH,GLOBAL X ETFS ICAV,GX S&P 500 QUARTERLY TAIL HEDGE UCITS,IE000EPX8KB7,ETFS,23/02/2023,Ireland,USD,MAIN MARKET,,EUET,UET7
SQBP,GLOBAL X ETFS ICAV,GX S&P 500 QUARTERLY BUFFER UCITS ETF,IE000LSRKCB4,ETFS,23/02/2023,Ireland,GBP,MAIN MARKET,,EUE2,UE2G
SQHP,GLOBAL X ETFS ICAV,GX S&P 500 QUARTERLY TAIL HEDGE UCITS,IE000EPX8KB7,ETFS,23/02/2023,Ireland,GBP,MAIN MARKET,,EUE2,UE2G
SXYD,GLOBAL X ETFS ICAV,GLOBAL X STOXX 50 COVERED CALL UCITS ETF,IE000SAXJ1M1,ETFS,08/05/2025,Ireland,GBP,MAIN MARKET,,EUE2,UE2G
SYLD,GLOBAL X ETFS ICAV,GLOBAL X STOXX 50 COVERED CALL UCITS ETF,IE000SAXJ1M1,ETFS,08/05/2025,Ireland,USD,MAIN MARKET,,EUET,UET7
TKNG,GLOBAL X ETFS ICAV,GX STABLECOIN & TOKENISATION UCITS ETF,IE000YS5XL05,ETFS,16/04/2026,Ireland,GBP,MAIN MARKET,,EUE2,UE2G
TKNX,GLOBAL X ETFS ICAV,GX STABLECOIN & TOKENISATION UCITS ETF,IE000YS5XL05,ETFS,16/04/2026,Ireland,USD,MAIN MARKET,,EUET,UET7
UKSD,GLOBAL X ETFS ICAV,GLOBAL X UK SUPERDIVIDEND UCITS ETF,IE000PE4R6W7,ETFS,04/09/2025,Ireland,GBP,MAIN MARKET,,EUET,UET7
URND,GLOBAL X ETFS ICAV,GLOBAL X URANIUM UCITS ETF,IE000MS9DTS9,ETFS,28/10/2022,Ireland,GBP,MAIN MARKET,,EUET,UET7
URNG,GLOBAL X ETFS ICAV,GLOBAL X URANIUM UCITS ETF,IE000NDWFGA5,ETFS,22/04/2022,Ireland,GBP,MAIN MARKET,,EUE2,UE2G
URNU,GLOBAL X ETFS ICAV,GLOBAL X URANIUM UCITS ETF,IE000NDWFGA5,ETFS,22/04/2022,Ireland,USD,MAIN MARKET,,EUET,UET7
VPN,GLOBAL X ETFS ICAV,GLOBAL X DATA CENTER REITS & DIGI INFRA,IE00BMH5Y327,ETFS,09/12/2021,Ireland,USD,MAIN MARKET,,EUET,UETY
VPNG,GLOBAL X ETFS ICAV,GLOBAL X DATA CENTER REITS & DIGI INFRA,IE00BMH5Y327,ETFS,09/12/2021,Ireland,GBP,MAIN MARKET,,EUE2,UE2K
WNDG,GLOBAL X ETFS ICAV,GLOBAL X WIND ENERGY UCITS ETF,IE000JNHCBM6,ETFS,09/02/2022,Ireland,GBP,MAIN MARKET,,EUE2,UE2G
WNDY,GLOBAL X ETFS ICAV,GLOBAL X WIND ENERGY UCITS ETF,IE000JNHCBM6,ETFS,09/02/2022,Ireland,USD,MAIN MARKET,,EUET,UET7
XYLP,GLOBAL X ETFS ICAV,GLOBAL X S&P 500 COVERED CALL UCITS ETF,IE0002L5QB31,ETFS,13/07/2023,Ireland,GBP,MAIN MARKET,,EUE2,UE2G
XYLU,GLOBAL X ETFS ICAV,GLOBAL X S&P 500 COVERED CALL UCITS ETF,IE0002L5QB31,ETFS,13/07/2023,Ireland,USD,MAIN MARKET,,EUET,UET7
ZAPG,GLOBAL X ETFS ICAV,GX U.S. ELECTRIFICATION UCITS ETF,IE00070SLDT6,ETFS,07/05/2026,Ireland,GBP,MAIN MARKET,,EUE2,UE2G
ZAPP,GLOBAL X ETFS ICAV,GX U.S. ELECTRIFICATION UCITS ETF,IE00070SLDT6,ETFS,07/05/2026,Ireland,USD,MAIN MARKET,,EUET,UET7
CAUG,GLOBAL X ETFS II ICAV,GX CHINA ELEC VEHICLE & BATTERY UCITS,IE00094FRAA6,ETFS,28/03/2023,Ireland,GBP,MAIN MARKET,,EUE2,UE2G
CAUT,GLOBAL X ETFS II ICAV,GX CHINA ELEC VEHICLE & BATTERY UCITS,IE00094FRAA6,ETFS,28/03/2023,Ireland,USD,MAIN MARKET,,EUET,UET7
CBGB,GOLDMAN SACHS ETF ICAV,GS ACCESS CHINA BOND ETF USD DIST,IE00BJSBCS90,ETFS,07/02/2022,Ireland,GBP,MAIN MARKET,,EUE2,UE2K
CBND,GOLDMAN SACHS ETF ICAV,GS ACCESS CHINA BOND ETF USD DIST,IE00BJSBCS90,ETFS,24/10/2019,Ireland,USD,MAIN MARKET,,EUET,UETY
GBPG,GOLDMAN SACHS ETF ICAV,GS UK GILTS ETF GBP DIST,IE0003MKK4H3,ETFS,09/09/2021,Ireland,GBP,MAIN MARKET,,EUET,UETY
GCPA,GOLDMAN SACHS ETF ICAV,GS GLOBAL CRED PLUS ACTIVE ETF (ACC),IE000TZOB1X7,ETFS,24/04/2026,Ireland,USD,MAIN MARKET,,EUET,UEA2
GEMB,GOLDMAN SACHS ETF ICAV,GS EM HARD CCY BOND ACTIVE ETF (ACC),IE000M3UHD88,ETFS,15/12/2025,Ireland,USD,MAIN MARKET,,EUET,UEA2
GEMG,GOLDMAN SACHS ETF ICAV,GS EM HARD CCY BOND ACTIVE ETF (ACC),IE000M3UHD88,ETFS,15/12/2025,Ireland,GBP,MAIN MARKET,,EUE2,UEA4
GEMS,GOLDMAN SACHS ETF ICAV,GS EMG&S BOND ACTIVE ETF USD (DIST),IE000EC86C06,ETFS,18/06/2025,Ireland,USD,MAIN MARKET,,EUET,UEA2
GGVT,GOLDMAN SACHS ETF ICAV,GS GLOBAL GOV BOND ACTIVE ETF (ACC),IE000UU89RZ0,ETFS,08/12/2025,Ireland,GBP,MAIN MARKET,,EUET,UEA2
GIBO,GOLDMAN SACHS ETF ICAV,GS GLOBAL INC BOND OPP ACTIVE ETF (DIST),IE000DHPZ1N9,ETFS,24/04/2026,Ireland,USD,MAIN MARKET,,EUET,UEA2
GIGP,GOLDMAN SACHS ETF ICAV,GS USD IG CORP BOND ACTIVE ETF (DIST),IE000RRCJI06,ETFS,24/01/2025,Ireland,GBP,MAIN MARKET,,EUE2,UEA4
GIGU,GOLDMAN SACHS ETF ICAV,GS USD IG CORP BOND ACTIVE ETF (DIST),IE000RRCJI06,ETFS,24/01/2025,Ireland,USD,MAIN MARKET,,EUET,UEA2
GOVT,GOLDMAN SACHS ETF ICAV,GS GLOBAL GOV BOND ACTIVE ETF (ACC),IE000JQ3ELQ8,ETFS,08/12/2025,Ireland,USD,MAIN MARKET,,EUET,UEA2
GQEM,GOLDMAN SACHS ETF ICAV,GS ALPHA ENHANCED EM EQUITY ACTIVE ETF,IE000KEFZYE7,ETFS,27/06/2025,Ireland,USD,MAIN MARKET,,EUET,UEA2
GQEU,GOLDMAN SACHS ETF ICAV,GS ALPHA ENHANCED EU EQUITY ACTIVE ETF,IE000RITWOD4,ETFS,12/05/2025,Ireland,GBP,MAIN MARKET,,EUET,UEA2
GQJU,GOLDMAN SACHS ETF ICAV,GS ALPHA ENHANCED JPN EQUITY ACTIVE ETF,IE000ZUTO1I5,ETFS,19/05/2026,Ireland,USD,MAIN MARKET,,EUE2,UEA4
GQJY,GOLDMAN SACHS ETF ICAV,GS ALPHA ENHANCED JPN EQUITY ACTIVE ETF,IE000ZUTO1I5,ETFS,19/05/2025,Ireland,GBP,MAIN MARKET,,EUET,UEA2
GQME,GOLDMAN SACHS ETF ICAV,GS ALPHA ENHANCED EM EQUITY ACTIVE ETF,IE000KEFZYE7,ETFS,06/01/2026,Ireland,GBP,MAIN MARKET,,EUE2,UEA4
GQUS,GOLDMAN SACHS ETF ICAV,GS ALPHA ENHANCED US EQUITY ACTIVE ETF,IE000HYFO765,ETFS,28/04/2025,Ireland,USD,MAIN MARKET,,EUET,UEA2
GQWD,GOLDMAN SACHS ETF ICAV,GS ALPHA ENHANCED EQUITY ACTIVE ETF,IE000UFAX9L6,ETFS,12/05/2025,Ireland,USD,MAIN MARKET,,EUET,UEA2
GREN,GOLDMAN SACHS ETF ICAV,GS GREEN BOND ETF - GBP H,IE0004IR5U82,ETFS,15/02/2024,Ireland,GBP,MAIN MARKET,,EUET,UETY
GSBG,GOLDMAN SACHS ETF ICAV,GS GREEN BOND ETF - USD H,IE000REVDBO3,ETFS,31/05/2024,Ireland,USD,MAIN MARKET,,EUET,UETY
GSCP,GOLDMAN SACHS ETF ICAV,GS GLOBAL CRED PLUS ACTIVE ETF (DIST),IE000FKMC6O9,ETFS,14/05/2026,Ireland,GBP,MAIN MARKET,,EUET,UEA2
GSGI,GOLDMAN SACHS ETF ICAV,GS GLOBAL INC BOND OPP ACTIVE ETF (DIST),IE000USQ2N65,ETFS,14/05/2026,Ireland,GBP,MAIN MARKET,,EUET,UEA2
GSGR,GOLDMAN SACHS ETF ICAV,GS GREEN BOND ETF - EUR,IE000SYQFJV2,ETFS,15/02/2024,Ireland,EUR,MAIN MARKET,,EUET,UETY
GSHG,GOLDMAN SACHS ETF ICAV,GS USD HY BOND ACTIVE ETF (DIST),IE0006B9CPY7,ETFS,04/02/2025,Ireland,GBP,MAIN MARKET,,EUE2,UEA4
GSHY,GOLDMAN SACHS ETF ICAV,GS USD HY BOND ACTIVE ETF (DIST),IE0006B9CPY7,ETFS,04/02/2025,Ireland,USD,MAIN MARKET,,EUET,UEA2
GSLC,GOLDMAN SACHS ETF ICAV,ACTIVBETA US LG CAP ETF USD ACC,IE00BJ5CNR11,ETFS,26/09/2019,Ireland,USD,MAIN MARKET,,EUET,UETY
GSPE,GOLDMAN SACHS ETF ICAV,GS MSCI PERT ETF,IE000GNOSM10,ETFS,16/01/2026,Ireland,USD,MAIN MARKET,,EUET,UET7
GSPP,GOLDMAN SACHS ETF ICAV,GS MSCI PERT ETF,IE000GNOSM10,ETFS,16/01/2026,Ireland,GBP,MAIN MARKET,,EUE2,UE2G
GSQU,GOLDMAN SACHS ETF ICAV,GS ALPHA ENHANCED US EQUITY ACTIVE ETF,IE000HYFO765,ETFS,28/04/2025,Ireland,GBP,MAIN MARKET,,EUE2,UEA4
GSWD,GOLDMAN SACHS ETF ICAV,GS ALPHA ENHANCED EQUITY ACTIVE ETF,IE000UFAX9L6,ETFS,12/05/2025,Ireland,GBP,MAIN MARKET,,EUE2,UEA4
WRLD,GOLDMAN SACHS ETF ICAV,GS ACTIVEBETA PARISALGN SUSWLDEQ ETF,IE000HPBRE54,ETFS,13/10/2022,Ireland,USD,MAIN MARKET,,EUET,UETY
ADEF,HANETF ICAV,KOTAK INDO-PACIFIC DEFENCE ETF GBX,IE000C7EUDG1,ETFS,30/07/2025,Ireland,GBX,MAIN MARKET,,EUE2,UE2C
AMAL,HANETF ICAV,SATURNA AL-K GBL FOCUS EQUITY - ACCUSD,IE00BMYMHS24,ETFS,30/09/2020,Ireland,USD,MAIN MARKET,,EUET,UEA2
AMAP,HANETF ICAV,SATURNA AL-K GBL FOCUS EQUITY - ACCGBX,IE00BMYMHS24,ETFS,30/09/2020,Ireland,GBX,MAIN MARKET,,EUE2,UEA4
ARMY,HANETF ICAV,FUTURE OF EU DEF SCREENED UCITS ETF ACC,IE000I7E6HL0,ETFS,11/04/2025,Ireland,USD,MAIN MARKET,,EUET,UET3
CLMA,HANETF ICAV,GUINNESS SUST ENERGY UCITS ETF ACC USD,IE00BNC1F287,ETFS,08/12/2020,Ireland,USD,MAIN MARKET,,EUET,UEA2
CLMP,HANETF ICAV,GUINNESS SUST ENERGY UCITS ETF ACC GBX,IE00BNC1F287,ETFS,08/12/2020,Ireland,GBX,MAIN MARKET,,EUE2,UEA4
COPP,HANETF ICAV,SPROTT COPPER MINERS UCITS ETF ACC GBX,IE000IQQEL77,ETFS,07/12/2023,Ireland,GBX,MAIN MARKET,,EUE2,UE2C
CPPR,HANETF ICAV,SPROTT COPPER MINERS UCITS ETF ACC USD,IE000IQQEL77,ETFS,07/12/2023,Ireland,USD,MAIN MARKET,,EUET,UET3
EMQP,HANETF ICAV,EMQQ EM MKTS INTERNET UCITS ETF ACC GBX,IE00BFYN8Y92,ETFS,05/10/2018,Ireland,GBX,MAIN MARKET,,EUE2,UE2C
EMQQ,HANETF ICAV,EMQQ EM MKTS INTERNET UCITS ETF ACC USD,IE00BFYN8Y92,ETFS,05/10/2018,Ireland,USD,MAIN MARKET,,EUET,UET3
ESGO,HANETF ICAV,GOLD MINERS SCREENED UCITS ETF ACC USD,IE00BNTVVR89,ETFS,07/07/2021,Ireland,USD,MAIN MARKET,,EUET,UET3
ESGP,HANETF ICAV,GOLD MINERS SCREENED UCITS ETF ACC GBX,IE00BNTVVR89,ETFS,07/07/2021,Ireland,GBX,MAIN MARKET,,EUE2,UE2C
FEP,HANETF ICAV,LLOYD FOCUSED EQUITY ACC ETF USD,IE000NYVK0R8,ETFS,17/05/2024,Ireland,USD,MAIN MARKET,,EUET,UET3
GEP,HANETF ICAV,LLOYD GROWTH EQUITY ACC ETF USD,IE00068IJAK0,ETFS,17/05/2024,Ireland,USD,MAIN MARKET,,EUET,UET3
GIJO,HANETF ICAV,FUTURE OF US DEFENCE UCITS ETF ACC USD,IE000KDY10O3,ETFS,17/03/2022,Ireland,USD,MAIN MARKET,,EUET,UET3
GOVE,HANETF ICAV,JUPITER GLOBAL GOV BOND ACTIVE ETF USD,IE000GDU4WA8,ETFS,12/02/2025,Ireland,USD,MAIN MARKET,,EUET,UEA2
GOVH,HANETF ICAV,JUPITER GOV BOND ACTIVE ETF GBP HEDGED,IE000U00VD47,ETFS,16/10/2025,Ireland,GBX,MAIN MARKET,,EUET,UEA2
GR8,HANETF ICAV,MAKING EUROPE GREAT AGAIN UCITS ETF ACC,IE0007WMHDE3,ETFS,25/07/2023,Ireland,GBX,MAIN MARKET,,EUET,UET3
INQP,HANETF ICAV,INQQ INDIA INTERNET UCITS ETF ACC GBX,IE000WYTQSF9,ETFS,16/11/2023,Ireland,GBX,MAIN MARKET,,EUE2,UE2C
INQQ,HANETF ICAV,INQQ INDIA INTERNET UCITS ETF ACC USD,IE000WYTQSF9,ETFS,16/11/2023,Ireland,USD,MAIN MARKET,,EUET,UET3
ITEK,HANETF ICAV,HAN-GINS TECH MEGATREND EQL WT UCITS ETF,IE00BDDRF700,ETFS,10/10/2018,Ireland,USD,MAIN MARKET,,EUET,UET3
ITEP,HANETF ICAV,HAN-GINS TECH MEGATREND EQL WT UCITS ETF,IE00BDDRF700,ETFS,10/10/2018,Ireland,GBX,MAIN MARKET,,EUE2,UE2C
JOGP,HANETF ICAV,JUPITER ORIGIN GLOBAL SML COMP ETF GBX,IE000AN3AFZ1,ETFS,10/12/2025,Ireland,GBX,MAIN MARKET,,EUE2,UEA4
JOGS,HANETF ICAV,JUPITER ORIGIN GLOBAL SML COMP ETF USD,IE000AN3AFZ1,ETFS,10/12/2025,Ireland,USD,MAIN MARKET,,EUET,UEA2
JURP,HANETF ICAV,JURY GLOBAL HIGH DIVIDEND UCITS ETF GBX,IE0002HWPU75,ETFS,13/05/2026,Ireland,GBX,MAIN MARKET,,EUE2,UE2C
JURY,HANETF ICAV,JURY GLOBAL HIGH DIVIDEND UCITS ETF USD,IE0002HWPU75,ETFS,13/05/2026,Ireland,USD,MAIN MARKET,,EUET,UET3
KYIV,HANETF ICAV,DEF UKRAINE RECONSTRUCTION UCITS ETF GBX,IE000R8PO127,ETFS,12/03/2026,Ireland,GBX,MAIN MARKET,,EUE2,UE2C
MCTP,HANETF ICAV,MIDDLEFIELD CANADIAN ENHANCED IN ETF GBX,IE000P1G9TM6,ETFS,23/10/2025,Ireland,GBX,MAIN MARKET,,EUET,UEA2
MEXP,HANETF ICAV,FIN MEX S&PBMV INT SOV BND 5-10YR ACC,IE000RI14ZD9,ETFS,31/03/2022,Ireland,GBX,MAIN MARKET,,EUE2,UE2C
MEXS,HANETF ICAV,FIN MEX S&PBMV INT SOV BND 5-10YR ACC,IE000RI14ZD9,ETFS,31/03/2022,Ireland,USD,MAIN MARKET,,EUET,UET3
MMLP,HANETF ICAV,ALERIAN MID ENGY DIV UCITS ETF DIST,IE00BKPTXQ89,ETFS,30/07/2020,Ireland,USD,MAIN MARKET,,EUET,UET3
NAT8,HANETF ICAV,FUTURE OF DEFENCE SCREENED UCITS ETF GBX,IE00041H4WT9,ETFS,10/12/2025,Ireland,GBX,MAIN MARKET,,EUE2,UE2C
NATE,HANETF ICAV,FUTURE OF DEFENCE SCREENED UCITS ETF USD,IE00041H4WT9,ETFS,10/12/2025,Ireland,USD,MAIN MARKET,,EUET,UET3
NATO,HANETF ICAV,FUTURE OF DEFENCE ACC USD,IE000OJ5TQP4,ETFS,04/07/2023,Ireland,USD,MAIN MARKET,,EUET,UET3
NATP,HANETF ICAV,FUTURE OF DEFENCE ACC GBX,IE000OJ5TQP4,ETFS,04/07/2023,Ireland,GBX,MAIN MARKET,,EUE2,UE2C
NAVY,HANETF ICAV,FUTURE OF EU DEF SCREENED UCITS ETF ACC,IE000I7E6HL0,ETFS,11/04/2025,Ireland,GBX,MAIN MARKET,,EUE2,UE2C
NUKP,HANETF ICAV,INFRA CAP NUCLEAR RENAISS UCITS ETF GBX,IE0006WPPA00,ETFS,09/04/2026,Ireland,GBX,MAIN MARKET,,EUE2,UE2C
NUKZ,HANETF ICAV,INFRA CAP NUCLEAR RENAISS UCITS ETF USD,IE0006WPPA00,ETFS,09/04/2026,Ireland,USD,MAIN MARKET,,EUET,UET3
PGOV,HANETF ICAV,JUPITER GLOBAL GOV BOND ACTIVE ETF GBX,IE000GDU4WA8,ETFS,12/02/2025,Ireland,GBX,MAIN MARKET,,EUE2,UEA4
PMLP,HANETF ICAV,ALERIAN MID ENGY DIV UCITS ETF DIST,IE00BKPTXQ89,ETFS,30/07/2020,Ireland,GBX,MAIN MARKET,,EUE2,UE2C
QUAD,HANETF ICAV,KOTAK INDO-PACIFIC DEFENCE ETF USD,IE000C7EUDG1,ETFS,30/07/2025,Ireland,USD,MAIN MARKET,,EUET,UET3
RNTA,HANETF ICAV,AMERANT LATIN AMERICAN DEBT ETF USD,IE000Y187J49,ETFS,26/03/2025,Ireland,USD,MAIN MARKET,,EUET,UEA2
RNTG,HANETF ICAV,AMERANT LATIN AMERICAN DEBT ETF GBX,IE000Y187J49,ETFS,26/03/2025,Ireland,GBX,MAIN MARKET,,EUE2,UEA4
ROE,HANETF ICAV,GOSHAWK GLOBAL BALANCE UCITS ETF ACC USD,IE00BL643144,ETFS,13/10/2020,Ireland,USD,MAIN MARKET,,EUET,UEA2
ROES,HANETF ICAV,GOSHAWK GLOBAL BALANCE UCITS ETF ACC GBX,IE00BL643144,ETFS,13/10/2020,Ireland,GBX,MAIN MARKET,,EUE2,UEA4
SEAL,HANETF ICAV,FUTURE OF US DEFENCE UCITS ETF ACC GBX,IE000KDY10O3,ETFS,17/03/2022,Ireland,GBX,MAIN MARKET,,EUE2,UE2C
SLVG,HANETF ICAV,SPROTT SILVER MINERS AND PHY SIL ETF GBX,IE0008WICO06,ETFS,17/04/2026,Ireland,GBX,MAIN MARKET,,EUE2,UE2C
SLVM,HANETF ICAV,SPROTT SILVER MINERS AND PHY SIL ETF USD,IE0008WICO06,ETFS,17/04/2026,Ireland,USD,MAIN MARKET,,EUET,UET3
TRIP,HANETF ICAV,USGLB INVESTORS TRAVEL UCITS ETF ACC GBX,IE00BMFNW783,ETFS,09/06/2021,Ireland,GBX,MAIN MARKET,,EUE2,UEA4
TRYP,HANETF ICAV,USGLB INVESTORS TRAVEL UCITS ETF ACC USD,IE00BMFNW783,ETFS,09/06/2021,Ireland,USD,MAIN MARKET,,EUET,UEA2
UKRN,HANETF ICAV,DEF UKRAINE RECONSTRUCTION UCITS ETF USD,IE000R8PO127,ETFS,12/03/2026,Ireland,USD,MAIN MARKET,,EUET,UET3
URJP,HANETF ICAV,SPROTT JNR URANIUM MINERS ACC ETF GBX,IE00075IVKF9,ETFS,23/02/2024,Ireland,GBX,MAIN MARKET,,EUE2,UE2C
URNJ,HANETF ICAV,SPROTT JNR URANIUM MINERS ACC ETF USD,IE00075IVKF9,ETFS,23/02/2024,Ireland,USD,MAIN MARKET,,EUET,UET3
URNM,HANETF ICAV,SPROTT URANIUM MINERS ACC ETF USD,IE0005YK6564,ETFS,06/05/2022,Ireland,USD,MAIN MARKET,,EUET,UET3
URNP,HANETF ICAV,SPROTT URANIUM MINERS ETF ACC ETF GBX,IE0005YK6564,ETFS,06/05/2022,Ireland,GBX,MAIN MARKET,,EUE2,UE2C
WELL,HANETF ICAV,HARBOR HEALTH CARE UCITS ETF ACC USD,IE00BJQTJ848,ETFS,08/04/2019,Ireland,USD,MAIN MARKET,,EUET,UEA2
WELP,HANETF ICAV,HARBOR HEALTH CARE UCITS ETF ACC GBX,IE00BJQTJ848,ETFS,08/04/2019,Ireland,GBX,MAIN MARKET,,EUE2,UEA4
AIPG,HANETF II ICAV,DEF AI POWER INFRASTRUCTURE UCITSETF GBX,IE000WUTBLT5,ETFS,10/04/2026,Ireland,GBX,MAIN MARKET,,EUE2,UE2C
AIPO,HANETF II ICAV,DEF AI POWER INFRASTRUCTURE UCITSETF USD,IE000WUTBLT5,ETFS,10/04/2026,Ireland,USD,MAIN MARKET,,EUET,UET3
CATB,HANETF II ICAV,KRC CAT BOND UCITS ETF USD,IE000UWJUW87,ETFS,13/01/2026,Ireland,USD,MAIN MARKET,,EUET,UEA2
CEGI,HANETF II ICAV,REX CRYPTO EIG UCITS ETF DIS ETF USD,IE0008BA4TY1,ETFS,02/07/2025,Ireland,USD,MAIN MARKET,,EUET,UEA2
CEPG,HANETF II ICAV,REX CRYPTO EIG UCITS ETF DIS ETF GBX,IE0008BA4TY1,ETFS,02/07/2025,Ireland,GBX,MAIN MARKET,,EUE2,UEA4
CHPP,HANETF II ICAV,YIELDMAX SEMICONDUCTOR UCITS ETF GBX,IE000T8QD852,ETFS,26/02/2026,Ireland,GBX,MAIN MARKET,,EUE2,UEA4
CHPY,HANETF II ICAV,YIELDMAX SEMICONDUCTOR UCITS ETF USD,IE000T8QD852,ETFS,26/02/2026,Ireland,USD,MAIN MARKET,,EUET,UEA2
DR4M,HANETF II ICAV,DEFIANCE MEMORY UCITS ETF GBX,IE000CEUZ052,ETFS,24/06/2026,Ireland,GBX,MAIN MARKET,,EUE2,UE2C
DRAM,HANETF II ICAV,DEFIANCE MEMORY UCITS ETF USD,IE000CEUZ052,ETFS,24/06/2026,Ireland,USD,MAIN MARKET,,EUET,UET3
DRN,HANETF II ICAV,DEFIANCE DRONE UCITS ETF GBX,IE0003XW12I8,ETFS,16/03/2026,Ireland,GBX,MAIN MARKET,,EUE2,UE2C
DRON,HANETF II ICAV,DEFIANCE DRONE UCITS ETF USD,IE0003XW12I8,ETFS,16/03/2026,Ireland,USD,MAIN MARKET,,EUET,UET3
FEGI,HANETF II ICAV,REX TECH INN INCG UCITS ETF DIS ETF USD,IE000OBK3UE0,ETFS,02/07/2025,Ireland,USD,MAIN MARKET,,EUET,UEA2
FEPD,HANETF II ICAV,REX TECH INN INCG UCITS ETF DIS ETF GBX,IE000OBK3UE0,ETFS,02/07/2025,Ireland,GBX,MAIN MARKET,,EUE2,UEA4
FEPG,HANETF II ICAV,REX TECH INN PREG UCITS ETF DIS ETF GBX,IE000HF69TA9,ETFS,02/07/2025,Ireland,GBX,MAIN MARKET,,EUE2,UEA4
FEPI,HANETF II ICAV,REX TECH INN PREG UCITS ETF DIS ETF USD,IE000HF69TA9,ETFS,02/07/2025,Ireland,USD,MAIN MARKET,,EUET,UEA2
GRNP,HANETF II ICAV,FUNDSTRAT GRANNY SHOTS UCITS ETF GBX,IE000OQGOX00,ETFS,22/05/2026,Ireland,GBX,MAIN MARKET,,EUE2,UEA4
GRNY,HANETF II ICAV,FUNDSTRAT GRANNY SHOTS UCITS ETF USD,IE000OQGOX00,ETFS,22/05/2026,Ireland,USD,MAIN MARKET,,EUET,UEA2
ILS,HANETF II ICAV,KRC CAT BOND UCITS ETF GBX,IE000UWJUW87,ETFS,13/01/2026,Ireland,GBX,MAIN MARKET,,EUE2,UEA4
NATI,HANETF II ICAV,YIELDMAX FUTURE DEFENCE OPTION ETF GBX,IE000TAA0GK0,ETFS,10/12/2025,Ireland,GBX,MAIN MARKET,,EUE2,UEA4
NATY,HANETF II ICAV,YIELDMAX FUTURE DEFENCE OPTION ETF USD,IE000TAA0GK0,ETFS,10/12/2025,Ireland,USD,MAIN MARKET,,EUET,UEA2
PFFI,HANETF II ICAV,INFRASTRUCTURE CAP PREFERRED INC ETF USD,IE0008LRGGP4,ETFS,03/10/2025,Ireland,USD,MAIN MARKET,,EUET,UEA2
PFFP,HANETF II ICAV,INFRASTRUCTURE CAP PREFERRED INC ETF GBX,IE0008LRGGP4,ETFS,03/10/2025,Ireland,GBX,MAIN MARKET,,EUE2,UEA4
PH0T,HANETF II ICAV,DEFIANCE PHOTONICS UCITS ETF GBX,IE000W1S2PT6,ETFS,09/07/2026,Ireland,GBX,MAIN MARKET,,EUE2,UE2C
PHOT,HANETF II ICAV,DEFIANCE PHOTONICS UCITS ETF USD,IE000W1S2PT6,ETFS,09/07/2026,Ireland,USD,MAIN MARKET,,EUET,UET3
PTAD,HANETF II ICAV,PERFORMANCE TRUST TOTAL RTBD ACC ETF USD,IE000X5OD4M3,ETFS,14/11/2024,Ireland,USD,MAIN MARKET,,EUET,UEA2
PTAM,HANETF II ICAV,PERFORMANCE TRUST TOTAL RTBD ACC ETF GBX,IE000X5OD4M3,ETFS,14/11/2024,Ireland,GBX,MAIN MARKET,,EUE2,UEA4
RMBP,HANETF II ICAV,REGAN TOTAL RTN INCOME ACC UCITS ETF GBX,IE000TD32PU3,ETFS,02/07/2025,Ireland,GBX,MAIN MARKET,,EUE2,UEA4
RMBS,HANETF II ICAV,REGAN TOTAL RTN INCOME ACC UCITS ETF USD,IE000TD32PU3,ETFS,02/07/2025,Ireland,USD,MAIN MARKET,,EUET,UEA2
UKIG,HANETF II ICAV,SABA CAPITAL INVESTMENT TRUSTS ETF USD,IE0008RSSHT4,ETFS,05/03/2026,Ireland,USD,MAIN MARKET,,EUE2,UEA4
UKIT,HANETF II ICAV,SABA CAPITAL INVESTMENT TRUSTS ETF GBX,IE0008RSSHT4,ETFS,05/03/2026,Ireland,GBX,MAIN MARKET,,EUET,UEA2
YMAG,HANETF II ICAV,YIELDMAX BIG TECH OPTION INCOME ETF USD,IE000MMRLY96,ETFS,27/03/2025,Ireland,USD,MAIN MARKET,,EUET,UEA2
YMAP,HANETF II ICAV,YIELDMAX BIG TECH OPTION INCOME ETF GBX,IE000MMRLY96,ETFS,27/03/2025,Ireland,GBX,MAIN MARKET,,EUE2,UEA4
H50A,HSBC ETFS PLC,HSBC EURO STOXX 50 UCITS ETF EUR (ACC),IE000MWUQBJ0,ETFS,29/06/2022,Ireland,GBP,MAIN MARKET,Open-ended investment companies,EUET,UET1
H50E,HSBC ETFS PLC,HSBC EURO STOXX 50 UCITS ETF,IE00B4K6B022,ETFS,06/10/2009,Ireland,GBX,MAIN MARKET,Open-ended investment companies,EUET,UET1
H50G,HSBC ETFS PLC,HSBC EURO STOXX 50 UCITS ETF GBP HED ACC,IE000QW9E395,ETFS,17/10/2025,Ireland,GBP,MAIN MARKET,Open-ended investment companies,EUET,UET9
HAGG,HSBC ETFS PLC,HSBC BBG GLO ESG AGG 1-3 YR BD UCITS ETF,IE000XGNMWE1,ETFS,14/01/2022,Ireland,USD,MAIN MARKET,Open-ended investment companies,EUET,UET9
HAGS,HSBC ETFS PLC,HSBC BBG GLO ESG AGG 1-3 YR BD UCITS ETF,IE000XGNMWE1,ETFS,14/01/2022,Ireland,GBP,MAIN MARKET,Open-ended investment companies,EUE2,UE2I
HCAA,HSBC ETFS PLC,HSBC MSCI CHINA A UCITS ETF USD (ACC),IE000Z4OYPZ6,ETFS,13/07/2022,Ireland,USD,MAIN MARKET,Open-ended investment companies,EUET,UET5
HCAD,HSBC ETFS PLC,HSBC MSCI CANADA UCITS ETF $,IE00B51B7Z02,ETFS,24/02/2011,Ireland,USD,MAIN MARKET,Open-ended investment companies,EUE2,UE2E
HCAN,HSBC ETFS PLC,HSBC MSCI CANADA UCITS ETF,IE00B51B7Z02,ETFS,24/02/2011,Ireland,GBX,MAIN MARKET,Open-ended investment companies,EUET,UET5
HCAU,HSBC ETFS PLC,HSBC MSCI CHINA A UCITS ETF USD HEDGED A,IE0007HPIXG8,ETFS,30/05/2025,Ireland,USD,MAIN MARKET,Open-ended investment companies,EUET,UET5
HCHA,HSBC ETFS PLC,HSBC MSCI CHINA UCITS ETF USD (ACC),IE0007P4PBU1,ETFS,13/07/2022,Ireland,USD,MAIN MARKET,Open-ended investment companies,EUET,UET5
HCHS,HSBC ETFS PLC,HSBC MSCI CHINA UCITS ETF USD (ACC),IE0007P4PBU1,ETFS,13/07/2022,Ireland,GBP,MAIN MARKET,Open-ended investment companies,EUE2,UE2E
HEMA,HSBC ETFS PLC,HSBC MSCI EM UCITS ETF USD (ACC),IE000KCS7J59,ETFS,29/06/2022,Ireland,USD,MAIN MARKET,Open-ended investment companies,EUET,UET5
HEMC,HSBC ETFS PLC,HSBC MSCI EM UCITS ETF USD (ACC),IE000KCS7J59,ETFS,29/06/2022,Ireland,GBP,MAIN MARKET,Open-ended investment companies,EUE2,UE2E
HEMV,HSBC ETFS PLC,HSBC MSCI EM VALUE SCR UCITS ETF USD ACC,IE000NVVIF88,ETFS,08/12/2022,Ireland,USD,MAIN MARKET,Open-ended investment companies,EUET,UET5
HESC,HSBC ETFS PLC,HSBC MSCI EM SC SCR USD ACC,IE000W080FK3,ETFS,04/11/2022,Ireland,USD,MAIN MARKET,Open-ended investment companies,EUET,UET5
HESS,HSBC ETFS PLC,HSBC MSCI EM SC SCR USD ACC,IE000W080FK3,ETFS,04/11/2022,Ireland,GBP,MAIN MARKET,Open-ended investment companies,EUE2,UE2E
HEVS,HSBC ETFS PLC,HSBC MSCI EM VALUE SCR UCITS ETF USD ACC,IE000NVVIF88,ETFS,08/12/2022,Ireland,GBP,MAIN MARKET,Open-ended investment companies,EUE2,UE2E
HFEJ,HSBC ETFS PLC,HSBC MSCI AC FAEXJP UCITS ETF USD (DIST),IE00022VXYM7,ETFS,13/07/2022,Ireland,GBP,MAIN MARKET,Open-ended investment companies,EUE2,UE2A
HFEX,HSBC ETFS PLC,HSBC MSCI AC FAEXJP UCITS ETF USD (DIST),IE00022VXYM7,ETFS,13/07/2022,Ireland,USD,MAIN MARKET,Open-ended investment companies,EUET,UET1
HIDD,HSBC ETFS PLC,HSBC MSCI INDONESIA UCITS ETF $,IE00B46G8275,ETFS,30/03/2011,Ireland,USD,MAIN MARKET,Open-ended investment companies,EUE2,UE2A
HIDR,HSBC ETFS PLC,HSBC MSCI INDONESIA UCITS ETF,IE00B46G8275,ETFS,30/03/2011,Ireland,GBX,MAIN MARKET,Open-ended investment companies,EUET,UET1
HIEM,HSBC ETFS PLC,HSBC MSCI EM ISLAMIC SCREEN ETF USD ACC,IE0009BC6K22,ETFS,13/01/2023,Ireland,USD,MAIN MARKET,Open-ended investment companies,EUET,UET5
HIES,HSBC ETFS PLC,HSBC MSCI EM ISLAMIC SCR ETF USD ACC,IE0009BC6K22,ETFS,13/01/2023,Ireland,GBP,MAIN MARKET,Open-ended investment companies,EUE2,UE2E
HIEU,HSBC ETFS PLC,HSBC MSCI EUROPE ISLAMIC SCR ETF EUR ACC,IE000AGFZM58,ETFS,06/12/2022,Ireland,USD,MAIN MARKET,Open-ended investment companies,EUE2,UE2E
HIJP,HSBC ETFS PLC,HSBC MSCI JAPAN ISLAMIC SCR ETF USD ACC,IE0001XCFC82,ETFS,29/09/2023,Ireland,USD,MAIN MARKET,Open-ended investment companies,EUET,UET5
HIJS,HSBC ETFS PLC,HSBC MSCI JP ISL SCR USD ACC,IE0001XCFC82,ETFS,29/09/2023,Ireland,GBP,MAIN MARKET,Open-ended investment companies,EUE2,UE2E
HIND,HSBC ETFS PLC,HSBC FTSE EPRA DEV ISLAMIC ETF USD (ACC),IE000U679IT9,ETFS,22/09/2023,Ireland,USD,MAIN MARKET,Open-ended investment companies,EUET,UET5
HINS,HSBC ETFS PLC,HSBC FTSE EPRA DEV ISLAMIC ETF USD (ACC),IE000U679IT9,ETFS,22/09/2023,Ireland,GBP,MAIN MARKET,Open-ended investment companies,EUE2,UE2E
HIPS,HSBC ETFS PLC,HSBC MSCI EUROPE ISLAMIC SCR ETF EUR ACC,IE000AGFZM58,ETFS,06/12/2022,Ireland,GBP,MAIN MARKET,Open-ended investment companies,EUET,UET5
HITC,HSBC ETFS PLC,HSBC S&P INDIA TECH UCITS ETF EUR (ACC),IE0008119MO8,ETFS,04/03/2024,Ireland,GBP,MAIN MARKET,Open-ended investment companies,EUE2,UE2E
HITD,HSBC ETFS PLC,HSBC S&P INDIA TECH UCITS ETF EUR (ACC),IE0008119MO8,ETFS,04/03/2024,Ireland,USD,MAIN MARKET,Open-ended investment companies,EUET,UET5
HIUA,HSBC ETFS PLC,HSBC MSCI USA ISLAMIC SCR USD ACC,IE000I5NV504,ETFS,18/11/2022,Ireland,USD,MAIN MARKET,Open-ended investment companies,EUET,UET5
HIUS,HSBC ETFS PLC,HSBC MSCI USA ISLAMIC SCR USD ACC,IE000I5NV504,ETFS,18/11/2022,Ireland,GBP,MAIN MARKET,Open-ended investment companies,EUE2,UE2E
HIWO,HSBC ETFS PLC,HSBC MSCI WORLD ISLAMIC SCR ETF USD ACC,IE000X9FTI22,ETFS,01/12/2022,Ireland,USD,MAIN MARKET,Open-ended investment companies,EUET,UET5
HIWS,HSBC ETFS PLC,HSBC MSCI WORLD ISLAMIC SCR ETF USD ACC,IE000X9FTI22,ETFS,01/12/2022,Ireland,GBP,MAIN MARKET,Open-ended investment companies,EUE2,UE2E
HKOD,HSBC ETFS PLC,HSBC MSCI KOREA CAPPED UCITS ETF $,IE00B3Z0X395,ETFS,07/04/2011,Ireland,USD,MAIN MARKET,Open-ended investment companies,EUE2,UE2A
HKOR,HSBC ETFS PLC,HSBC MSCI KOREA CAPPED UCITS ETF,IE00B3Z0X395,ETFS,07/04/2011,Ireland,GBX,MAIN MARKET,Open-ended investment companies,EUET,UET1
HMAD,HSBC ETFS PLC,HSBC MSCI AC FAR EAST EXJAPAN UCITSETF $,IE00BBQ2W338,ETFS,27/09/2013,Ireland,USD,MAIN MARKET,Open-ended investment companies,EUE2,UE2A
HMAF,HSBC ETFS PLC,HSBC MSCI AC FAR EAST EXJAPAN UCITSETF £,IE00BBQ2W338,ETFS,27/09/2013,Ireland,GBP,MAIN MARKET,Open-ended investment companies,EUET,UET1
HMCA,HSBC ETFS PLC,HSBC MSCI CHINA A UCITS ETF,IE00BF4NQ904,ETFS,27/07/2018,Ireland,GBP,MAIN MARKET,Open-ended investment companies,EUE2,UE2E
HMCD,HSBC ETFS PLC,HSBC MSCI CHINA UCITS ETF,IE00B44T3H88,ETFS,28/01/2011,Ireland,USD,MAIN MARKET,Open-ended investment companies,EUE2,UE2A
HMCH,HSBC ETFS PLC,HSBC MSCI CHINA UCITS ETF $,IE00B44T3H88,ETFS,28/01/2011,Ireland,GBX,MAIN MARKET,Open-ended investment companies,EUET,UET1
HMCT,HSBC ETFS PLC,HSBC MSCI CHINA A UCITS ETF,IE00BF4NQ904,ETFS,27/07/2018,Ireland,USD,MAIN MARKET,Open-ended investment companies,EUET,UET5
HMCX,HSBC ETFS PLC,HSBC FTSE 250 UCITS ETF,IE00B64PTF05,ETFS,08/04/2010,Ireland,GBX,MAIN MARKET,Open-ended investment companies,EUET,UET1
HMEA,HSBC ETFS PLC,HSBC MSCI EUROPE UCITS ETF EUR (ACC),IE000ZQOIPB1,ETFS,13/07/2022,Ireland,USD,MAIN MARKET,Open-ended investment companies,EUET,UET1
HMEF,HSBC ETFS PLC,HSBC MSCI EMERGING MARKETS UCITS ETF,IE00B5SSQT16,ETFS,07/09/2011,Ireland,GBX,MAIN MARKET,Open-ended investment companies,EUET,UET1
HMEM,HSBC ETFS PLC,HSBC MSCI EMERGING MARKETS UCITS ETF $,IE00B5SSQT16,ETFS,07/09/2011,Ireland,USD,MAIN MARKET,Open-ended investment companies,EUE2,UE2A
HMES,HSBC ETFS PLC,HSBC MSCI EUROPE UCITS ETF EUR (ACC),IE000ZQOIPB1,ETFS,13/07/2022,Ireland,GBP,MAIN MARKET,Open-ended investment companies,EUE2,UE2A
HMEU,HSBC ETFS PLC,HSBC MSCI EUROPE UCITS ETF,IE00B5BD5K76,ETFS,02/06/2010,Ireland,GBX,MAIN MARKET,Open-ended investment companies,EUET,UET1
HMJA,HSBC ETFS PLC,HSBC MSCI JAPAN UCITS ETF USD (ACC),IE0006RFB3X2,ETFS,20/07/2022,Ireland,USD,MAIN MARKET,Open-ended investment companies,EUET,UET5
HMJD,HSBC ETFS PLC,HSBC MSCI JAPAN UCITS ETF $,IE00B5VX7566,ETFS,14/10/2010,Ireland,USD,MAIN MARKET,Open-ended investment companies,EUE2,UE2E
HMJP,HSBC ETFS PLC,HSBC MSCI JAPAN UCITS ETF,IE00B5VX7566,ETFS,24/03/2010,Ireland,GBX,MAIN MARKET,Open-ended investment companies,EUET,UET5
HMUD,HSBC ETFS PLC,HSBC MSCI USA UCITS ETF $,IE00B5WFQ436,ETFS,14/10/2010,Ireland,USD,MAIN MARKET,Open-ended investment companies,EUE2,UE2E
HMUS,HSBC ETFS PLC,HSBC MSCI USA UCITS ETF,IE00B5WFQ436,ETFS,02/06/2010,Ireland,GBX,MAIN MARKET,Open-ended investment companies,EUET,UET5
HMWA,HSBC ETFS PLC,HSBC MSCI WORLD UCITS ETF USD (ACC),IE000UQND7H4,ETFS,29/06/2022,Ireland,USD,MAIN MARKET,Open-ended investment companies,EUET,UET5
HMWD,HSBC ETFS PLC,HSBC MSCI WORLD UCITS ETF $,IE00B4X9L533,ETFS,10/12/2010,Ireland,USD,MAIN MARKET,Open-ended investment companies,EUE2,UE2E
HMWO,HSBC ETFS PLC,HSBC MSCI WORLD UCITS ETF,IE00B4X9L533,ETFS,10/12/2010,Ireland,GBX,MAIN MARKET,Open-ended investment companies,EUET,UET5
HMWS,HSBC ETFS PLC,HSBC MSCI WORLD UCITS ETF USD (ACC),IE000UQND7H4,ETFS,29/06/2022,Ireland,GBP,MAIN MARKET,Open-ended investment companies,EUE2,UE2E
HMXA,HSBC ETFS PLC,HSBC MSCI PAC EX JP UCITS ETF USD (ACC),IE000SGVQIZ9,ETFS,20/07/2022,Ireland,USD,MAIN MARKET,Open-ended investment companies,EUET,UET5
HMXD,HSBC ETFS PLC,HSBC MSCI PACIFIC EX JAPAN UCITS ETF,IE00B5SG8Z57,ETFS,06/09/2010,Ireland,USD,MAIN MARKET,Open-ended investment companies,EUE2,UE2A
HMXJ,HSBC ETFS PLC,HSBC MSCI PACIFIC EX JAPAN UCITS ETF $,IE00B5SG8Z57,ETFS,06/09/2010,Ireland,GBX,MAIN MARKET,Open-ended investment companies,EUET,UET1
HMXS,HSBC ETFS PLC,HSBC MSCI PAC EX JP UCITS ETF USD (ACC),IE000SGVQIZ9,ETFS,20/07/2022,Ireland,GBP,MAIN MARKET,Open-ended investment companies,EUE2,UE2E
HNCS,HSBC ETFS PLC,HSBC NASDAQ GLOBAL CLIM TECH ETF USD ACC,IE000XC6EVL9,ETFS,13/10/2023,Ireland,GBP,MAIN MARKET,Open-ended investment companies,EUE2,UE2E
HNCT,HSBC ETFS PLC,HSBC NASDAQ GLOBAL CLIM TECH ETF USD ACC,IE000XC6EVL9,ETFS,13/10/2023,Ireland,USD,MAIN MARKET,Open-ended investment companies,EUET,UET5
HNSC,HSBC ETFS PLC,HSBC NASDQ GLOBL SEMICONDUCTR UCITS ETF,IE000YDZG487,ETFS,26/01/2022,Ireland,USD,MAIN MARKET,Open-ended investment companies,EUET,UET5
HNSS,HSBC ETFS PLC,HSBC NASDQ GLOBL SEMICONDUCTR UCITS ETF,IE000YDZG487,ETFS,26/01/2022,Ireland,GBP,MAIN MARKET,Open-ended investment companies,EUE2,UE2E
HPAE,HSBC ETFS PLC,HSBC MSCI EUROPE CLIMATE PARIS UCITS ETF,IE00BP2C0316,ETFS,06/08/2021,Ireland,GBP,MAIN MARKET,Open-ended investment companies,EUET,UET5
HPAJ,HSBC ETFS PLC,HSBC MSCI ASIA PAC EX JPN PAB UCITS ETF,IE000XFORJ80,ETFS,12/04/2022,Ireland,USD,MAIN MARKET,Open-ended investment companies,EUET,UET5
HPAO,HSBC ETFS PLC,HSBC MSCI WORLD CLIMATE PARIS UCITS ETF,IE00BP2C1V62,ETFS,08/07/2021,Ireland,GBP,MAIN MARKET,Open-ended investment companies,EUE2,UE2E
HPAS,HSBC ETFS PLC,HSBC MSCI USA CLIMATE PARIS UCITS ETF,IE00BP2C1S34,ETFS,04/08/2021,Ireland,GBP,MAIN MARKET,Open-ended investment companies,EUE2,UE2E
HPAU,HSBC ETFS PLC,HSBC MSCI USA CLIMATE PARIS UCITS ETF,IE00BP2C1S34,ETFS,04/08/2021,Ireland,USD,MAIN MARKET,Open-ended investment companies,EUET,UET5
HPAW,HSBC ETFS PLC,HSBC MSCI WORLD CLIMATE PARIS UCITS ETF,IE00BP2C1V62,ETFS,08/07/2021,Ireland,USD,MAIN MARKET,Open-ended investment companies,EUET,UET5
HPAX,HSBC ETFS PLC,HSBC MSCI ASIA PAC EX JPN PAB UCITS ETF,IE000XFORJ80,ETFS,12/04/2022,Ireland,GBP,MAIN MARKET,Open-ended investment companies,EUE2,UE2E
HPED,HSBC ETFS PLC,HSBC FTSE EPRA NAR DEV CPA ETF USD(DIST),IE000SPKU8M9,ETFS,15/03/2024,Ireland,USD,MAIN MARKET,Open-ended investment companies,EUET,UET5
HPEF,HSBC ETFS PLC,HSBC MSCI EM PAB UCITS ETF,IE000FNVOB27,ETFS,08/04/2022,Ireland,GBP,MAIN MARKET,Open-ended investment companies,EUE2,UE2E
HPEM,HSBC ETFS PLC,HSBC MSCI EM PAB UCITS ETF,IE000FNVOB27,ETFS,08/04/2022,Ireland,USD,MAIN MARKET,Open-ended investment companies,EUET,UET5
HPES,HSBC ETFS PLC,HSBC FTSE EPRA NAR DEV CPA ETF USD(DIST),IE000SPKU8M9,ETFS,15/03/2024,Ireland,GBP,MAIN MARKET,Open-ended investment companies,EUE2,UE2E
HPJP,HSBC ETFS PLC,HSBC MSCI JAPAN CLIMATE PARIS UCITS ETF,IE000UU299V4,ETFS,11/11/2021,Ireland,USD,MAIN MARKET,Open-ended investment companies,EUET,UET5
HPJS,HSBC ETFS PLC,HSBC MSCI JAPAN CLIMATE PARIS UCITS ETF,IE000UU299V4,ETFS,11/11/2021,Ireland,GBP,MAIN MARKET,Open-ended investment companies,EUE2,UE2E
HPNA,HSBC ETFS PLC,HSBC FTSE EPRA NAR DEV CPA ETF USD (ACC),IE00096S6AV7,ETFS,15/03/2024,Ireland,USD,MAIN MARKET,Open-ended investment companies,EUET,UET5
HPNS,HSBC ETFS PLC,HSBC FTSE EPRA NAR DEV CPA ETF USD (ACC),IE00096S6AV7,ETFS,15/03/2024,Ireland,GBP,MAIN MARKET,Open-ended investment companies,EUE2,UE2E
HPRA,HSBC ETFS PLC,HSBC FTSE EPRA NAREIT DEV ETF USD (ACC),IE000G6GSP88,ETFS,20/07/2022,Ireland,USD,MAIN MARKET,Open-ended investment companies,EUET,UET5
HPRD,HSBC ETFS PLC,HSBC FTSE EPRA/NAREIT DEV. UCITS ETF $,IE00B5L01S80,ETFS,22/06/2011,Ireland,USD,MAIN MARKET,Open-ended investment companies,EUE2,UE2E
HPRO,HSBC ETFS PLC,HSBC FTSE EPRA/NAREIT DEV. UCITS ETF,IE00B5L01S80,ETFS,22/06/2011,Ireland,GBX,MAIN MARKET,Open-ended investment companies,EUET,UET5
HPRS,HSBC ETFS PLC,HSBC FTSE EPRA NAREIT DEV ETF USD (ACC),IE000G6GSP88,ETFS,20/07/2022,Ireland,GBP,MAIN MARKET,Open-ended investment companies,EUE2,UE2E
HPUD,HSBC ETFS PLC,HSBC MSCI USA CL PAR ALGN ETF USD (DIST),IE000O0KDG23,ETFS,20/07/2022,Ireland,USD,MAIN MARKET,Open-ended investment companies,EUET,UET5
HPWG,HSBC ETFS PLC,HSBC MSCI WORLD CPA UCITS ETF GBP HED AC,IE000910ZA91,ETFS,27/03/2026,Ireland,GBP,MAIN MARKET,Open-ended investment companies,EUET,UET5
HQED,HSBC ETFS PLC,HSBC PLU EM EQ IN QUANT ACTIVE ETF USD D,IE000893FCN6,ETFS,22/08/2025,Ireland,USD,MAIN MARKET,Open-ended investment companies,EUET,UEA1
HQEI,HSBC ETFS PLC,HSBC PLUS EM EQ IN QUANT ACT ETF USD ACC,IE000RN4ORI2,ETFS,23/01/2026,Ireland,USD,MAIN MARKET,Open-ended investment companies,EUET,UEA1
HQEM,HSBC ETFS PLC,HSBC PLUS EM EQ QUANT ACTIVE ETF USD ACC,IE000UERNJ93,ETFS,22/08/2025,Ireland,USD,MAIN MARKET,Open-ended investment companies,EUET,UEA1
HQES,HSBC ETFS PLC,HSBC PLUS EM EQ QUANT ACTIVE ETF USD ACC,IE000UERNJ93,ETFS,22/08/2025,Ireland,GBP,MAIN MARKET,Open-ended investment companies,EUE2,UEA3
HQIE,HSBC ETFS PLC,HSBC PLU EM EQ IN QUANT ACTIVE ETF USD D,IE000893FCN6,ETFS,22/08/2025,Ireland,GBP,MAIN MARKET,Open-ended investment companies,EUE2,UEA3
HQIW,HSBC ETFS PLC,HSBC PLU WO EQ IN QUANT ACTIVE ETF USD D,IE000KL4O2Z8,ETFS,05/06/2025,Ireland,GBP,MAIN MARKET,Open-ended investment companies,EUE2,UEA3
HQUD,HSBC ETFS PLC,HSBC PLUS USA EQUITY QUANT ACTIVE UCITS,IE0008JXFQK8,ETFS,05/06/2025,Ireland,USD,MAIN MARKET,Open-ended investment companies,EUET,UEA1
HQUS,HSBC ETFS PLC,HSBC PLUS USA EQUITY QUANT ACTIVE UCITS,IE0008JXFQK8,ETFS,05/06/2025,Ireland,GBP,MAIN MARKET,Open-ended investment companies,EUE2,UEA3
HQWA,HSBC ETFS PLC,HSBC PLUS WO EQ QUANT ACTIVE ETF USD ACC,IE000ZURGSV2,ETFS,05/06/2025,Ireland,USD,MAIN MARKET,Open-ended investment companies,EUET,UEA1
HQWD,HSBC ETFS PLC,HSBC PLU WO EQ IN QUANT ACTIVE ETF USD D,IE000KL4O2Z8,ETFS,05/06/2025,Ireland,USD,MAIN MARKET,Open-ended investment companies,EUET,UEA1
HQWS,HSBC ETFS PLC,HSBC PLUS WO EQ QUANT ACTIVE ETF USD ACC,IE000ZURGSV2,ETFS,05/06/2025,Ireland,GBP,MAIN MARKET,Open-ended investment companies,EUE2,UEA3
HSAS,HSBC ETFS PLC,HSBC APAC EX JP SCR EQ UC ETF USD (DIST),IE000P1WR081,ETFS,06/07/2022,Ireland,GBP,MAIN MARKET,Open-ended investment companies,EUE2,UE2E
HSAX,HSBC ETFS PLC,HSBC APAC EX JP SCR EQ UC ETF USD (DIST),IE000P1WR081,ETFS,06/07/2022,Ireland,USD,MAIN MARKET,Open-ended investment companies,EUET,UET5
HSDD,HSBC ETFS PLC,HSBC DEV WLD SCREENED EQ ETF USD DIST,IE000ZGT8JM8,ETFS,27/07/2022,Ireland,USD,MAIN MARKET,Open-ended investment companies,EUET,UET5
HSDS,HSBC ETFS PLC,HSBC DEV WLD SCREENED EQ ETF USD DIST,IE000ZGT8JM8,ETFS,27/07/2022,Ireland,GBP,MAIN MARKET,Open-ended investment companies,EUE2,UE2E
HSDU,HSBC ETFS PLC,HSBC USA SCR EQ UCITS ETF USD (DIST),IE000YFGN231,ETFS,06/07/2022,Ireland,USD,MAIN MARKET,Open-ended investment companies,EUET,UET5
HSEF,HSBC ETFS PLC,HSBC EM SCREENED EQUITY ETF,IE00BKY59G90,ETFS,28/08/2020,Ireland,GBP,MAIN MARKET,Open-ended investment companies,EUE2,UE2E
HSEM,HSBC ETFS PLC,HSBC EM SCREENEED EQUITY ETF,IE00BKY59G90,ETFS,28/08/2020,Ireland,USD,MAIN MARKET,Open-ended investment companies,EUET,UET5
HSEP,HSBC ETFS PLC,HSBC EUROPE SCREENED EQUITY ETF,IE00BKY55W78,ETFS,05/06/2020,Ireland,GBP,MAIN MARKET,Open-ended investment companies,EUE2,UE2E
HSEU,HSBC ETFS PLC,HSBC EUROPE SCREENED EQUITY ETF,IE00BKY55W78,ETFS,05/06/2020,Ireland,EUR,MAIN MARKET,Open-ended investment companies,EUET,UET5
HSJA,HSBC ETFS PLC,HSBC JAPAN SCR EQ UCITS ETF USD (DIST),IE000J3F4J90,ETFS,06/07/2022,Ireland,USD,MAIN MARKET,Open-ended investment companies,EUET,UET5
HSJD,HSBC ETFS PLC,HSBC JAPAN SCREENED EQUITY ETF,IE00BKY55S33,ETFS,05/06/2020,Ireland,USD,MAIN MARKET,Open-ended investment companies,EUET,UET5
HSJP,HSBC ETFS PLC,HSBC JAPAN SCREENED EQUITY ETF,IE00BKY55S33,ETFS,05/06/2020,Ireland,GBP,MAIN MARKET,Open-ended investment companies,EUE2,UE2E
HSJS,HSBC ETFS PLC,HSBC JAPAN SCR EQ UCITS ETF USD (DIST),IE000J3F4J90,ETFS,06/07/2022,Ireland,GBP,MAIN MARKET,Open-ended investment companies,EUE2,UE2E
HSMD,HSBC ETFS PLC,HSBC EM SCR EQUITY UCITS ETF USD (DIST),IE000XYBMEH0,ETFS,29/06/2022,Ireland,USD,MAIN MARKET,Open-ended investment companies,EUET,UET5
HSMS,HSBC ETFS PLC,HSBC EM SCR EQUITY UCITS ETF USD (DIST),IE000XYBMEH0,ETFS,29/06/2022,Ireland,GBP,MAIN MARKET,Open-ended investment companies,EUE2,UE2E
HSPA,HSBC ETFS PLC,HSBC S&P 500 UCITS ETF USD (ACC),IE000JZ473P7,ETFS,22/06/2022,Ireland,USD,MAIN MARKET,Open-ended investment companies,EUET,UET5
HSPD,HSBC ETFS PLC,HSBC S&P 500 UCITS ETF $,IE00B5KQNG97,ETFS,28/06/2010,Ireland,USD,MAIN MARKET,Open-ended investment companies,EUE2,UE2E
HSPS,HSBC ETFS PLC,HSBC S&P 500 UCITS ETF USD (ACC),IE000JZ473P7,ETFS,22/06/2022,Ireland,GBP,MAIN MARKET,Open-ended investment companies,EUE2,UE2E
HSPX,HSBC ETFS PLC,HSBC S&P 500 UCITS ETF,IE00B5KQNG97,ETFS,17/05/2010,Ireland,GBX,MAIN MARKET,Open-ended investment companies,EUET,UET5
HSSU,HSBC ETFS PLC,HSBC USA SCR EQ UCITS ETF USD (DIST),IE000YFGN231,ETFS,06/07/2022,Ireland,GBP,MAIN MARKET,Open-ended investment companies,EUE2,UE2E
HSTC,HSBC ETFS PLC,HSBC HANG SENG TECH UCITS ETF,IE00BMWXKN31,ETFS,10/12/2020,Ireland,GBP,MAIN MARKET,Open-ended investment companies,EUE2,UE2A
HSTE,HSBC ETFS PLC,HSBC HANG SENG TECH UCITS ETF,IE00BMWXKN31,ETFS,10/12/2020,Ireland,USD,MAIN MARKET,Open-ended investment companies,EUET,UET1
HSUD,HSBC ETFS PLC,HSBC USA SCREENED EQUITY ETF,IE00BKY40J65,ETFS,05/06/2020,Ireland,USD,MAIN MARKET,Open-ended investment companies,EUET,UET5
HSUK,HSBC ETFS PLC,HSBC UK SCREENED EQUITY ETF,IE00BKY53D40,ETFS,09/10/2020,Ireland,GBP,MAIN MARKET,Open-ended investment companies,EUET,UET5
HSUS,HSBC ETFS PLC,HSBC USA SCREENED EQUITY ETF,IE00BKY40J65,ETFS,05/06/2020,Ireland,GBP,MAIN MARKET,Open-ended investment companies,EUE2,UE2E
HSWD,HSBC ETFS PLC,HSBC DEV WORLD SCREENED EQUITY ETF,IE00BKY59K37,ETFS,10/07/2020,Ireland,USD,MAIN MARKET,Open-ended investment companies,EUET,UET5
HSWO,HSBC ETFS PLC,HSBC DEV WORLD SCREENED EQUITY ETF,IE00BKY59K37,ETFS,10/07/2020,Ireland,GBP,MAIN MARKET,Open-ended investment companies,EUE2,UE2E
HSXD,HSBC ETFS PLC,HSBC APAC EX JAP SCREENED EQUITY ETF,IE00BKY58G26,ETFS,21/08/2020,Ireland,USD,MAIN MARKET,Open-ended investment companies,EUET,UET5
HSXE,HSBC ETFS PLC,HSBC EUROPE EX UK SCR EQUITY UCITS ETF,IE00BKY58625,ETFS,22/04/2022,Ireland,GBP,MAIN MARKET,Open-ended investment companies,EUE2,UE2E
HSXJ,HSBC ETFS PLC,HSBC APAC EX JAP SCREENED EQUITY ETF,IE00BKY58G26,ETFS,21/08/2020,Ireland,GBP,MAIN MARKET,Open-ended investment companies,EUE2,UE2E
HSXU,HSBC ETFS PLC,HSBC EUROPE EX UK SCR EQUITY UCITS ETF,IE00BKY58625,ETFS,22/04/2022,Ireland,USD,MAIN MARKET,Open-ended investment companies,EUET,UET5
HTWD,HSBC ETFS PLC,HSBC MSCI TAIWAN UCITS ETF $,IE00B3S1J086,ETFS,30/03/2011,Ireland,USD,MAIN MARKET,Open-ended investment companies,EUE2,UE2A
HTWN,HSBC ETFS PLC,HSBC MSCI TAIWAN UCITS ETF,IE00B3S1J086,ETFS,30/03/2011,Ireland,GBX,MAIN MARKET,Open-ended investment companies,EUET,UET1
HUKD,HSBC ETFS PLC,HSBC UK SCREENED EQ ETF GBP (DIST),IE00046S3PW1,ETFS,27/07/2022,Ireland,USD,MAIN MARKET,Open-ended investment companies,EUE2,UE2E
HUKS,HSBC ETFS PLC,HSBC UK SCREENED EQ ETF GBP (DIST),IE00046S3PW1,ETFS,27/07/2022,Ireland,GBP,MAIN MARKET,Open-ended investment companies,EUET,UET5
HUKX,HSBC ETFS PLC,HSBC FTSE 100 UCITS ETF,IE00B42TW061,ETFS,25/08/2009,Ireland,GBX,MAIN MARKET,Open-ended investment companies,EUET,UET1
HWDA,HSBC ETFS PLC,HSBC MULTI FACTOR WLDWIDE EQ ETF USD ACC,IE0000378O66,ETFS,27/07/2022,Ireland,USD,MAIN MARKET,Open-ended investment companies,EUET,UEA1
HWQA,HSBC ETFS PLC,HSBC PLUS WLD EQ IN QUANT ACT ETF USD AC,IE000T52YWD9,ETFS,23/01/2026,Ireland,USD,MAIN MARKET,Open-ended investment companies,EUET,UEA1
HWSC,HSBC ETFS PLC,HSBC MSCI WLD SMALL CAP SCR ETF USD ACC,IE000C692SN6,ETFS,21/10/2022,Ireland,USD,MAIN MARKET,Open-ended investment companies,EUET,UET5
HWSS,HSBC ETFS PLC,HSBC MSCI WLD SMALL CAP SCR ETF USD ACC,IE000C692SN6,ETFS,21/10/2022,Ireland,GBP,MAIN MARKET,Open-ended investment companies,EUE2,UE2E
HWVL,HSBC ETFS PLC,HSBC MSCI WORLD VALUE SCR ETF USD ACC,IE000LYBU7X5,ETFS,19/10/2022,Ireland,USD,MAIN MARKET,Open-ended investment companies,EUET,UET5
HWVS,HSBC ETFS PLC,HSBC MSCI WORLD VALUE SCR ETF USD ACC,IE000LYBU7X5,ETFS,19/10/2022,Ireland,GBP,MAIN MARKET,Open-ended investment companies,EUE2,UE2E
HWWA,HSBC ETFS PLC,HSBC MULTI FACTOR WORLDWIDE EQ UCITS £,IE00BKZGB098,ETFS,08/07/2014,Ireland,GBP,MAIN MARKET,Open-ended investment companies,EUE2,UE2A
HWWD,HSBC ETFS PLC,HSBC MULTI FACTOR WORLDWIDE EQ UCITS $,IE00BKZGB098,ETFS,08/07/2014,Ireland,USD,MAIN MARKET,Open-ended investment companies,EUET,UET1
HWWS,HSBC ETFS PLC,HSBC MULTI FACTOR WLDWIDE EQ ETF USD ACC,IE0000378O66,ETFS,27/07/2022,Ireland,GBP,MAIN MARKET,Open-ended investment companies,EUE2,UEA3
HAGE,HSBC GLOBAL FUNDS ICAV,HSBC ICAV GLOBAL AGG BOND ESG UCITS ETF,IE000VJEVNM1,ETFS,30/01/2025,Ireland,USD,MAIN MARKET,Open-ended investment companies,EUET,UET5
HBKS,HSBC GLOBAL FUNDS ICAV,HSBC ICAV GLOBAL SUKUK UCITS ETF ETFC,IE000E8WZD37,ETFS,12/09/2023,Ireland,GBP,MAIN MARKET,Open-ended investment companies,EUE2,UE2E
HBKU,HSBC GLOBAL FUNDS ICAV,HSBC ICAV GLOBAL SUKUK UCITS ETF ETFC,IE000E8WZD37,ETFS,12/09/2023,Ireland,USD,MAIN MARKET,Open-ended investment companies,EUET,UET5
HCBG,HSBC GLOBAL FUNDS ICAV,HSBC ICAV GLOBAL CORP BOND ETF ETFSHGBP,IE0005FQHJC4,ETFS,17/10/2023,Ireland,GBP,MAIN MARKET,Open-ended investment companies,EUET,UET5
HCBU,HSBC GLOBAL FUNDS ICAV,HSBC ICAV GLOBAL CORP BOND ETF ETFCH,IE000EHRXW91,ETFS,17/10/2023,Ireland,USD,MAIN MARKET,Open-ended investment companies,EUET,UET5
HCGB,HSBC GLOBAL FUNDS ICAV,HSBC ICAV CHINA GOV BOND ETF ETFC,IE000N5JOGS2,ETFS,14/07/2023,Ireland,USD,MAIN MARKET,Open-ended investment companies,EUET,UET5
HCGG,HSBC GLOBAL FUNDS ICAV,HSBC ICAV CHINA GOV BOND ETF ETFSHGBP,IE0009PACXU3,ETFS,14/07/2023,Ireland,GBP,MAIN MARKET,Open-ended investment companies,EUET,UET5
HCGU,HSBC GLOBAL FUNDS ICAV,HSBC ICAV CHINA GOV BOND ETF ETFCH,IE0004A007J3,ETFS,14/07/2023,Ireland,USD,MAIN MARKET,Open-ended investment companies,EUET,UET5
HDBA,HSBC GLOBAL FUNDS ICAV,HSBC ICAV SUS DEV BK BND ETF,IE000L6BRPZ8,ETFS,14/05/2024,Ireland,USD,MAIN MARKET,Open-ended investment companies,EUET,UET5
HEGB,HSBC GLOBAL FUNDS ICAV,HSBC ICAV EURO GOV BOND UCITS ETF ETFC,IE00066KZ5B5,ETFS,20/05/2025,Ireland,GBP,MAIN MARKET,Open-ended investment companies,EUET,UET5
HGAD,HSBC GLOBAL FUNDS ICAV,HSBC ICAV GLOBAL AGG BND ETF,IE0007SZHO07,ETFS,24/05/2024,Ireland,USD,MAIN MARKET,Open-ended investment companies,EUET,UET5
HGAS,HSBC GLOBAL FUNDS ICAV,HSBC ICAV GLOBAL AGG BND ETF,IE0009RYSBF2,ETFS,24/05/2024,Ireland,GBP,MAIN MARKET,Open-ended investment companies,EUET,UET5
HGVG,HSBC GLOBAL FUNDS ICAV,HSBC ICAV GLOBAL GOV BOND ETF ETFSHGBP,IE000Q7EQ7R4,ETFS,24/07/2023,Ireland,GBP,MAIN MARKET,Open-ended investment companies,EUET,UET5
HGVU,HSBC GLOBAL FUNDS ICAV,HSBC ICAV GLOBAL GOV BOND ETF ETFCH,IE0006NCFSW9,ETFS,24/07/2023,Ireland,USD,MAIN MARKET,Open-ended investment companies,EUET,UET5
HJGB,HSBC GLOBAL FUNDS ICAV,HSBC ICAV JAPAN GOV BOND UCITS ETF ETFC,IE000DKL1700,ETFS,20/05/2025,Ireland,GBP,MAIN MARKET,Open-ended investment companies,EUET,UET5
HSGG,HSBC GLOBAL FUNDS ICAV,HSBC ICAV GL ESG GOV BOND ETF ETFSHGBP,IE000VYC5HU2,ETFS,10/07/2023,Ireland,GBP,MAIN MARKET,Open-ended investment companies,EUET,UET5
HSGU,HSBC GLOBAL FUNDS ICAV,HSBC ICAV GL ESG GOV BOND ETF ETFCH,IE000NOLCFO5,ETFS,10/07/2023,Ireland,USD,MAIN MARKET,Open-ended investment companies,EUET,UET5
HSKD,HSBC GLOBAL FUNDS ICAV,HSBC ICAV GLOBAL SUKUK UCITS ETF,IE0009U8IBU8,ETFS,17/01/2025,Ireland,USD,MAIN MARKET,Open-ended investment companies,EUET,UET5
HUCB,HSBC GLOBAL FUNDS ICAV,HSBC ICAV US CORPORATE BD UCITS ETF ETFC,IE000845MQC5,ETFS,20/05/2025,Ireland,USD,MAIN MARKET,Open-ended investment companies,EUET,UET5
HUCS,HSBC GLOBAL FUNDS ICAV,HSBC ICAV US CORPORATE BD UCITS ETF ETFC,IE000845MQC5,ETFS,20/05/2025,Ireland,GBP,MAIN MARKET,Open-ended investment companies,EUE2,UE2E
HUST,HSBC GLOBAL FUNDS ICAV,HSBC ICAV US TREASURY BD UCITS ETF ETFC,IE000D2UDLG6,ETFS,20/05/2025,Ireland,GBP,MAIN MARKET,Open-ended investment companies,EUET,UET5
HGBP,HSBC GLOBAL LIQUIDITY FUNDS PLC,HSBC STERLING LIQUIDITY UCITS ETF ACC,IE000J4HXHK1,ETFS,28/11/2025,Ireland,GBP,MAIN MARKET,,EUET,UEA2
DBMF,IMGP,IMGP DBI MNGD FUTURES FD R USD UCITS ETF,LU2951555585,ETFS,22/04/2025,Luxembourg,USD,MAIN MARKET,,EUET,UEA2
DBMG,IMGP,IMGP DBI MNGD FUTURES FD R USD UCITS ETF,LU2951555585,ETFS,22/04/2025,Luxembourg,GBX,MAIN MARKET,,EUE2,UEA4
SARF,IMGP,IMGP SIRIOS ABSOLUTE RTRN FD R EUR HP PR,LU3334220699,ETFS,08/06/2026,Luxembourg,EUR,MAIN MARKET,,EUET,UEA2
BUYB,INVESCO MARKETS III PLC,INVESCO GLOBAL BUYBACK ACHIEVE UCITS ETF,IE00BLSNMW37,ETFS,28/10/2014,Ireland,USD,MAIN MARKET,,EUET,UET7
EMHD,INVESCO MARKETS III PLC,INVESCO FTSE EM HDLV UCITS ETF,IE00BYYXBF44,ETFS,31/05/2016,Ireland,USD,MAIN MARKET,,EUET,UET7
EQGB,INVESCO MARKETS III PLC,INVESCO EQQQ NASDAQ 100 UCITS ETF £ HDG,IE00BYVTMW98,ETFS,18/10/2017,Ireland,GBX,MAIN MARKET,,EUET,UET7
EQQQ,INVESCO MARKETS III PLC,INVESCO EQQQ NASDAQ 100 UCITS ETF,IE0032077012,ETFS,02/08/2005,Ireland,GBX,MAIN MARKET,,EUET,UET7
EQQU,INVESCO MARKETS III PLC,INVESCO EQQQ NASDAQ 100 UCITS ETF,IE0032077012,ETFS,24/03/2015,Ireland,USD,MAIN MARKET,,EUE2,UE2G
EUHD,INVESCO MARKETS III PLC,INVESCO EURO STOXX HIGH DIV LOW VOL ETF,IE00BZ4BMM98,ETFS,08/01/2016,Ireland,GBX,MAIN MARKET,,EUE2,UE2G
FAGB,INVESCO MARKETS III PLC,INVESCO US HY FALL ANGEL UCITS ETF £ HDG,IE00BYVTN047,ETFS,18/10/2017,Ireland,GBX,MAIN MARKET,,EUET,UET7
FAHY,INVESCO MARKETS III PLC,INVESCO US HY FALL ANGEL UCITS ETF,IE00BD0Q9673,ETFS,05/09/2016,Ireland,GBX,MAIN MARKET,,EUE2,UE2G
HDEM,INVESCO MARKETS III PLC,INVESCO FTSE EM HDLV UCITS ETF,IE00BYYXBF44,ETFS,31/05/2016,Ireland,GBX,MAIN MARKET,,EUE2,UE2G
HDEU,INVESCO MARKETS III PLC,INVESCO EURO STOXX HIGH DIV LOW VOL ETF,IE00BZ4BMM98,ETFS,08/01/2016,Ireland,EUR,MAIN MARKET,,EUET,UET7
HDLG,INVESCO MARKETS III PLC,INVESCO S&P 500 HIGH DIV LOW VOL ETF,IE00BWTN6Y99,ETFS,12/05/2015,Ireland,GBX,MAIN MARKET,,EUE2,UE2G
HDLV,INVESCO MARKETS III PLC,INVESCO S&P 500 HIGH DIV LOW VOL ETF,IE00BWTN6Y99,ETFS,12/05/2015,Ireland,USD,MAIN MARKET,,EUET,UET7
HYFA,INVESCO MARKETS III PLC,INVESCO US HY FALL ANGEL UCITS ETF,IE00BD0Q9673,ETFS,05/09/2016,Ireland,USD,MAIN MARKET,,EUET,UET7
HYFC,INVESCO MARKETS III PLC,INVESCO US HYFC USD ACC,IE0009D6K2A2,ETFS,29/07/2022,Ireland,USD,MAIN MARKET,,EUET,UET7
PQVG,INVESCO MARKETS III PLC,INVESCO S&P 500 QVM UCITS ETF,IE00BDZCKK11,ETFS,23/05/2017,Ireland,GBX,MAIN MARKET,,EUE2,UE2G
PQVM,INVESCO MARKETS III PLC,INVESCO S&P 500 QVM UCITS ETFSHARES,IE00BDZCKK11,ETFS,23/05/2017,Ireland,USD,MAIN MARKET,,EUET,UET7
PRUS,INVESCO MARKETS III PLC,IVZ RAFI US FUNDMTL VAL UCITS ETF,IE00B23D8S39,ETFS,24/03/2015,Ireland,USD,MAIN MARKET,,EUE2,UE2G
PSRE,INVESCO MARKETS III PLC,IVZ RAFI EUROPE FUNDMTL VAL UCITS ETF,IE00B23D8X81,ETFS,21/11/2007,Ireland,GBX,MAIN MARKET,,EUET,UET7
PSRF,INVESCO MARKETS III PLC,IVZ RAFI US FUNDMTL VAL UCITS ETF,IE00B23D8S39,ETFS,21/11/2007,Ireland,GBX,MAIN MARKET,,EUET,UET7
PSRM,INVESCO MARKETS III PLC,IVZ RAFI EM FUNDMTL VAL UCITS ETF,IE00B23D9570,ETFS,21/11/2007,Ireland,GBX,MAIN MARKET,,EUET,UET7
PSRW,INVESCO MARKETS III PLC,IVZ RAFI ALL-WORLD FNDMTL VAL UCITS ETF,IE00B23LNQ02,ETFS,03/12/2007,Ireland,GBX,MAIN MARKET,,EUET,UET7
SBUY,INVESCO MARKETS III PLC,INVESCO GLOBAL BUYBACK ACHIEVERS UCITS E,IE00BLSNMW37,ETFS,28/10/2014,Ireland,GBX,MAIN MARKET,,EUE2,UE2G
AT1,INVESCO MARKETS II PLC,IVZ USD AT1 COCO BOND ETF,IE00BFZPF322,ETFS,25/06/2018,Ireland,USD,MAIN MARKET,,EUET,UET7
AT1D,INVESCO MARKETS II PLC,IVZ USD AT1 COCO BOND ETF D,IE00BG0TQB18,ETFS,28/09/2018,Ireland,GBX,MAIN MARKET,,EUET,UET7
AT1P,INVESCO MARKETS II PLC,IVZ USD AT1 COCO BOND ETF,IE00BFZPF322,ETFS,16/07/2018,Ireland,GBX,MAIN MARKET,,EUE2,UE2G
AT1S,INVESCO MARKETS II PLC,IVZ USD AT1 COCO BOND ETF GB HDG D,IE00BYZLWM19,ETFS,28/09/2018,Ireland,GBX,MAIN MARKET,,EUET,UET7
B26G,INVESCO MARKETS II PLC,IVZ BULLETSHARES 2026 USD C BOND GBP H D,IE0001AXQAS6,ETFS,05/07/2024,Ireland,GBX,MAIN MARKET,,EUET,UET7
B26X,INVESCO MARKETS II PLC,IVZ BULLETSHARES 2026 USD C BOND GBP H A,IE000IR87HP7,ETFS,10/07/2025,Ireland,GBX,MAIN MARKET,,EUET,UET7
B27G,INVESCO MARKETS II PLC,IVZ BULLETSHARES 2027 USD C BOND GBP H D,IE00025DKLQ3,ETFS,05/07/2024,Ireland,GBX,MAIN MARKET,,EUET,UET7
B27X,INVESCO MARKETS II PLC,IVZ BULLETSHARES 2027 USD C BOND GBP H A,IE000JUB0QM2,ETFS,10/07/2025,Ireland,GBX,MAIN MARKET,,EUET,UET7
B28G,INVESCO MARKETS II PLC,IVZ BULLETSHARES 2028 USD C BOND GBP H D,IE000QAO7DD4,ETFS,05/07/2024,Ireland,GBX,MAIN MARKET,,EUET,UET7
B28X,INVESCO MARKETS II PLC,IVZ BULLETSHARES 2028 USD C BOND GBP H A,IE000ONYHPZ2,ETFS,10/07/2025,Ireland,GBX,MAIN MARKET,,EUET,UET7
B29G,INVESCO MARKETS II PLC,IVZ BULLETSHARES 2029 USD C BOND GBP H D,IE000GFG8GS0,ETFS,05/07/2024,Ireland,GBX,MAIN MARKET,,EUET,UET7
B29X,INVESCO MARKETS II PLC,IVZ BULLETSHARES 2029 USD C BOND GBP H A,IE000MIXAK02,ETFS,10/07/2025,Ireland,GBX,MAIN MARKET,,EUET,UET7
B30G,INVESCO MARKETS II PLC,IVZ BULLETSHARES 2030 USD C BOND GBP H D,IE000Y0DQX41,ETFS,05/07/2024,Ireland,GBX,MAIN MARKET,,EUET,UET7
B30X,INVESCO MARKETS II PLC,IVZ BULLETSHARES 2030 USD C BOND GBP H A,IE000ELHT1P5,ETFS,10/07/2025,Ireland,GBX,MAIN MARKET,,EUET,UET7
BCHN,INVESCO MARKETS II PLC,IVZ COINSHARES BLOCKCHAIN UCITS ETF,IE00BGBN6P67,ETFS,11/03/2019,Ireland,USD,MAIN MARKET,,EUET,UET7
BCHS,INVESCO MARKETS II PLC,IVZ COINSHARES BLOCKCHAIN UCITS ETF GBX,IE00BGBN6P67,ETFS,11/03/2019,Ireland,GBX,MAIN MARKET,,EUE2,UE2G
BS0A,INVESCO MARKETS II PLC,IVZ BULLETSHARES 2030 USD CORP BOND ACC,IE00034XRBU1,ETFS,24/05/2024,Ireland,USD,MAIN MARKET,,EUET,UET7
BS0X,INVESCO MARKETS II PLC,IVZ BULLETSHARES 2030 USD CORP BOND ACC,IE00034XRBU1,ETFS,24/05/2024,Ireland,GBX,MAIN MARKET,,EUE2,UE2G
BS27,INVESCO MARKETS II PLC,IVZ BULLETSHARES 2027 USD CORP BOND DIST,IE000BMDG046,ETFS,24/05/2024,Ireland,USD,MAIN MARKET,,EUET,UET7
BS28,INVESCO MARKETS II PLC,IVZ BULLETSHARES 2028 USD CORP BOND DIST,IE000A0RC215,ETFS,24/05/2024,Ireland,USD,MAIN MARKET,,EUET,UET7
BS29,INVESCO MARKETS II PLC,IVZ BULLETSHARES 2029 USD CORP BOND DIST,IE000C5Q64P6,ETFS,24/05/2024,Ireland,USD,MAIN MARKET,,EUET,UET7
BS30,INVESCO MARKETS II PLC,IVZ BULLETSHARES 2030 USD CORP BOND DIST,IE000GB2EQ90,ETFS,24/05/2024,Ireland,USD,MAIN MARKET,,EUET,UET7
BS6A,INVESCO MARKETS II PLC,IVZ BULLETSHARES 2026 USD CORP BOND ACC,IE000ZUAJ6B7,ETFS,24/05/2024,Ireland,USD,MAIN MARKET,,EUET,UET7
BS6X,INVESCO MARKETS II PLC,IVZ BULLETSHARES 2026 USD CORP BOND ACC,IE000ZUAJ6B7,ETFS,24/05/2024,Ireland,GBX,MAIN MARKET,,EUE2,UE2G
BS7A,INVESCO MARKETS II PLC,IVZ BULLETSHARES 2027 USD CORP BOND ACC,IE0001XIQ4D9,ETFS,24/05/2024,Ireland,USD,MAIN MARKET,,EUET,UET7
BS7X,INVESCO MARKETS II PLC,IVZ BULLETSHARES 2027 USD CORP BOND ACC,IE0001XIQ4D9,ETFS,24/05/2024,Ireland,GBX,MAIN MARKET,,EUE2,UE2G
BS8A,INVESCO MARKETS II PLC,IVZ BULLETSHARES 2028 USD CORP BOND ACC,IE000GMRDSZ7,ETFS,24/05/2024,Ireland,USD,MAIN MARKET,,EUET,UET7
BS8X,INVESCO MARKETS II PLC,IVZ BULLETSHARES 2028 USD CORP BOND ACC,IE000GMRDSZ7,ETFS,24/05/2024,Ireland,GBX,MAIN MARKET,,EUE2,UE2G
BS9A,INVESCO MARKETS II PLC,IVZ BULLETSHARES 2029 USD CORP BOND ACC,IE000B4EDHL6,ETFS,24/05/2024,Ireland,USD,MAIN MARKET,,EUET,UET7
BS9X,INVESCO MARKETS II PLC,IVZ BULLETSHARES 2029 USD CORP BOND ACC,IE000B4EDHL6,ETFS,24/05/2024,Ireland,GBX,MAIN MARKET,,EUE2,UE2G
BU26,INVESCO MARKETS II PLC,IVZ BULLETSHARES 2026 USD CORP BOND DIST,IE000O36LOH8,ETFS,24/05/2024,Ireland,USD,MAIN MARKET,,EUET,UET7
BX26,INVESCO MARKETS II PLC,IVZ BULLETSHARES 2026 USD CORP BOND DIST,IE000O36LOH8,ETFS,24/05/2024,Ireland,GBX,MAIN MARKET,,EUE2,UE2G
BX27,INVESCO MARKETS II PLC,IVZ BULLETSHARES 2027 USD CORP BOND DIST,IE000BMDG046,ETFS,24/05/2024,Ireland,GBX,MAIN MARKET,,EUE2,UE2G
BX28,INVESCO MARKETS II PLC,IVZ BULLETSHARES 2028 USD CORP BOND DIST,IE000A0RC215,ETFS,24/05/2024,Ireland,GBX,MAIN MARKET,,EUE2,UE2G
BX29,INVESCO MARKETS II PLC,IVZ BULLETSHARES 2029 USD CORP BOND DIST,IE000C5Q64P6,ETFS,24/05/2024,Ireland,GBX,MAIN MARKET,,EUE2,UE2G
BX30,INVESCO MARKETS II PLC,IVZ BULLETSHARES 2030 USD CORP BOND DIST,IE000GB2EQ90,ETFS,24/05/2024,Ireland,GBX,MAIN MARKET,,EUE2,UE2G
CBRX,INVESCO MARKETS II PLC,INVESCO CYBERSECURITY UCITS ETF ACC,IE00072RHT03,ETFS,01/11/2024,Ireland,GBX,MAIN MARKET,,EUE2,UE2G
CHNX,INVESCO MARKETS II PLC,INVESCO CHINEXT 50 UCITS ETF ACC,IE000AWRDWI7,ETFS,21/06/2024,Ireland,GBX,MAIN MARKET,,EUE2,UE2G
CLOD,INVESCO MARKETS II PLC,INVESCO EUR AAA CLO UCITS ETF DIST,IE000U7LIXH5,ETFS,13/02/2025,Ireland,GBX,MAIN MARKET,,EUET,UEA2
CLOX,INVESCO MARKETS II PLC,INVESCO EUR AAA CLO UCITS ETF GBP HDG AC,IE000JBJ1NZ4,ETFS,14/08/2025,Ireland,GBX,MAIN MARKET,,EUET,UEA2
CN50,INVESCO MARKETS II PLC,INVESCO CHINEXT 50 UCITS ETF ACC,IE000AWRDWI7,ETFS,21/06/2024,Ireland,USD,MAIN MARKET,,EUET,UET7
DEAM,INVESCO MARKETS II PLC,INVESCO MDAX UCITS ETF ACC,IE00BHJYDV33,ETFS,15/04/2025,Ireland,USD,MAIN MARKET,,EUET,UET7
DFNX,INVESCO MARKETS II PLC,INVESCO DEFENCE INNOVATION UCITS ETF ACC,IE000BRM9046,ETFS,01/11/2024,Ireland,GBX,MAIN MARKET,,EUE2,UE2G
EBXG,INVESCO MARKETS II PLC,IVZ EUR GOV 7-10 ETF GBP HDG DIST,IE0008F7X0W1,ETFS,20/03/2025,Ireland,GBX,MAIN MARKET,,EUET,UETY
EBXU,INVESCO MARKETS II PLC,IVZ EUR GOV 7-10 ETF USD HDG ACC,IE000GNI5B71,ETFS,20/03/2025,Ireland,USD,MAIN MARKET,,EUET,UETY
EEUR,INVESCO MARKETS II PLC,IVZ MSCI EUROPE UNI SCRN UCITS ETF A,IE00BJQRDL90,ETFS,24/05/2024,Ireland,USD,MAIN MARKET,,EUE2,UE2G
EHYB,INVESCO MARKETS II PLC,IVZ EURO CORP HYBRID BOND UCITS ETF DIST,IE00BKWD3966,ETFS,24/09/2020,Ireland,GBX,MAIN MARKET,,EUET,UET7
EQJS,INVESCO MARKETS II PLC,INVESCO NASDQ NEXT GEN 100 UCITS ETF ACC,IE00BMD8KP97,ETFS,25/03/2021,Ireland,GBX,MAIN MARKET,,EUE2,UE2G
EQQJ,INVESCO MARKETS II PLC,INVESCO NASDQ NEXT GEN 100 UCITS ETF ACC,IE00BMD8KP97,ETFS,25/03/2021,Ireland,USD,MAIN MARKET,,EUET,UET7
ESEM,INVESCO MARKETS II PLC,IVZ MSCI EM UNI SCRN UCITS ETF A,IE00BMDBMY19,ETFS,12/07/2021,Ireland,USD,MAIN MARKET,,EUET,UET7
ESES,INVESCO MARKETS II PLC,IVZ MSCI EM UNI SCRN UCITS ETF A,IE00BMDBMY19,ETFS,12/07/2021,Ireland,GBX,MAIN MARKET,,EUE2,UE2G
ESEU,INVESCO MARKETS II PLC,IVZ MSCI EUR EX UK UNI SCRN UCITS ETF A,IE00BMDBMW94,ETFS,15/03/2021,Ireland,GBX,MAIN MARKET,,EUET,UET7
ESGE,INVESCO MARKETS II PLC,IVZ MSCI EUROPE UNI SCRN UCITS ETF A,IE00BJQRDL90,ETFS,17/06/2019,Ireland,GBX,MAIN MARKET,,EUET,UET7
ESGG,INVESCO MARKETS II PLC,IVZ MSCI WORLD UNI SCRN UCITS ETF A,IE00BJQRDK83,ETFS,17/06/2019,Ireland,GBX,MAIN MARKET,,EUE2,UE2G
ESGJ,INVESCO MARKETS II PLC,IVZ MSCI JAPAN UNI SCRN UCITS ETF A,IE00BMDBMV87,ETFS,12/01/2021,Ireland,USD,MAIN MARKET,,EUET,UET7
ESGS,INVESCO MARKETS II PLC,IVZ MSCI USA UNI SCRN UCITS ETF A,IE00BJQRDM08,ETFS,17/06/2019,Ireland,GBX,MAIN MARKET,,EUE2,UE2G
ESGU,INVESCO MARKETS II PLC,IVZ MSCI USA UNI SCRN UCITS ETF A,IE00BJQRDM08,ETFS,17/06/2019,Ireland,USD,MAIN MARKET,,EUET,UET7
ESGW,INVESCO MARKETS II PLC,IVZ MSCI WORLD UNI SCRN UCITS ETF A,IE00BJQRDK83,ETFS,17/06/2019,Ireland,USD,MAIN MARKET,,EUET,UET7
ESJS,INVESCO MARKETS II PLC,IVZ MSCI JAPAN UNI SCRN UCITS ETF A,IE00BMDBMV87,ETFS,12/01/2021,Ireland,GBX,MAIN MARKET,,EUE2,UE2G
ESPB,INVESCO MARKETS II PLC,IVZ MSCI USA UNI SCRN UCITS ETF GBP HDGA,IE000T5R61X5,ETFS,28/01/2022,Ireland,GBX,MAIN MARKET,,EUET,UET7
ESPJ,INVESCO MARKETS II PLC,IVZ MSCI PAC EX JAP UNI SCRN UCITS ETF A,IE00BMDBMT65,ETFS,12/01/2021,Ireland,USD,MAIN MARKET,,EUET,UET7
ESPS,INVESCO MARKETS II PLC,IVZ MSCI PAC EX JAP UNI SCRN UCITS ETF A,IE00BMDBMT65,ETFS,12/01/2021,Ireland,GBX,MAIN MARKET,,EUE2,UE2G
ESUD,INVESCO MARKETS II PLC,IVZ MSCI USA UNI SCRN UCITS ETF D,IE000A8N67F3,ETFS,12/08/2021,Ireland,USD,MAIN MARKET,,EUET,UET7
ESUS,INVESCO MARKETS II PLC,IVZ MSCI USA UNI SCRN UCITS ETF D,IE000A8N67F3,ETFS,12/08/2021,Ireland,GBX,MAIN MARKET,,EUE2,UE2G
EWQX,INVESCO MARKETS II PLC,IVZ NASDAQ-100 EW UCITS ETF ACC,IE000L2SA8K5,ETFS,13/07/2023,Ireland,GBX,MAIN MARKET,,EUE2,UE2G
FASA,INVESCO MARKETS II PLC,IVZ FTSE ALL SHARE SCRN TILT UCITS ETF A,IE0003RA2ZR3,ETFS,03/11/2021,Ireland,GBX,MAIN MARKET,,EUET,UET7
FASE,INVESCO MARKETS II PLC,IVZ FTSE ALL SHARE SCRN TILT UCITS ETF D,IE00BN7J5Z03,ETFS,15/03/2021,Ireland,GBX,MAIN MARKET,,EUET,UET7
FTWD,INVESCO MARKETS II PLC,IVZ FTSE WLD UCITS ETF DIST,IE0000QLH0G6,ETFS,29/06/2023,Ireland,USD,MAIN MARKET,,EUET,UET7
FTWG,INVESCO MARKETS II PLC,IVZ FTSE WLD UCITS ETF DIST,IE0000QLH0G6,ETFS,29/06/2023,Ireland,GBX,MAIN MARKET,,EUE2,UE2G
FWRA,INVESCO MARKETS II PLC,IVZ FTSE WLD UCITS ETF ACC,IE000716YHJ7,ETFS,29/06/2023,Ireland,USD,MAIN MARKET,,EUET,UET7
FWRG,INVESCO MARKETS II PLC,IVZ FTSE WLD UCITS ETF ACC,IE000716YHJ7,ETFS,29/06/2023,Ireland,GBX,MAIN MARKET,,EUE2,UE2G
FWSD,INVESCO MARKETS II PLC,IVZ FTSE WLD UCITS ETF GBP PFHDG DIST,IE000UJC4MR1,ETFS,29/06/2023,Ireland,GBX,MAIN MARKET,,EUET,UET7
GBEG,INVESCO MARKETS II PLC,IVZ GBL CORP BD ESG CLIM ETF GB PFH D,IE000P2WSBY0,ETFS,12/04/2024,Ireland,GBX,MAIN MARKET,,EUET,UET7
GBHG,INVESCO MARKETS II PLC,IVZ GBL HY CORP BD ESG CLIM ETF GB PFH D,IE00020C1NS6,ETFS,16/01/2023,Ireland,GBX,MAIN MARKET,,EUET,UET7
GBHS,INVESCO MARKETS II PLC,IVZ GBL HY CORP BD ESG CLIM ETF DIST,IE000ZWSN3F7,ETFS,16/01/2023,Ireland,GBX,MAIN MARKET,,EUE2,UE2G
GBHY,INVESCO MARKETS II PLC,IVZ GBL HY CORP BD ESG CLIM ETF DIST,IE000ZWSN3F7,ETFS,16/01/2023,Ireland,USD,MAIN MARKET,,EUET,UET7
GCBE,INVESCO MARKETS II PLC,IVZ GBL CORPORATE BOND ESG UCITS ETF DIS,IE000FVQW7E7,ETFS,12/04/2024,Ireland,USD,MAIN MARKET,,EUET,UET7
GCBS,INVESCO MARKETS II PLC,IVZ GBL CORPORATE BOND ESG UCITS ETF DIS,IE000FVQW7E7,ETFS,12/04/2024,Ireland,GBX,MAIN MARKET,,EUE2,UE2G
GCED,INVESCO MARKETS II PLC,INVESCO GBL CLEAN ENERGY UCITS ETF DIST,IE00BLRB0028,ETFS,02/03/2021,Ireland,USD,MAIN MARKET,,EUET,UET7
GCEX,INVESCO MARKETS II PLC,INVESCO GBL CLEAN ENERGY UCITS ETF DIST,IE00BLRB0028,ETFS,02/03/2021,Ireland,GBX,MAIN MARKET,,EUE2,UE2G
GCLE,INVESCO MARKETS II PLC,INVESCO GBL CLEAN ENERGY UCITS ETF ACC,IE00BLRB0242,ETFS,02/03/2021,Ireland,USD,MAIN MARKET,,EUET,UET7
GCLX,INVESCO MARKETS II PLC,INVESCO GBL CLEAN ENERGY UCITS ETF ACC,IE00BLRB0242,ETFS,02/03/2021,Ireland,GBX,MAIN MARKET,,EUE2,UE2G
GLT5,INVESCO MARKETS II PLC,INVESCO UK GILT 1-5 YEAR UCITS ETF DIST,IE00BG0TQ445,ETFS,21/03/2019,Ireland,GBX,MAIN MARKET,,EUET,UETY
GLTA,INVESCO MARKETS II PLC,INVESCO UK GILTS UCITS ETF ACC,IE00BG0TQD32,ETFS,10/06/2019,Ireland,GBX,MAIN MARKET,,EUET,UETY
GLTP,INVESCO MARKETS II PLC,INVESCO UK GILTS UCITS ETF DIST,IE00BG0TQC25,ETFS,21/03/2019,Ireland,GBX,MAIN MARKET,,EUET,UETY
GT15,INVESCO MARKETS II PLC,INVESCO UK GILT 15+ YEAR UCITS ETF DIST,IE000AES5KQ5,ETFS,18/07/2025,Ireland,GBX,MAIN MARKET,,EUET,UETY
HYDE,INVESCO MARKETS II PLC,IVZ HYDRO ECON UCITS ETF ACC,IE00053WDH64,ETFS,13/09/2022,Ireland,USD,MAIN MARKET,,EUET,UET7
HYDN,INVESCO MARKETS II PLC,IVZ HYDRO ECON UCITS ETF ACC,IE00053WDH64,ETFS,13/09/2022,Ireland,GBX,MAIN MARKET,,EUE2,UE2G
IAIX,INVESCO MARKETS II PLC,INVESCO AI ENABLERS UCITS ETF ACC,IE000LGWDNE5,ETFS,01/11/2024,Ireland,GBX,MAIN MARKET,,EUE2,UE2G
ICBR,INVESCO MARKETS II PLC,INVESCO CYBERSECURITY UCITS ETF ACC,IE00072RHT03,ETFS,01/11/2024,Ireland,USD,MAIN MARKET,,EUET,UET7
ICLA,INVESCO MARKETS II PLC,IVZ USD AAA CLO UCITS ETF GBP HDG ACC,IE0006MHC136,ETFS,22/05/2025,Ireland,GBX,MAIN MARKET,,EUET,UEA2
ICLG,INVESCO MARKETS II PLC,IVZ USD AAA CLO UCITS ETF GBP HDG DIST,IE000DZN13O8,ETFS,22/05/2025,Ireland,GBX,MAIN MARKET,,EUET,UEA2
ICLO,INVESCO MARKETS II PLC,INVESCO USD AAA CLO UCITS ETF DIST,IE000PKN5N58,ETFS,13/02/2025,Ireland,USD,MAIN MARKET,,EUET,UET3
ICLP,INVESCO MARKETS II PLC,INVESCO USD AAA CLO UCITS ETF DIST,IE000PKN5N58,ETFS,13/02/2025,Ireland,GBX,MAIN MARKET,,EUE2,UE2C
ICLU,INVESCO MARKETS II PLC,INVESCO USD AAA CLO UCITS ETF ACC,IE0008GO35B5,ETFS,13/02/2025,Ireland,USD,MAIN MARKET,,EUET,UET3
ICLX,INVESCO MARKETS II PLC,INVESCO USD AAA CLO UCITS ETF ACC,IE0008GO35B5,ETFS,13/02/2025,Ireland,GBX,MAIN MARKET,,EUE2,UE2C
IDFN,INVESCO MARKETS II PLC,INVESCO DEFENCE INNOVATION UCITS ETF ACC,IE000BRM9046,ETFS,01/11/2024,Ireland,USD,MAIN MARKET,,EUET,UET7
IEWQ,INVESCO MARKETS II PLC,IVZ NASDAQ-100 EW UCITS ETF ACC,IE000L2SA8K5,ETFS,13/07/2023,Ireland,USD,MAIN MARKET,,EUET,UET7
IGBE,INVESCO MARKETS II PLC,IVZ GBP CORP BD SCR & TILT ETF DIST,IE00BKW9SV11,ETFS,26/02/2020,Ireland,GBX,MAIN MARKET,,EUET,UET7
IGCB,INVESCO MARKETS II PLC,IVZ GBP CORP BOND UCITS ETF DIST,IE00BKW9SW28,ETFS,11/03/2020,Ireland,GBX,MAIN MARKET,,EUET,UET7
IGDA,INVESCO MARKETS II PLC,IVZ DJ ISLAMIC GLOBAL DEV UCITS ETF ACC,IE000UOXRAM8,ETFS,10/01/2022,Ireland,USD,MAIN MARKET,,EUET,UET7
INSU,INVESCO MARKETS II PLC,IVZ US INSURANCE UCITS ETF ACC,IE0007UJ6IE0,ETFS,13/07/2023,Ireland,USD,MAIN MARKET,,EUET,UET7
INSX,INVESCO MARKETS II PLC,IVZ US INSURANCE UCITS ETF ACC,IE0007UJ6IE0,ETFS,13/07/2023,Ireland,GBX,MAIN MARKET,,EUE2,UE2G
IQEA,INVESCO MARKETS II PLC,INVESCO EUROPE ENHANCED EQUITY UCITS ETF,IE000YNVI4W4,ETFS,24/09/2025,Ireland,USD,MAIN MARKET,,EUET,UEA2
IQEX,INVESCO MARKETS II PLC,INVESCO EUROPE ENHANCED EQUITY UCITS ETF,IE000YNVI4W4,ETFS,24/09/2025,Ireland,GBX,MAIN MARKET,,EUE2,UEA4
IQGA,INVESCO MARKETS II PLC,INVESCO GLOBAL ENHANCED EQUITY UCITS ETF,IE000TZ4SIN6,ETFS,22/05/2025,Ireland,USD,MAIN MARKET,,EUET,UEA2
IQGG,INVESCO MARKETS II PLC,IVZGLOBAL ENHAN EQ UCITS ETF GBPPFHDG AC,IE000HGM78N6,ETFS,22/05/2025,Ireland,GBX,MAIN MARKET,,EUET,UEA2
IQGX,INVESCO MARKETS II PLC,INVESCO GLOBAL ENHANCED EQUITY UCITS ETF,IE000TZ4SIN6,ETFS,22/05/2025,Ireland,GBX,MAIN MARKET,,EUE2,UEA4
IQMA,INVESCO MARKETS II PLC,INVESCO EMERGING MARKETS ENHANCED EQUITY,IE000U07IGB1,ETFS,06/10/2025,Ireland,USD,MAIN MARKET,,EUET,UEA2
IQMX,INVESCO MARKETS II PLC,INVESCO EMERGING MARKETS ENHANCED EQUITY,IE000U07IGB1,ETFS,06/10/2025,Ireland,GBX,MAIN MARKET,,EUE2,UEA4
IQSA,INVESCO MARKETS II PLC,IVZ GBL ACTIVE ESG EQUITY UCITS ETF,IE00BJQRDN15,ETFS,05/08/2019,Ireland,USD,MAIN MARKET,,EUET,UET7
IQSS,INVESCO MARKETS II PLC,IVZ GBL ACTIVE ESG EQUITY UCITS ETF,IE00BJQRDN15,ETFS,10/07/2024,Ireland,GBX,MAIN MARKET,,EUE2,UE2G
IQUA,INVESCO MARKETS II PLC,INVESCO US ENHANCED EQUITY UCITS ETF ACC,IE0009EGAHL0,ETFS,10/10/2025,Ireland,USD,MAIN MARKET,,EUET,UEA2
IQUX,INVESCO MARKETS II PLC,INVESCO US ENHANCED EQUITY UCITS ETF ACC,IE0009EGAHL0,ETFS,10/10/2025,Ireland,GBX,MAIN MARKET,,EUE2,UEA4
ISUN,INVESCO MARKETS II PLC,IVZ SOLAR ENERGY UCITS ETF,IE00BM8QRZ79,ETFS,05/08/2021,Ireland,USD,MAIN MARKET,,EUET,UET7
IVAI,INVESCO MARKETS II PLC,INVESCO AI ENABLERS UCITS ETF ACC,IE000LGWDNE5,ETFS,01/11/2024,Ireland,USD,MAIN MARKET,,EUET,UET7
LVLC,INVESCO MARKETS II PLC,IVZ GBL ACTIVE DEF ESG EQUITY UCITS ETF,IE000N42HDP2,ETFS,21/07/2022,Ireland,USD,MAIN MARKET,,EUET,UET7
LVLG,INVESCO MARKETS II PLC,IVZ GBL ACTIVE DEF ESG EQUITY UCITS ETF,IE000N42HDP2,ETFS,21/07/2022,Ireland,GBX,MAIN MARKET,,EUE2,UE2G
MCHN,INVESCO MARKETS II PLC,IVZ MSCI CHINA ALL SHR CON UCITS ETF ACC,IE00BK80XL30,ETFS,03/03/2021,Ireland,USD,MAIN MARKET,,EUET,UET7
MCHS,INVESCO MARKETS II PLC,IVZ MSCI CHINA ALL SHR CON UCITS ETF ACC,IE00BK80XL30,ETFS,03/03/2021,Ireland,GBX,MAIN MARKET,,EUE2,UE2G
MCHT,INVESCO MARKETS II PLC,IVZ MSCI CHINA TECH ALL SH UCITS ETF ACC,IE00BM8QS095,ETFS,15/06/2021,Ireland,USD,MAIN MARKET,,EUET,UET7
MCTS,INVESCO MARKETS II PLC,IVZ MSCI CHINA TECH ALL SH UCITS ETF ACC,IE00BM8QS095,ETFS,15/06/2021,Ireland,GBX,MAIN MARKET,,EUE2,UE2G
MEEQ,INVESCO MARKETS II PLC,IVZ MSCI EUR EQUAL WEIGHT UCITS ETF ACC,IE000LUZJNI7,ETFS,19/06/2025,Ireland,GBX,MAIN MARKET,,EUET,UET7
MUNI,INVESCO MARKETS II PLC,INVESCO US MUNICIPAL BOND UCITS ETF DIST,IE00BNG70R26,ETFS,16/02/2021,Ireland,USD,MAIN MARKET,,EUET,UET7
MUNS,INVESCO MARKETS II PLC,INVESCO US MUNICIPAL BOND UCITS ETF DIST,IE00BNG70R26,ETFS,16/02/2021,Ireland,GBX,MAIN MARKET,,EUE2,UE2G
MWEP,INVESCO MARKETS II PLC,IVZ MSCI WORLD EQUAL WEIGHT UCITS ETF AC,IE000OEF25S1,ETFS,09/09/2024,Ireland,GBX,MAIN MARKET,,EUE2,UE2G
MWEQ,INVESCO MARKETS II PLC,IVZ MSCI WORLD EQUAL WEIGHT UCITS ETF AC,IE000OEF25S1,ETFS,09/09/2024,Ireland,USD,MAIN MARKET,,EUET,UET7
MWIM,INVESCO MARKETS II PLC,INVESCO MSCI ACWI ISLAMIC M-SERIES ACC,IE000LFC57H7,ETFS,13/02/2026,Ireland,USD,MAIN MARKET,,EUET,UETY
MWIX,INVESCO MARKETS II PLC,INVESCO MSCI ACWI ISLAMIC M-SERIES ACC,IE000LFC57H7,ETFS,19/02/2026,Ireland,GBX,MAIN MARKET,,EUE2,UE2K
NESG,INVESCO MARKETS II PLC,IVZ NASDAQ-100 ESG UCITS ETF ACC,IE000COQKPO9,ETFS,27/10/2021,Ireland,USD,MAIN MARKET,,EUET,UET7
NESP,INVESCO MARKETS II PLC,IVZ NASDAQ-100 ESG UCITS ETF ACC,IE000COQKPO9,ETFS,27/10/2021,Ireland,GBX,MAIN MARKET,,EUE2,UE2G
PAEM,INVESCO MARKETS II PLC,IVZ MSCI EM CPA ESG UCITS ETF ACC,IE000PJL7R74,ETFS,16/06/2022,Ireland,USD,MAIN MARKET,,EUET,UET7
PAES,INVESCO MARKETS II PLC,IVZ MSCI EUROPE CPA ESG UCITS ETF ACC,IE000TI21P14,ETFS,09/12/2021,Ireland,GBX,MAIN MARKET,,EUET,UET7
PAEX,INVESCO MARKETS II PLC,IVZ MSCI EM CPA ESG UCITS ETF ACC,IE000PJL7R74,ETFS,16/06/2022,Ireland,GBX,MAIN MARKET,,EUE2,UE2G
PAJP,INVESCO MARKETS II PLC,IVZ MSCI JAPAN CPA ESG UCITS ETF ACC,IE000I8IKC59,ETFS,09/12/2021,Ireland,USD,MAIN MARKET,,EUET,UET7
PAJS,INVESCO MARKETS II PLC,IVZ MSCI JAPAN CPA ESG UCITS ETF ACC,IE000I8IKC59,ETFS,09/12/2021,Ireland,GBX,MAIN MARKET,,EUE2,UE2G
PAUS,INVESCO MARKETS II PLC,IVZ MSCI USA CPA ESG UCITS ETF ACC,IE000RLUE8E9,ETFS,09/12/2021,Ireland,USD,MAIN MARKET,,EUET,UET7
PAUX,INVESCO MARKETS II PLC,IVZ MSCI USA CPA ESG UCITS ETF ACC,IE000RLUE8E9,ETFS,09/12/2021,Ireland,GBX,MAIN MARKET,,EUE2,UE2G
PAWD,INVESCO MARKETS II PLC,IVZ MSCI WORLD CPA ESG UCITS ETF ACC,IE000V93BNU0,ETFS,09/12/2021,Ireland,USD,MAIN MARKET,,EUET,UET7
PAWS,INVESCO MARKETS II PLC,IVZ MSCI WORLD CPA ESG UCITS ETF ACC,IE000V93BNU0,ETFS,09/12/2021,Ireland,GBX,MAIN MARKET,,EUE2,UE2G
PEAM,INVESCO MARKETS II PLC,INVESCO MDAX UCITS ETF ACC,IE00BHJYDV33,ETFS,15/04/2025,Ireland,GBX,MAIN MARKET,,EUE2,UE2G
PEMD,INVESCO MARKETS II PLC,INVESCO EMERG MKTS USD BD UCITS ETF,IE00BF51K132,ETFS,17/11/2017,Ireland,USD,MAIN MARKET,,EUET,UET7
PRAC,INVESCO MARKETS II PLC,IVZ PREFERRED SHARES ETF ACC,IE00BG482169,ETFS,10/12/2018,Ireland,USD,MAIN MARKET,,EUET,UET7
PRFD,INVESCO MARKETS II PLC,INVESCO PREFERRED SHARES UCITS ETF,IE00BDVJF675,ETFS,03/10/2017,Ireland,USD,MAIN MARKET,,EUET,UET7
PRFP,INVESCO MARKETS II PLC,INVESCO PREFERRED SHARES UCITS ETF DIST,IE00BDVJF675,ETFS,16/07/2018,Ireland,GBX,MAIN MARKET,,EUE2,UE2G
PUIG,INVESCO MARKETS II PLC,IVZ USD IG CORP BD ESG CLIM ETF DIST,IE00BF51K025,ETFS,17/11/2017,Ireland,USD,MAIN MARKET,,EUET,UET7
PUIP,INVESCO MARKETS II PLC,IVZ USD IG CORP BD ESG CLIM ETF GBH DIST,IE00BJ06C481,ETFS,26/11/2019,Ireland,GBX,MAIN MARKET,,EUET,UET7
QQIA,INVESCO MARKETS II PLC,IVZ NASDAQ-100 INCOME ADVANTAGE DIST,IE0007YZZZN7,ETFS,02/02/2026,Ireland,USD,MAIN MARKET,,EUET,UEA2
QQIS,INVESCO MARKETS II PLC,IVZ NASDAQ-100 INCOME ADVANTAGE DIST,IE0007YZZZN7,ETFS,02/02/2026,Ireland,GBX,MAIN MARKET,,EUE2,UEA4
RAYS,INVESCO MARKETS II PLC,IVZ SOLAR ENERGY UCITS ETF,IE00BM8QRZ79,ETFS,05/08/2021,Ireland,GBX,MAIN MARKET,,EUE2,UE2G
SCTB,INVESCO MARKETS II PLC,IVZ S&P 500 NET ZERO UCITS ETF ACC,IE000N1ZEIG9,ETFS,30/01/2025,Ireland,USD,MAIN MARKET,,EUE2,UE2G
SCTP,INVESCO MARKETS II PLC,IVZ S&P 500 NET ZERO UCITS ETF ACC,IE000N1ZEIG9,ETFS,30/01/2025,Ireland,GBX,MAIN MARKET,,EUET,UET7
SPED,INVESCO MARKETS II PLC,INVESCO SP 500 EQUAL WEIGHT UCITS ETF D,IE00BM8QRY62,ETFS,08/04/2021,Ireland,USD,MAIN MARKET,,EUET,UET7
SPEQ,INVESCO MARKETS II PLC,INVESCO SP 500 EQUAL WEIGHT UCITS ETF AC,IE00BNGJJT35,ETFS,08/04/2021,Ireland,USD,MAIN MARKET,,EUET,UET7
SPES,INVESCO MARKETS II PLC,INVESCO SP 500 EQUAL WEIGHT UCITS ETF D,IE00BM8QRY62,ETFS,08/04/2021,Ireland,GBX,MAIN MARKET,,EUE2,UE2G
SPEX,INVESCO MARKETS II PLC,INVESCO SP 500 EQUAL WEIGHT UCITS ETF AC,IE00BNGJJT35,ETFS,08/04/2021,Ireland,GBX,MAIN MARKET,,EUE2,UE2G
SPLG,INVESCO MARKETS II PLC,INVESCO S&P 500 LOW VOLATILITY UCITS ETF,IE00BKW9SX35,ETFS,15/07/2021,Ireland,GBX,MAIN MARKET,,EUE2,UE2G
SPLW,INVESCO MARKETS II PLC,INVESCO S&P 500 LOW VOLATILITY UCITS ETF,IE00BKW9SX35,ETFS,15/07/2021,Ireland,USD,MAIN MARKET,,EUET,UET7
SPQA,INVESCO MARKETS II PLC,IVZ S&P 500 QUALITY UCITS ETF ACC USD,IE000E6TPCH9,ETFS,01/07/2025,Ireland,USD,MAIN MARKET,,EUET,UET7
SPQD,INVESCO MARKETS II PLC,IVZ S&P 500 QUALITY UCITS ETF DIST USD,IE000SNCKVM9,ETFS,01/07/2025,Ireland,USD,MAIN MARKET,,EUET,UET7
SPQG,INVESCO MARKETS II PLC,IVZ S&P 500 QUALITY UCITS ETF DIST GBX,IE000SNCKVM9,ETFS,01/07/2025,Ireland,GBX,MAIN MARKET,,EUE2,UE2G
SPQP,INVESCO MARKETS II PLC,IVZ S&P 500 QUALITY UCITS ETF ACC GBX,IE000E6TPCH9,ETFS,01/07/2025,Ireland,GBX,MAIN MARKET,,EUE2,UE2G
SXEW,INVESCO MARKETS II PLC,IVZ EURO STOXX 50 EQUAL WEIGHT UCITS ACC,IE00067X7JX0,ETFS,02/12/2025,Ireland,GBX,MAIN MARKET,,EUET,UETY
T1AP,INVESCO MARKETS II PLC,IVZ US TREAS BOND 0-1 YEAR ETF ACC,IE00BKWD3D06,ETFS,24/01/2020,Ireland,GBX,MAIN MARKET,,EUE2,UE2K
T3GB,INVESCO MARKETS II PLC,IVZ UST BND 1-3 YR UCITS ETF GBPHDG DS,IE00BF2FNL98,ETFS,01/07/2019,Ireland,GBX,MAIN MARKET,,EUET,UETY
TIGB,INVESCO MARKETS II PLC,IVZ US TREAS BOND 0-1 ETF GBP HDG DIST,IE00BKWD3F20,ETFS,24/01/2020,Ireland,GBX,MAIN MARKET,,EUET,UETY
TR3A,INVESCO MARKETS II PLC,IVZ US TREASURY BD 1-3 YR UCITS ETF ACC,IE00BF2FNH52,ETFS,23/02/2024,Ireland,USD,MAIN MARKET,,EUET,UETY
TR3G,INVESCO MARKETS II PLC,IVZ US TRES BND 1-3Y UCITS ETF DST GBX,IE00BF2FNG46,ETFS,14/01/2019,Ireland,GBX,MAIN MARKET,,EUE2,UE2K
TR3X,INVESCO MARKETS II PLC,IVZ US TREASURY BD 1-3 YR UCITS ETF ACC,IE00BF2FNH52,ETFS,23/02/2024,Ireland,GBX,MAIN MARKET,,EUE2,UE2K
TR7A,INVESCO MARKETS II PLC,IVZ US TREASURY BD 3-7 YR UCITS ETF ACC,IE00BF2FNR50,ETFS,23/02/2024,Ireland,USD,MAIN MARKET,,EUET,UETY
TR7G,INVESCO MARKETS II PLC,IVZ US TRES BND 3-7Y UCITS ETF DST GBX,IE00BF2FNQ44,ETFS,14/01/2019,Ireland,GBX,MAIN MARKET,,EUE2,UE2K
TR7S,INVESCO MARKETS II PLC,IVZ US TRES BND 3-7Y UCITS ETF GBPHDG DS,IE00BF2GC043,ETFS,18/03/2019,Ireland,GBX,MAIN MARKET,,EUET,UETY
TR7X,INVESCO MARKETS II PLC,IVZ US TREASURY BD 3-7 YR UCITS ETF ACC,IE00BF2FNR50,ETFS,23/02/2024,Ireland,GBX,MAIN MARKET,,EUE2,UE2K
TRAG,INVESCO MARKETS II PLC,INVESCO US TREASURY BOND UCITS ETF ACC,IE00BF2GFJ42,ETFS,11/08/2023,Ireland,GBX,MAIN MARKET,,EUE2,UE2K
TRAU,INVESCO MARKETS II PLC,INVESCO US TREASURY BOND UCITS ETF ACC,IE00BF2GFJ42,ETFS,11/08/2023,Ireland,USD,MAIN MARKET,,EUET,UETY
TRE3,INVESCO MARKETS II PLC,IVZ US TREASURY BND 1-3 YR UCITS ETF DST,IE00BF2FNG46,ETFS,14/01/2019,Ireland,USD,MAIN MARKET,,EUET,UETY
TRE7,INVESCO MARKETS II PLC,IVS US TREASURY BND 3-7 YR UCITS ETF DST,IE00BF2FNQ44,ETFS,14/01/2019,Ireland,USD,MAIN MARKET,,EUET,UETY
TREI,INVESCO MARKETS II PLC,IVZ US TREAS BOND 0-1 YEAR ETF DIST,IE00BKWD3C98,ETFS,24/01/2020,Ireland,USD,MAIN MARKET,,EUET,UETY
TREL,INVESCO MARKETS II PLC,IVZ UST BOND 10+ YEAR UCITS ETF DIST,IE00BKWD3743,ETFS,17/10/2022,Ireland,USD,MAIN MARKET,,EUET,UETY
TRES,INVESCO MARKETS II PLC,IVZ US TREASURY BND UCITS ETF DST,IE00BF2GFH28,ETFS,14/01/2019,Ireland,USD,MAIN MARKET,,EUET,UETY
TREX,INVESCO MARKETS II PLC,IVZ US TREASURY BND 7-10 Y UCITS ETF DST,IE00BF2FN646,ETFS,14/01/2019,Ireland,USD,MAIN MARKET,,EUET,UETY
TRGB,INVESCO MARKETS II PLC,IVZ US TRES BND UCITS ETF GBPHDG DS,IE00BF2GFM70,ETFS,01/07/2019,Ireland,GBX,MAIN MARKET,,EUET,UETY
TRIA,INVESCO MARKETS II PLC,IVZ US TREAS BOND 0-1 YEAR ETF ACC,IE00BKWD3D06,ETFS,24/01/2020,Ireland,USD,MAIN MARKET,,EUET,UETY
TRIS,INVESCO MARKETS II PLC,IVZ US TREA BOND 0-1 YEAR ETF DIST,IE00BKWD3C98,ETFS,24/01/2020,Ireland,GBX,MAIN MARKET,,EUE2,UE2K
TRLA,INVESCO MARKETS II PLC,IVZ US TREASURY BD 10+ YR UCITS ETF ACC,IE000GE4QIR1,ETFS,23/02/2024,Ireland,USD,MAIN MARKET,,EUET,UETY
TRLG,INVESCO MARKETS II PLC,IVZ UST 10+ YEAR UCITS ETF GBP HDG DIST,IE00BKWD3859,ETFS,17/10/2022,Ireland,GBX,MAIN MARKET,,EUET,UETY
TRLP,INVESCO MARKETS II PLC,IVZ US TREASURY BD 10+ YR UCITS ETF ACC,IE000GE4QIR1,ETFS,23/02/2024,Ireland,GBX,MAIN MARKET,,EUE2,UE2K
TRLX,INVESCO MARKETS II PLC,IVZ UST BOND 10+ YEAR UCITS ETF DIST,IE00BKWD3743,ETFS,17/10/2022,Ireland,GBX,MAIN MARKET,,EUE2,UE2K
TRSG,INVESCO MARKETS II PLC,IVZ US TREASURY BND UCITS ETF DST GBX,IE00BF2GFH28,ETFS,14/01/2019,Ireland,GBX,MAIN MARKET,,EUE2,UE2K
TRXA,INVESCO MARKETS II PLC,IVZ US TREASURY BD 7-10 YR UCITS ETF ACC,IE00BF2FN752,ETFS,23/02/2024,Ireland,USD,MAIN MARKET,,EUET,UETY
TRXG,INVESCO MARKETS II PLC,IVZ US TRES BND 7-10Y UCITS ETF DST GBX,IE00BF2FN646,ETFS,14/01/2019,Ireland,GBX,MAIN MARKET,,EUE2,UE2K
TRXS,INVESCO MARKETS II PLC,IV US TRES BND 7-10Y UCITS ETF GBPHDG DS,IE00BF2FNB90,ETFS,14/01/2019,Ireland,GBX,MAIN MARKET,,EUET,UETY
TRXX,INVESCO MARKETS II PLC,IVZ US TREASURY BD 7-10 YR UCITS ETF ACC,IE00BF2FN752,ETFS,23/02/2024,Ireland,GBX,MAIN MARKET,,EUE2,UE2K
UCLO,INVESCO MARKETS II PLC,INVESCO EUR AAA CLO UCITS ETF USD HDG AC,IE0005KVDHL8,ETFS,19/12/2025,Ireland,USD,MAIN MARKET,,EUET,UEA2
VPAC,INVESCO MARKETS II PLC,IVZ VRP SHARES ETF ACC,IE00BHJYDT11,ETFS,10/12/2018,Ireland,USD,MAIN MARKET,,EUET,UET7
VRPS,INVESCO MARKETS II PLC,IVZ VARIABLE RATE PREFERRED SHARES ETF,IE00BG21M733,ETFS,08/10/2018,Ireland,USD,MAIN MARKET,,EUET,UET7
WDEE,INVESCO MARKETS II PLC,IVZ S&P WORLD ENERGY TARG & SCR ETF ACC,IE000AIFGRB9,ETFS,17/04/2023,Ireland,USD,MAIN MARKET,,EUET,UET7
WDFE,INVESCO MARKETS II PLC,IVZ S&P WLD FIN ESG UCITS ETF ACC,IE00018LB0D8,ETFS,17/04/2023,Ireland,USD,MAIN MARKET,,EUET,UET7
WDTE,INVESCO MARKETS II PLC,IVZ S&P WLD IT ESG UCITS ETF ACC,IE000Q0IU5T1,ETFS,17/04/2023,Ireland,USD,MAIN MARKET,,EUET,UET7
WEEG,INVESCO MARKETS II PLC,IVZ S&P WORLD ENERGY TARG & SCR ETF ACC,IE000AIFGRB9,ETFS,17/04/2023,Ireland,GBX,MAIN MARKET,,EUE2,UE2G
WFEG,INVESCO MARKETS II PLC,IVZ S&P WLD FIN ESG UCITS ETF ACC,IE00018LB0D8,ETFS,17/04/2023,Ireland,GBX,MAIN MARKET,,EUE2,UE2G
WHCE,INVESCO MARKETS II PLC,IVZ S&P WLD HEALTH ESG UCITS ETF ACC,IE000L4EH2K5,ETFS,17/04/2023,Ireland,USD,MAIN MARKET,,EUET,UET7
WHCG,INVESCO MARKETS II PLC,IVZ S&P WLD HEALTH ESG UCITS ETF ACC,IE000L4EH2K5,ETFS,17/04/2023,Ireland,GBX,MAIN MARKET,,EUE2,UE2G
WNDE,INVESCO MARKETS II PLC,IVZ WIND ENERGY UCITS ETF ACC,IE0008RX29L5,ETFS,13/09/2022,Ireland,USD,MAIN MARKET,,EUET,UET7
WNDI,INVESCO MARKETS II PLC,IVZ WIND ENERGY UCITS ETF ACC,IE0008RX29L5,ETFS,13/09/2022,Ireland,GBX,MAIN MARKET,,EUE2,UE2G
WTEG,INVESCO MARKETS II PLC,IVZ S&P WLD IT ESG UCITS ETF ACC,IE000Q0IU5T1,ETFS,17/04/2023,Ireland,GBX,MAIN MARKET,,EUE2,UE2G
EATG,INVESCO MARKETS IV ICAV,IVZ EUR AT1 COCO BOND UCITS ETF GBPHDGD,IE0006WZF7C2,ETFS,23/01/2026,Ireland,GBX,MAIN MARKET,,EUET,UETY
EATU,INVESCO MARKETS IV ICAV,IVZ EUR AT1 COCO BOND UCITS ETF USDHDGAC,IE000WQJ37B1,ETFS,23/01/2026,Ireland,USD,MAIN MARKET,,EUET,UETY
GGBD,INVESCO MARKETS IV ICAV,IVZ GLOBAL GOVERNMENT BOND UCITS ETFDIST,IE000NKC01D0,ETFS,19/06/2026,Ireland,USD,MAIN MARKET,,EUET,UETY
GGBG,INVESCO MARKETS IV ICAV,IVZ GLOBAL GOVERNMENT BOND UCITS ETFDIST,IE000NKC01D0,ETFS,19/06/2026,Ireland,GBX,MAIN MARKET,,EUE2,UE2K
GGGA,INVESCO MARKETS IV ICAV,IVZ GLOGOV BOND UCITS ETF GBP PFHDG ACC,IE000VKU6XC9,ETFS,19/06/2026,Ireland,GBX,MAIN MARKET,,EUET,UETY
GGGD,INVESCO MARKETS IV ICAV,IVZ GLOGOV BOND UCITS ETF GBP PFHDG DIST,IE000GXS8PV9,ETFS,19/06/2026,Ireland,GBX,MAIN MARKET,,EUET,UETY
UYLA,INVESCO MARKETS IV ICAV,IVZ USD IG CORP BND YLD PLUS UCITS ETF A,IE0005KNCL90,ETFS,06/03/2026,Ireland,USD,MAIN MARKET,,EUET,UETY
UYLD,INVESCO MARKETS IV ICAV,USD IG CORPORATE BOND YIELD PLUS DIST,IE0009IAUUI1,ETFS,02/03/2026,Ireland,USD,MAIN MARKET,,EUET,UETY
UYLG,INVESCO MARKETS IV ICAV,USD IG CORPORATE BOND YIELD PLUS GBP H D,IE000Z87ZVJ8,ETFS,02/03/2026,Ireland,GBP,MAIN MARKET,,EUET,UETY
UYLX,INVESCO MARKETS IV ICAV,USD IG CORPORATE BOND YIELD PLUS DIST,IE0009IAUUI1,ETFS,02/03/2026,Ireland,GBX,MAIN MARKET,,EUE2,UE2K
C300,INVESCO MARKETS PLC,INVESCO S&P CHINA A 300 SWAP UCITS ETF,IE000K9Z3SF5,ETFS,09/05/2022,Ireland,USD,MAIN MARKET,,EUET,UET7
C500,INVESCO MARKETS PLC,IVZ SP CHINA A MIDCAP 500 SWAP UCITS ETF,IE0000FCGYF9,ETFS,09/05/2022,Ireland,USD,MAIN MARKET,,EUET,UET7
CA3S,INVESCO MARKETS PLC,INVESCO S&P CHINA A 300 SWAP UCITS ETF,IE000K9Z3SF5,ETFS,09/05/2022,Ireland,GBX,MAIN MARKET,,EUE2,UE2G
CM5S,INVESCO MARKETS PLC,IVZ SP CHINA A MIDCAP 500 SWAP UCITS ETF,IE0000FCGYF9,ETFS,09/05/2022,Ireland,GBX,MAIN MARKET,,EUE2,UE2G
CMCG,INVESCO MARKETS PLC,INVESCO BLOOMBERG COMMODITY CARBON TILTE,IE000CYTPBT0,ETFS,31/07/2023,Ireland,GBX,MAIN MARKET,,EUE2,UE2K
CMOC,INVESCO MARKETS PLC,INVESCO BLOOMBERG COMMODITY CARBON TILTE,IE000CYTPBT0,ETFS,31/07/2023,Ireland,USD,MAIN MARKET,,EUET,UETY
CMOD,INVESCO MARKETS PLC,INVESCO BLOOMBERG COMMODITY UCITS ETF,IE00BD6FTQ80,ETFS,12/01/2017,Ireland,USD,MAIN MARKET,,EUET,UET7
CMOP,INVESCO MARKETS PLC,INVESCO BLOOMBERG COMMODITY UCITS ETF,IE00BD6FTQ80,ETFS,10/04/2017,Ireland,GBX,MAIN MARKET,,EUE2,UE2G
EQQD,INVESCO MARKETS PLC,IVZ NASDAQ-100 SWAP UCITS ETF DIST,IE000RUF4QN8,ETFS,23/06/2021,Ireland,USD,MAIN MARKET,,EUET,UET7
EQQS,INVESCO MARKETS PLC,IVZ NASDAQ-100 SWAP UCITS ETF,IE00BNRQM384,ETFS,25/03/2021,Ireland,USD,MAIN MARKET,,EUET,UET7
EQSG,INVESCO MARKETS PLC,IVZ NASDAQ-100 SWAP UCITS ETF,IE00BNRQM384,ETFS,25/03/2021,Ireland,GBX,MAIN MARKET,,EUE2,UE2G
FTEK,INVESCO MARKETS PLC,INVESCO KBW NASDAQ FINTECH UCITS ETF,IE00BYMS5W68,ETFS,10/03/2017,Ireland,USD,MAIN MARKET,,EUET,UET7
G500,INVESCO MARKETS PLC,INVESCO S&P 500 UCITS ETF GBP HDG ACC,IE00BKX8G916,ETFS,02/07/2020,Ireland,GBX,MAIN MARKET,,EUET,UET7
GONS,INVESCO MARKETS PLC,INVESCO GBP OVERNIGHT RETURN SWAP UCITS,IE0006N7AK90,ETFS,30/10/2025,Ireland,GBX,MAIN MARKET,,EUET,UETY
INAB,INVESCO MARKETS PLC,INVESCO MSCI NORTH AMERICA SWAP UCITS ET,IE0002LUYGW0,ETFS,29/05/2026,Ireland,GBX,MAIN MARKET,,EUE2,UE2K
INAS,INVESCO MARKETS PLC,INVESCO MSCI NORTH AMERICA SWAP UCITS ET,IE0002LUYGW0,ETFS,29/05/2026,Ireland,USD,MAIN MARKET,,EUET,UETY
MKUW,INVESCO MARKETS PLC,INVESCO MSCI KUWAIT UCITS ETF,IE00BK63RN45,ETFS,28/10/2019,Ireland,USD,MAIN MARKET,,EUET,UET7
MLPD,INVESCO MARKETS PLC,INVESCO MORN* US ENRGY INFRA MLP ETF B,IE00B8CJW150,ETFS,21/05/2013,Ireland,USD,MAIN MARKET,,EUET,UET7
MLPP,INVESCO MARKETS PLC,INVESCO MORN* US ENERGY INFRA MLP ETF B,IE00B8CJW150,ETFS,12/06/2013,Ireland,GBX,MAIN MARKET,,EUE2,UE2G
MLPQ,INVESCO MARKETS PLC,INVESCO MORN* US ENERGY INFRA MLP ETF A,IE00B94ZB998,ETFS,12/06/2013,Ireland,GBX,MAIN MARKET,,EUE2,UE2G
MLPS,INVESCO MARKETS PLC,INVESCO MORN* US ENRGY INFRA MLP ETF A,IE00B94ZB998,ETFS,21/05/2013,Ireland,USD,MAIN MARKET,,EUET,UET7
MSAP,INVESCO MARKETS PLC,INVESCO MSCI SAUDI ARABIA UCITS ETF,IE00BFWMQ331,ETFS,16/07/2018,Ireland,GBX,MAIN MARKET,,EUE2,UE2G
MSAU,INVESCO MARKETS PLC,INVESCO MSCI SAUDI ARABIA UCITS ETF,IE00BFWMQ331,ETFS,18/06/2018,Ireland,USD,MAIN MARKET,,EUET,UET7
MXEU,INVESCO MARKETS PLC,INVESCO MSCI EUROPE UCITS ETF,IE00B60SWY32,ETFS,30/06/2014,Ireland,GBX,MAIN MARKET,,EUET,UET7
MXFP,INVESCO MARKETS PLC,INVESCO MSCI EMERGING MARKETS UCITS ETF,IE00B3DWVS88,ETFS,21/08/2015,Ireland,GBX,MAIN MARKET,,EUE2,UE2G
MXFS,INVESCO MARKETS PLC,INVESCO MSCI EMERGING MARKETS UCITS ETF,IE00B3DWVS88,ETFS,29/04/2010,Ireland,USD,MAIN MARKET,,EUET,UET7
MXJP,INVESCO MARKETS PLC,INVESCO MSCI JAPAN UCITS ETF,IE00B60SX287,ETFS,16/09/2011,Ireland,USD,MAIN MARKET,,EUET,UET7
MXUD,INVESCO MARKETS PLC,INVESCO MSCI USA UCITS ETF DIST,IE00BK5LYT47,ETFS,15/11/2019,Ireland,USD,MAIN MARKET,,EUET,UET7
MXUK,INVESCO MARKETS PLC,INVESCO MSCI EUROPE EX-UK UCITS ETF,IE00BYX5K108,ETFS,11/08/2017,Ireland,GBX,MAIN MARKET,,EUET,UET7
MXUS,INVESCO MARKETS PLC,INVESCO MSCI USA UCITS ETF,IE00B60SX170,ETFS,15/08/2011,Ireland,USD,MAIN MARKET,,EUET,UET7
MXWO,INVESCO MARKETS PLC,INVESCO MSCI WORLD UCITS ETF,IE00B60SX394,ETFS,16/09/2011,Ireland,USD,MAIN MARKET,,EUET,UET7
MXWS,INVESCO MARKETS PLC,INVESCO MSCI WORLD UCITS ETF,IE00B60SX394,ETFS,30/06/2014,Ireland,GBX,MAIN MARKET,,EUE2,UE2G
N400,INVESCO MARKETS PLC,INVESCO JPX-NIKKEI 400 UCITS ETF,IE00BPRCH686,ETFS,15/09/2014,Ireland,USD,MAIN MARKET,,EUET,UET7
N4US,INVESCO MARKETS PLC,INVESCO NIKKEI 400 UCITS ETF USD HDG,IE00BVGC6751,ETFS,13/03/2015,Ireland,USD,MAIN MARKET,,EUET,UET7
RSPB,INVESCO MARKETS PLC,INVESCO S&P 500 EQUAL WEIGHT SWAP UCITS,IE0000TZZ2B2,ETFS,17/01/2025,Ireland,GBX,MAIN MARKET,,EUE2,UE2G
RTYS,INVESCO MARKETS PLC,INVESCO RUSSELL 2000 UCITS ETF,IE00B60SX402,ETFS,16/09/2011,Ireland,USD,MAIN MARKET,,EUET,UET7
S100,INVESCO MARKETS PLC,INVESCO FTSE 100 UCITS ETF,IE00B60SWT88,ETFS,07/09/2009,Ireland,GBX,MAIN MARKET,,EUET,UET7
S250,INVESCO MARKETS PLC,INVESCO FTSE 250 UCITS ETF,IE00B60SWV01,ETFS,07/09/2009,Ireland,GBX,MAIN MARKET,,EUET,UET7
S400,INVESCO MARKETS PLC,INVESCO JPX-NIKKEI 400 UCITS ETF,IE00BPRCH686,ETFS,15/09/2014,Ireland,GBX,MAIN MARKET,,EUE2,UE2G
S600,INVESCO MARKETS PLC,INVESCO STOXX EUR 600 UCITS ETF,IE00B60SWW18,ETFS,30/06/2014,Ireland,GBX,MAIN MARKET,,EUET,UET7
S7XP,INVESCO MARKETS PLC,INVESCO EURO STOXX OPT BANKS UCITS ETF,IE00B3Q19T94,ETFS,24/10/2014,Ireland,GBX,MAIN MARKET,,EUET,UET7
SBIO,INVESCO MARKETS PLC,INVESCO NASDAQ BIOTECH UCITS ETF,IE00BQ70R696,ETFS,07/11/2014,Ireland,USD,MAIN MARKET,,EUET,UET7
SBIX,INVESCO MARKETS PLC,INVESCO NASDAQ BIOTECH UCITS ETF ACC,IE00BQ70R696,ETFS,11/08/2025,Ireland,GBX,MAIN MARKET,,EUE2,UE2G
SMEU,INVESCO MARKETS PLC,INVESCO MSCI EUROPE UCITS ETF,IE00B60SWY32,ETFS,29/02/2016,Ireland,USD,MAIN MARKET,,EUE2,UE2G
SPEP,INVESCO MARKETS PLC,IVZ S&P 500 SCRD & SCRND UCITS ETF A,IE00BKS7L097,ETFS,10/03/2020,Ireland,GBX,MAIN MARKET,,EUE2,UE2E
SPWS,INVESCO MARKETS PLC,INVESCO S&P 500 EQUAL WEIGHT SWAP UCITS,IE0000TZZ2B2,ETFS,17/01/2025,Ireland,USD,MAIN MARKET,,EUET,UET7
SPXD,INVESCO MARKETS PLC,INVESCO S&P 500 UCITS ETF DIST,IE00BYML9W36,ETFS,07/06/2019,Ireland,USD,MAIN MARKET,,EUET,UET7
SPXE,INVESCO MARKETS PLC,IVZ S&P 500 SCRD & SCRND UCITS ETF A,IE00BKS7L097,ETFS,10/03/2020,Ireland,USD,MAIN MARKET,,EUET,UET7
SPXP,INVESCO MARKETS PLC,INVESCO S&P 500 UCITS ETF,IE00B3YCGJ38,ETFS,30/06/2014,Ireland,GBX,MAIN MARKET,,EUE2,UE2G
SPXS,INVESCO MARKETS PLC,INVESCO S&P 500 UCITS ETF,IE00B3YCGJ38,ETFS,25/05/2010,Ireland,USD,MAIN MARKET,,EUET,UET7
SX5S,INVESCO MARKETS PLC,INVESCO EURO STOXX 50 UCITS ETF,IE00B60SWX25,ETFS,30/06/2014,Ireland,GBX,MAIN MARKET,,EUET,UET7
UONS,INVESCO MARKETS PLC,INVESCO USD OVERNIGHT RETURN SWAP UCITS,IE000L00POB4,ETFS,30/10/2025,Ireland,USD,MAIN MARKET,,EUET,UETY
USML,INVESCO MARKETS PLC,INVESCO S&P SMALLCAP 600 UCITS ETF,IE00BH3YZ803,ETFS,12/02/2019,Ireland,USD,MAIN MARKET,,EUET,UET7
X7PP,INVESCO MARKETS PLC,INVESCO STOXX EUR 600 OPT BANKS UCIT ETF,IE00B5MTWD60,ETFS,30/06/2014,Ireland,GBX,MAIN MARKET,,EUE2,UE2G
X7PS,INVESCO MARKETS PLC,INVESCO STOXX EUR 600 OPT BANKS UCIT ETF,IE00B5MTWD60,ETFS,15/08/2011,Ireland,EUR,MAIN MARKET,,EUET,UET7
XLBP,INVESCO MARKETS PLC,INVESCO MATERIALS S&P US SECTOR UCIT ETF,IE00B3XM3R14,ETFS,30/06/2014,Ireland,GBX,MAIN MARKET,,EUE2,UE2G
XLBS,INVESCO MARKETS PLC,INVESCO MATERIALS S&P US SECTOR UCIT ETF,IE00B3XM3R14,ETFS,05/01/2010,Ireland,USD,MAIN MARKET,,EUET,UET7
XLCP,INVESCO MARKETS PLC,IVZ COMMUNICATIONS US SECTOR UCITS ETF,IE00BG7PP820,ETFS,17/09/2018,Ireland,GBX,MAIN MARKET,,EUE2,UE2G
XLCS,INVESCO MARKETS PLC,IVZ COMMUNICATIONS US SECTOR UCITS ETF,IE00BG7PP820,ETFS,17/09/2018,Ireland,USD,MAIN MARKET,,EUET,UET7
XLEP,INVESCO MARKETS PLC,INVESCO ENERGY S&P US SECTOR UCITS ETF,IE00B435CG94,ETFS,30/06/2014,Ireland,GBX,MAIN MARKET,,EUE2,UE2G
XLES,INVESCO MARKETS PLC,INVESCO ENERGY S&P US SECTOR UCITS ETF,IE00B435CG94,ETFS,05/01/2010,Ireland,USD,MAIN MARKET,,EUET,UET7
XLFQ,INVESCO MARKETS PLC,INVESCO FINANCIAL S&P US SECTOR UCIT ETF,IE00B42Q4896,ETFS,12/06/2013,Ireland,GBX,MAIN MARKET,,EUE2,UE2G
XLFS,INVESCO MARKETS PLC,INVESCO FINANCIAL S&P US SECTOR UCIT ETF,IE00B42Q4896,ETFS,05/01/2010,Ireland,USD,MAIN MARKET,,EUET,UET7
XLIP,INVESCO MARKETS PLC,INVESCO INDUSTRIA S&P US SECTOR UCIT ETF,IE00B3YC1100,ETFS,30/06/2014,Ireland,GBX,MAIN MARKET,,EUE2,UE2G
XLIS,INVESCO MARKETS PLC,INVESCO INDUSTRIA S&P US SECTOR UCIT ETF,IE00B3YC1100,ETFS,05/01/2010,Ireland,USD,MAIN MARKET,,EUET,UET7
XLKQ,INVESCO MARKETS PLC,INVESCO TECHNOLOG S&P US SECTOR UCIT ETF,IE00B3VSSL01,ETFS,12/06/2013,Ireland,GBX,MAIN MARKET,,EUE2,UE2G
XLKS,INVESCO MARKETS PLC,INVESCO TECHNOLOG S&P US SECTOR UCIT ETF,IE00B3VSSL01,ETFS,05/01/2010,Ireland,USD,MAIN MARKET,,EUET,UET7
XLPP,INVESCO MARKETS PLC,INVESCO CONS STAP S&P US SECTOR UCIT ETF,IE00B435BG20,ETFS,30/06/2014,Ireland,GBX,MAIN MARKET,,EUE2,UE2G
XLPS,INVESCO MARKETS PLC,INVESCO CONS STAP S&P US SECTOR UCIT ETF,IE00B435BG20,ETFS,05/01/2010,Ireland,USD,MAIN MARKET,,EUET,UET7
XLUP,INVESCO MARKETS PLC,INVESCO UTILITIES S&P US SECTOR UCIT ETF,IE00B3VPKB53,ETFS,30/06/2014,Ireland,GBX,MAIN MARKET,,EUE2,UE2G
XLUS,INVESCO MARKETS PLC,INVESCO UTILITIES S&P US SECTOR UCIT ETF,IE00B3VPKB53,ETFS,05/01/2010,Ireland,USD,MAIN MARKET,,EUET,UET7
XLVP,INVESCO MARKETS PLC,INVESCO HLTH CARE S&P US SECTOR UCIT ETF,IE00B3WMTH43,ETFS,30/06/2014,Ireland,GBX,MAIN MARKET,,EUE2,UE2G
XLVS,INVESCO MARKETS PLC,INVESCO HLTH CARE S&P US SECTOR UCIT ETF,IE00B3WMTH43,ETFS,05/01/2010,Ireland,USD,MAIN MARKET,,EUET,UET7
XLYP,INVESCO MARKETS PLC,INVESCO CONS DISC S&P US SECTOR UCIT ETF,IE00B449XP68,ETFS,30/06/2014,Ireland,GBX,MAIN MARKET,,EUE2,UE2G
XLYS,INVESCO MARKETS PLC,INVESCO CONS DISC S&P US SECTOR UCIT ETF,IE00B449XP68,ETFS,05/01/2010,Ireland,USD,MAIN MARKET,,EUET,UET7
XONS,INVESCO MARKETS PLC,INVESCO USD OVERNIGHT RETURN SWAP UCITS,IE000L00POB4,ETFS,30/10/2025,Ireland,GBX,MAIN MARKET,,EUE2,UE2K
XREP,INVESCO MARKETS PLC,INVESCO REAL ESTATE US SECTOR UCITS ETF,IE00BYM8JD58,ETFS,26/11/2019,Ireland,GBX,MAIN MARKET,,EUE2,UE2G
XRES,INVESCO MARKETS PLC,INVESCO REAL EST SP US SELECT SECTOR ETF,IE00BYM8JD58,ETFS,19/02/2016,Ireland,USD,MAIN MARKET,,EUET,UET7
AEGG,ISHARES III PLC,ISHS GBL AGG BD ESG SRI ETF GBP HDG(ACC),IE000ZXYID24,ETFS,07/12/2021,Ireland,GBP,MAIN MARKET,Open-ended investment companies,EUET,UET9
AGBP,ISHARES III PLC,ISH GLOBAL AGG BOND ETF GBP HEDGED DIST,IE00BF540Y54,ETFS,23/11/2017,Ireland,GBP,MAIN MARKET,Open-ended investment companies,EUET,UET9
AGGG,ISHARES III PLC,ISH GLOBAL AGG BOND ETF USD DIST,IE00B3F81409,ETFS,23/11/2017,Ireland,USD,MAIN MARKET,Open-ended investment companies,EUE2,UE2I
AGGU,ISHARES III PLC,ISH GLOBAL AGG BOND ETF USD HEDGED ACC,IE00BZ043R46,ETFS,23/11/2017,Ireland,USD,MAIN MARKET,Open-ended investment companies,EUET,UET9
AIAA,ISHARES III PLC,ISHRS AI ADP & APP UCITS ETF USD A,IE000Q9W2IR3,ETFS,09/12/2024,Ireland,GBP,MAIN MARKET,Open-ended investment companies,EUET,UET5
AINF,ISHARES III PLC,ISHARES AI INFRA UCITS ETF USD A,IE000X59ZHE2,ETFS,09/12/2024,Ireland,GBP,MAIN MARKET,Open-ended investment companies,EUET,UET5
AXEE,ISHARES III PLC,ISHRS ASIA EQ ENH ACTIVE UCT ETF USD ACC,IE000D5R9C23,ETFS,31/07/2024,Ireland,GBP,MAIN MARKET,Open-ended investment companies,EUET,UEA1
BLKC,ISHARES III PLC,ISHARES BLOCKCHAIN TECH UCITS ETF USD A,IE000RDRMSD1,ETFS,12/01/2024,Ireland,GBP,MAIN MARKET,,EUET,UET7
EEXF,ISHARES III PLC,ISHRS EUR CRP BND EX-FIN ETF EUR (DIST),IE00B4L5ZG21,ETFS,28/09/2009,Ireland,GBP,MAIN MARKET,Open-ended investment companies,EUET,UET9
EH1G,ISHARES III PLC,ISH BRD € HY CRP BND UCTS ETF GBP HD DST,IE0005H5G7N0,ETFS,28/05/2025,Ireland,GBP,MAIN MARKET,Open-ended investment companies,EUET,UET9
EMEE,ISHARES III PLC,ISHRS EM EQ ENH ACTIVE UCT ETF USD ACC,IE000OVF8Q66,ETFS,31/07/2024,Ireland,GBP,MAIN MARKET,Open-ended investment companies,EUET,UEA1
EMGA,ISHARES III PLC,ISH JPM LOC EM GOVT BND ETF USD ACC,IE00BFZPF546,ETFS,04/06/2018,Ireland,USD,MAIN MARKET,Open-ended investment companies,EUET,UET9
EMME,ISHARES III PLC,EMRGING MRKETS EQTY ENHACD ACTV USD DIST,IE000PHR51Q6,ETFS,31/10/2025,Ireland,GBP,MAIN MARKET,Open-ended investment companies,EUET,UEA1
ESCE,ISHARES III PLC,ISHARES MSCI EUROPE SMALL CAP UCITS ETF,IE0000N55FP4,ETFS,12/05/2026,Ireland,GBP,MAIN MARKET,,EUET,UETY
EUEE,ISHARES III PLC,ISHRS EU EQ ENH ACTIVE UCT ETF USD ACC,IE00000EF730,ETFS,31/07/2024,Ireland,GBP,MAIN MARKET,Open-ended investment companies,EUET,UEA1
EWSP,ISHARES III PLC,ISHARES S&P 500 EQL WGHT ETF USD ACC,IE000MLMNYS0,ETFS,04/08/2022,Ireland,GBP,MAIN MARKET,Open-ended investment companies,EUET,UET5
EWSX,ISHARES III PLC,ISHARES S&P 500 EQL WGHT UCT ETF USD ACC,IE000MLMNYS0,ETFS,08/09/2023,Ireland,USD,MAIN MARKET,Open-ended investment companies,EUE2,UE2E
GILE,ISHARES III PLC,ISH GLBL INF LINK GOV BND EUR HGD (DIST),IE00BD8PH174,ETFS,25/09/2017,Ireland,EUR,MAIN MARKET,Open-ended investment companies,EUET,UET9
GILG,ISHARES III PLC,ISH GLBINFGOV E GBH D,IE00BMDBML89,ETFS,12/11/2020,Ireland,GBP,MAIN MARKET,Open-ended investment companies,EUET,UET9
HYSD,ISHARES III PLC,ISH BROAD $ HG YD CP BD ETF GBP HD DIS,IE000IIOOR48,ETFS,05/08/2022,Ireland,GBP,MAIN MARKET,Open-ended investment companies,EUET,UET9
HYUS,ISHARES III PLC,ISHARES BROAD $ HY CP BD UCT ETF US DIS,IE00BG0J4957,ETFS,07/04/2022,Ireland,USD,MAIN MARKET,Open-ended investment companies,EUET,UET9
IART,ISHARES III PLC,ISHRS AI INN ACTIVE UCITS ETF UCITS US A,IE000G0E83X3,ETFS,21/01/2025,Ireland,GBP,MAIN MARKET,Open-ended investment companies,EUET,UEA1
IAUS,ISHARES III PLC,ISHRS MSCI AUST UCITS ETF USD (ACC),IE00B5377D42,ETFS,25/01/2010,Ireland,USD,MAIN MARKET,Open-ended investment companies,EUET,UET5
IBGY,ISHARES III PLC,ISHRS EUR GOVT BOND 5-7YR ETF EUR (DIST),IE00B4WXJG34,ETFS,20/04/2009,Ireland,GBP,MAIN MARKET,Open-ended investment companies,EUET,UET9
ICBH,ISHARES III PLC,IS $ INTMD CR BND UCITS ETF GBP HGD DIST,IE0002O230L3,ETFS,12/05/2025,Ireland,GBP,MAIN MARKET,Open-ended investment companies,EUET,UET9
ICBU,ISHARES III PLC,ISHARES INTERMEDIATE CREDIT BOND,IE00BDQZ5152,ETFS,27/04/2017,Ireland,USD,MAIN MARKET,Open-ended investment companies,EUET,UET9
ICGP,ISHARES III PLC,BROAD $ CORP BOND GBP HEDGED (DIST),IE000J4DNAA7,ETFS,29/09/2025,Ireland,GBP,MAIN MARKET,Open-ended investment companies,EUET,UET9
IDJP,ISHARES III PLC,ISHRS MSCI JPN SMALL CAP ETF USD (DIST),IE00B2QWDY88,ETFS,12/05/2008,Ireland,USD,MAIN MARKET,Open-ended investment companies,EUE2,UE2E
IDP6,ISHARES III PLC,ISHRS S&P SMLL CAP 600 ETF USD (DIST),IE00B2QWCY14,ETFS,12/05/2008,Ireland,USD,MAIN MARKET,Open-ended investment companies,EUE2,UE2E
IE15,ISHARES III PLC,ISHARES EUR CORP BOND 1-5YR ETF EUR DIST,IE00B4L60045,ETFS,28/09/2009,Ireland,EUR,MAIN MARKET,Open-ended investment companies,EUET,UET9
IE1G,ISHARES III PLC,ISHARES € CORP BOND 1-5Y ETF GBP HEDGED,IE000WY37YU4,ETFS,22/09/2023,Ireland,GBP,MAIN MARKET,Open-ended investment companies,EUET,UET9
IEAA,ISHARES III PLC,ISH CORE EUR CORP BOND UCITS EUR (ACC),IE00BF11F565,ETFS,25/09/2017,Ireland,EUR,MAIN MARKET,Open-ended investment companies,EUET,UET9
IEAC,ISHARES III PLC,ISHRS CORE EUR CORP BOND ETF EUR (DIST),IE00B3F81R35,ETFS,09/03/2009,Ireland,EUR,MAIN MARKET,Open-ended investment companies,EUET,UET9
IEAH,ISHARES III PLC,ISH CORP BOND UCITS ETF GBP-H D,IE00BDFJYN35,ETFS,23/03/2018,Ireland,GBP,MAIN MARKET,Open-ended investment companies,EUET,UET9
IEBC,ISHARES III PLC,ISHRS CORE EUR CORP BOND ETF EUR (DIST),IE00B3F81R35,ETFS,09/03/2009,Ireland,GBP,MAIN MARKET,Open-ended investment companies,EUE2,UE2I
IEMA,ISHARES III PLC,ISHARES MSCI EM UCITS ETF USD (ACC),IE00B4L5YC18,ETFS,28/09/2009,Ireland,USD,MAIN MARKET,Open-ended investment companies,EUET,UET5
IEML,ISHARES III PLC,ISHRS EM LOCAL GOVT BOND ETF USD (DIST),IE00B5M4WH52,ETFS,21/06/2011,Ireland,USD,MAIN MARKET,Open-ended investment companies,EUET,UET9
IEMS,ISHARES III PLC,ISHRS MSCI EM SMALL CAP ETF USD (DIST),IE00B3F81G20,ETFS,09/03/2009,Ireland,USD,MAIN MARKET,Open-ended investment companies,EUET,UET5
IFGH,ISHARES III PLC,ISHARS € FLXBLE INCM BND ACTVE UCITS ETF,IE000R1X43G7,ETFS,06/03/2026,Ireland,GBP,MAIN MARKET,Open-ended investment companies,EUET,UEA1
IGAA,ISHARES III PLC,ISH E ASIA LOCAL GOVT BND ETF USD ACC,IE00BFM6T814,ETFS,04/06/2018,Ireland,USD,MAIN MARKET,Open-ended investment companies,EUET,UET9
IGBD,ISHARES III PLC,ISHARES BROAD GLOBAL GOVT BOND USD (ACC),IE000I0U8OO3,ETFS,30/06/2025,Ireland,GBP,MAIN MARKET,Open-ended investment companies,EUET,UET9
IGBG,ISHARES III PLC,ISHRS BRD GLBL GVT BND UCITS ETF USD D,IE000J8Z5N74,ETFS,19/09/2024,Ireland,GBP,MAIN MARKET,,EUET,UETY
IGBS,ISHARES III PLC,ISHRS BRD GLBL GVT BND UCITS ETFGBP H D,IE000S6ZDHA0,ETFS,09/10/2024,Ireland,GBP,MAIN MARKET,Open-ended investment companies,EUET,UET9
IGEA,ISHARES III PLC,ISHRS EMR ASIA LCAL GVT BND ETF USD DIST,IE00B6QGFW01,ETFS,06/03/2012,Ireland,USD,MAIN MARKET,Open-ended investment companies,EUET,UET9
IGIL,ISHARES III PLC,ISHRS GLBL INFL LNKD GVT BND ETF USD ACC,IE00B3B8PX14,ETFS,04/08/2008,Ireland,USD,MAIN MARKET,Open-ended investment companies,EUET,UET9
IGL5,ISHARES III PLC,ISHARES UK GILTS 0-5YR UCIT ETF GBP ACC,IE000RCMNFR9,ETFS,23/05/2023,Ireland,GBP,MAIN MARKET,Open-ended investment companies,EUET,UET9
IGLA,ISHARES III PLC,ISHARES GL GOVT BOND UCITS USD (ACC),IE00BYZ28V50,ETFS,23/10/2017,Ireland,USD,MAIN MARKET,Open-ended investment companies,EUET,UET9
IGLH,ISHARES III PLC,ISH GLOB GOVT BOND ETF GBP-H D,IE00BDFK3H31,ETFS,23/03/2018,Ireland,GBP,MAIN MARKET,Open-ended investment companies,EUET,UET9
IGLO,ISHARES III PLC,ISHRS GLOBAL GOVT BOND ETF USD (DIST),IE00B3F81K65,ETFS,09/03/2009,Ireland,USD,MAIN MARKET,Open-ended investment companies,EUET,UET9
IGLS,ISHARES III PLC,ISHRS UK GILTS 0-5YR ETF GBP (DIST),IE00B4WXJK79,ETFS,20/04/2009,Ireland,GBP,MAIN MARKET,Open-ended investment companies,EUET,UET9
IGNC,ISHARES III PLC,ISHARES US EQUITY HIGH INCOME ACTIVE GBP,IE000E47O2D3,ETFS,31/03/2026,Ireland,GBP,MAIN MARKET,Open-ended investment companies,EUET,UEA1
IJPA,ISHARES III PLC,ISHRS CORE MSCI JAPAN IMI ETF USD (ACC),IE00B4L5YX21,ETFS,28/09/2009,Ireland,USD,MAIN MARKET,Open-ended investment companies,EUET,UET5
IKSA,ISHARES III PLC,ISH MSCI SA CAP USD A,IE00BYYR0489,ETFS,15/04/2019,Ireland,USD,MAIN MARKET,Open-ended investment companies,EUET,UET5
IKSD,ISHARES III PLC,ISH MSCI SA C USD D,IE00BJ5JPJ87,ETFS,30/04/2019,Ireland,USD,MAIN MARKET,Open-ended investment companies,EUET,UET5
INCU,ISHARES III PLC,ISHARES US EQ HI INC DIST ACT ETF,IE000WHL2ZK1,ETFS,27/03/2024,Ireland,GBP,MAIN MARKET,,EUET,UEA2
IPXJ,ISHARES III PLC,ISHRS MSCI PACIFIC EX-JPN ETF USD DIST,IE00B4WXJD03,ETFS,20/04/2009,Ireland,USD,MAIN MARKET,Open-ended investment companies,EUET,UET5
IRSA,ISHARES III PLC,ISHRS MSCI SOUTH AFRICA ETF USD (ACC),IE00B52XQP83,ETFS,25/01/2010,Ireland,USD,MAIN MARKET,Open-ended investment companies,EUET,UET5
ISJP,ISHARES III PLC,ISHRS MSCI JPN SMALL CAP ETF USD (DIST),IE00B2QWDY88,ETFS,12/05/2008,Ireland,GBX,MAIN MARKET,Open-ended investment companies,EUET,UET5
ISP6,ISHARES III PLC,ISHRS S&P SMLL CAP 600 ETF USD (DIST),IE00B2QWCY14,ETFS,12/05/2008,Ireland,GBX,MAIN MARKET,Open-ended investment companies,EUET,UET5
ISPE,ISHARES III PLC,ISHARES S&P 500 EQL WGHT ETF GBP HD ACC,IE0003WV2ME7,ETFS,04/08/2022,Ireland,GBP,MAIN MARKET,Open-ended investment companies,EUET,UET5
ISXF,ISHARES III PLC,ISHRS £ CORP BOND EX-FIN ETF GBP (DIST),IE00B4L60H17,ETFS,28/09/2009,Ireland,GBP,MAIN MARKET,Open-ended investment companies,EUET,UET9
IWDA,ISHARES III PLC,ISHRS CORE MSCI WORLD ETF USD (ACC),IE00B4L5Y983,ETFS,28/09/2009,Ireland,USD,MAIN MARKET,Open-ended investment companies,EUET,UET5
IWDD,ISHARES III PLC,ISHARES CORE MSCI WRD UCITS ETF USD DIS,IE000OHHIBC6,ETFS,27/02/2025,Ireland,GBP,MAIN MARKET,,EUET,UETY
IWDG,ISHARES III PLC,ISHARES MSCI WORLD ETF GBP HDGD (DIST),IE00BD45YS76,ETFS,22/05/2017,Ireland,GBX,MAIN MARKET,Open-ended investment companies,EUET,UET5
MACG,ISHARES III PLC,ISHARES CONSERVATIVE PORTFOLIO UCITS ETF,IE00BLP53N06,ETFS,16/09/2020,Ireland,GBP,MAIN MARKET,Open-ended investment companies,EUET,UET5
MAGG,ISHARES III PLC,ISHARES GROWTH PORTFOLIO UCITS ETF,IE00BLLZQ912,ETFS,16/09/2020,Ireland,GBP,MAIN MARKET,Open-ended investment companies,EUET,UET5
MAMG,ISHARES III PLC,ISHARES MODERATE PORTFOLIO UCITS ETF,IE00BLLZQ797,ETFS,16/09/2020,Ireland,GBP,MAIN MARKET,Open-ended investment companies,EUET,UET5
SAGG,ISHARES III PLC,ISH GLOBAL AGG BOND ETF USD DIST (GBP),IE00B3F81409,ETFS,23/11/2017,Ireland,GBP,MAIN MARKET,Open-ended investment companies,EUET,UET9
SAUS,ISHARES III PLC,ISHRS MSCI AUST UCITS ETF USD (ACC),IE00B5377D42,ETFS,25/01/2010,Ireland,GBX,MAIN MARKET,Open-ended investment companies,EUE2,UE2E
SE15,ISHARES III PLC,ISHARES EUR CORP BOND 1-5YR ETF EUR DIST,IE00B4L60045,ETFS,28/09/2009,Ireland,GBP,MAIN MARKET,Open-ended investment companies,EUE2,UE2I
SEAG,ISHARES III PLC,ISHRES EUR AGG BOND UCITS ETF EUR (DIST),IE00B3DKXQ41,ETFS,09/03/2009,Ireland,GBP,MAIN MARKET,Open-ended investment companies,EUET,UET9
SEGA,ISHARES III PLC,ISHRS CORE EUR GOVT BOND ETF EUR (DIST),IE00B4WXJJ64,ETFS,20/04/2009,Ireland,GBP,MAIN MARKET,Open-ended investment companies,EUET,UET9
SEGP,ISHARES III PLC,ISH € GOVT BND CLMT UCTS GBP HDG AC,IE000M9FJ295,ETFS,30/09/2024,Ireland,GBP,MAIN MARKET,Open-ended investment companies,EUET,UET9
SEMA,ISHARES III PLC,ISHARES MSCI EM UCITS ETF USD (ACC),IE00B4L5YC18,ETFS,28/09/2009,Ireland,GBX,MAIN MARKET,Open-ended investment companies,EUE2,UE2E
SEML,ISHARES III PLC,ISHRS EM LOCAL GOVT BOND ETF USD (DIST),IE00B5M4WH52,ETFS,21/06/2011,Ireland,GBP,MAIN MARKET,Open-ended investment companies,EUE2,UE2I
SGEA,ISHARES III PLC,ISHRS EMR ASIA LCAL GVT BND ETF USD DIST,IE00B6QGFW01,ETFS,06/03/2012,Ireland,GBP,MAIN MARKET,Open-ended investment companies,EUE2,UE2I
SGIL,ISHARES III PLC,ISHRS GLBL INFL LNKD GVT BND ETF USD ACC,IE00B3B8PX14,ETFS,04/08/2008,Ireland,GBP,MAIN MARKET,Open-ended investment companies,EUE2,UE2I
SGLO,ISHARES III PLC,ISHRS GLOBAL GOVT BOND ETF USD (DIST),IE00B3F81K65,ETFS,09/03/2009,Ireland,GBP,MAIN MARKET,Open-ended investment companies,EUE2,UE2I
SJPA,ISHARES III PLC,ISHRS CORE MSCI JAPAN IMI ETF USD (ACC),IE00B4L5YX21,ETFS,28/09/2009,Ireland,GBX,MAIN MARKET,Open-ended investment companies,EUE2,UE2E
SMEA,ISHARES III PLC,ISHARES MSCI EUROPE UCITS ETF EUR (ACC),IE00B4K48X80,ETFS,28/09/2009,Ireland,GBX,MAIN MARKET,Open-ended investment companies,EUET,UET5
SPXJ,ISHARES III PLC,ISHRS MSCI PACIFIC EX-JPN ETF USD DIST,IE00B4WXJD03,ETFS,20/04/2009,Ireland,GBX,MAIN MARKET,Open-ended investment companies,EUE2,UE2E
SRSA,ISHARES III PLC,ISHRS MSCI SOUTH AFRICA ETF USD (ACC),IE00B52XQP83,ETFS,25/01/2010,Ireland,GBX,MAIN MARKET,Open-ended investment companies,EUE2,UE2E
SSXF,ISHARES III PLC,ISHRS £ CORP BOND EX-FIN ETF GBP (DIST),IE00B4L60H17,ETFS,28/09/2009,Ireland,EUR,MAIN MARKET,Open-ended investment companies,EUE2,UE2I
SWDA,ISHARES III PLC,ISHRS CORE MSCI WORLD ETF USD (ACC),IE00B4L5Y983,ETFS,28/09/2009,Ireland,GBX,MAIN MARKET,Open-ended investment companies,EUE2,UE2E
UKRE,ISHARES III PLC,ISHRS MSCI TRGT UK REAL EST ETF GBP DIST,IE00BRHZ0398,ETFS,18/03/2015,Ireland,GBX,MAIN MARKET,Open-ended investment companies,EUET,UET5
USEB,ISHARES III PLC,ISH $ CRP BND ENH ACTIVE UCTS US ACC,IE000RJL5A30,ETFS,25/04/2025,Ireland,USD,MAIN MARKET,,EUET,UEA2
USEE,ISHARES III PLC,ISHRS US EQ ENH ACTIVE UCT ETF USD ACC,IE0009VWHAE6,ETFS,31/07/2024,Ireland,GBP,MAIN MARKET,Open-ended investment companies,EUET,UEA1
USGH,ISHARES III PLC,ISHRS US EQTY ENHNCD ACTV UCITS GBP H A,IE000IX54FW5,ETFS,16/04/2025,Ireland,GBP,MAIN MARKET,Open-ended investment companies,EUET,UEA1
WINC,ISHARES III PLC,ISHARES WRLD EQT H IN ACT ETF,IE000KJPDY61,ETFS,27/03/2024,Ireland,GBP,MAIN MARKET,,EUET,UEA2
WLDS,ISHARES III PLC,ISH MSCI WLD SMALL CAP UCITS ETF ACC GBP,IE00BF4RFH31,ETFS,29/03/2018,Ireland,GBP,MAIN MARKET,Open-ended investment companies,EUE2,UE2E
WOEE,ISHARES III PLC,ISHRS WLD EQ ENH ACTIVE UCT ETF USD ACC,IE000D8XC064,ETFS,31/07/2024,Ireland,GBP,MAIN MARKET,Open-ended investment companies,EUET,UEA1
WOGH,ISHARES III PLC,ISHRS WRLD EQTY ENH ACTV UCITS ETF GBP A,IE000ZYE17Z0,ETFS,16/04/2025,Ireland,GBP,MAIN MARKET,Open-ended investment companies,EUET,UEA1
WSML,ISHARES III PLC,ISH MSCI WLD SMALL CAP UCITS ETF ACC USD,IE00BF4RFH31,ETFS,29/03/2018,Ireland,USD,MAIN MARKET,Open-ended investment companies,EUET,UET5
XUES,ISHARES III PLC,ISHARES MSCI WORLD EX-USA UCITS ETF USD,IE000ZDDJWZ5,ETFS,06/05/2026,Ireland,GBP,MAIN MARKET,Open-ended investment companies,EUET,UET9
XUSE,ISHARES III PLC,ISH MSCI WRLD EX-US UCTS ETF US ACC,IE000R4ZNTN3,ETFS,24/04/2025,Ireland,GBP,MAIN MARKET,,EUET,UETY
BLDR,ISHARES II PLC,ISHARES EUROPE INFRASTRUCTURE BUILDERS U,IE000PTMIE90,ETFS,30/07/2026,Ireland,GBP,MAIN MARKET,Open-ended investment companies,ETFS,ETFL
BRIC,ISHARES II PLC,ISHARES BIC 50 UCITS ETF USD (DIST),IE00B1W57M07,ETFS,23/04/2007,Ireland,GBX,MAIN MARKET,Open-ended investment companies,EUET,UET5
CLGH,ISHARES II PLC,ISHARES € AAA CLO ACTIVE ETF GBP H,IE000VHC9HY7,ETFS,31/03/2026,Ireland,GBP,MAIN MARKET,Open-ended investment companies,EUET,UEA1
DBRC,ISHARES II PLC,ISHARES BIC 50 UCITS ETF USD (DIST),IE00B1W57M07,ETFS,23/04/2007,Ireland,USD,MAIN MARKET,Open-ended investment companies,EUE2,UE2E
DH2O,ISHARES II PLC,ISHRS GLOBAL WATER UCITS ETF USD (DIST),IE00B1TXK627,ETFS,20/03/2007,Ireland,USD,MAIN MARKET,Open-ended investment companies,EUE2,UE2E
DHYA,ISHARES II PLC,ISH $HY CB ESG A,IE00BJK55B31,ETFS,15/11/2019,Ireland,USD,MAIN MARKET,Open-ended investment companies,EUET,UET9
DHYG,ISHARES II PLC,ISH $ HYCB ESG SRI UCIT ETF GBH D,IE0003NVF3Y3,ETFS,13/09/2021,Ireland,GBP,MAIN MARKET,Open-ended investment companies,EUET,UET9
DLTM,ISHARES II PLC,ISHRS MSCI EM LATIN AM ETF USD (DIST),IE00B27YCK28,ETFS,15/10/2007,Ireland,USD,MAIN MARKET,Open-ended investment companies,EUE2,UE2E
DPYA,ISHARES II PLC,ISH DEV MKT PROPERTY YLD ETF USD ACC,IE00BFM6T921,ETFS,14/05/2018,Ireland,USD,MAIN MARKET,Open-ended investment companies,EUET,UET5
DPYE,ISHARES II PLC,ISH DEV MKTS PPTY YIELD ETF EUR HDG ACC,IE00BDZVHD04,ETFS,08/03/2018,Ireland,EUR,MAIN MARKET,Open-ended investment companies,EUET,UET5
DPYG,ISHARES II PLC,ISH DEV MKTS PPTY YIELD ETF GBP HDG ACC,IE00BDZVHC96,ETFS,08/03/2018,Ireland,GBP,MAIN MARKET,Open-ended investment companies,EUET,UET5
EHYG,ISHARES II PLC,ISHS € H CP B ESG SRI UCT ETF GBP HD ACC,IE000YZVB4R7,ETFS,28/04/2023,Ireland,GBP,MAIN MARKET,Open-ended investment companies,EUET,UET9
EMES,ISHARES II PLC,ISH JPM ADV $EM BOND ETF-D,IE00BDDRDW15,ETFS,26/09/2018,Ireland,USD,MAIN MARKET,Open-ended investment companies,EUET,UET9
EMHG,ISHARES II PLC,ISH JPM $ EM BOND ETF GBP-H D,IE00BDFGJ734,ETFS,23/03/2018,Ireland,GBP,MAIN MARKET,Open-ended investment companies,EUET,UET9
EMSA,ISHARES II PLC,ISH JPM ADV $EM BOND ETF-A,IE00BF553838,ETFS,26/09/2018,Ireland,USD,MAIN MARKET,Open-ended investment companies,EUET,UET9
EQDS,ISHARES II PLC,ISHRS EUROPE QUALITY ADV DIV EUR (DIST),IE00BYYHSM20,ETFS,14/06/2017,Ireland,GBX,MAIN MARKET,Open-ended investment companies,EUET,UET5
EUE,ISHARES II PLC,ISHRS EURO STOXX 50 UCITS ETF EUR (DIST),IE0008471009,ETFS,27/09/2004,Ireland,GBX,MAIN MARKET,Open-ended investment companies,EUET,UET5
EUN,ISHARES II PLC,ISHRS STOXX EUROPE 50 UCITS ETF EUR DIST,IE0008470928,ETFS,27/09/2004,Ireland,GBX,MAIN MARKET,Open-ended investment companies,EUET,UET5
FLO5,ISHARES II PLC,ISHARES $ FLOATING RATE BOND UCITS,IE00BZ048462,ETFS,15/09/2017,Ireland,GBX,MAIN MARKET,Open-ended investment companies,EUE2,UE2I
FLOA,ISHARES II PLC,ISH $ FLOAT BOND UCITS ETF USD ACC,IE00BDFGJ627,ETFS,23/03/2018,Ireland,USD,MAIN MARKET,Open-ended investment companies,EUET,UET9
FLOS,ISHARES II PLC,IS $ FLOT RATE BOND ETF GBP HEDGE (DIST),IE00BF7TPM11,ETFS,01/09/2017,Ireland,GBX,MAIN MARKET,Open-ended investment companies,EUET,UET9
FLOT,ISHARES II PLC,ISHARES $ FLOATING RATE BOND UCITS ETF,IE00BZ048462,ETFS,12/07/2017,Ireland,USD,MAIN MARKET,Open-ended investment companies,EUET,UET9
FTAW,ISHARES II PLC,ISHRS FTSE ALLWORLD UCITS ETF USD (ACC),IE00097WZHZ9,ETFS,12/05/2026,Ireland,GBP,MAIN MARKET,Open-ended investment companies,ETFS,ETFL
HDIQ,ISHARES II PLC,ISHS MSCI USA QLTY DIV ADV UCITS ETF £ D,IE00BKM4H312,ETFS,09/06/2014,Ireland,GBX,MAIN MARKET,Open-ended investment companies,EUE2,UE2E
IASP,ISHARES II PLC,ISHRS ASIA PROPERTY YIELD ETF USD (DIST),IE00B1FZS244,ETFS,23/10/2006,Ireland,GBX,MAIN MARKET,Open-ended investment companies,EUET,UET5
IBGL,ISHARES II PLC,ISHRS EUR GOVT BOND 15-30YR ETF EUR DIST,IE00B1FZS913,ETFS,11/12/2006,Ireland,GBP,MAIN MARKET,Open-ended investment companies,EUET,UET9
IBGM,ISHARES II PLC,ISHRS E GOVT BOND 7-10YR ETF EUR (DIST),IE00B1FZS806,ETFS,11/12/2006,Ireland,GBP,MAIN MARKET,Open-ended investment companies,EUET,UET9
IBGX,ISHARES II PLC,ISHRS EUR GOVT BOND 3-5YR ETF EUR (DIST),IE00B1FZS681,ETFS,11/12/2006,Ireland,GBP,MAIN MARKET,Open-ended investment companies,EUET,UET9
IBTM,ISHARES II PLC,ISHRS $ TREAS BOND 7-10YR ETF USD (DIST),IE00B1FZS798,ETFS,11/12/2006,Ireland,GBP,MAIN MARKET,Open-ended investment companies,EUET,UET9
IDAR,ISHARES II PLC,ISHRS ASIA PROPERTY YIELD ETF USD (DIST),IE00B1FZS244,ETFS,30/10/2006,Ireland,USD,MAIN MARKET,Open-ended investment companies,EUE2,UE2E
IDIN,ISHARES II PLC,ISHRS GLOBAL INFRA UCITS ETF USD (DIST),IE00B1FZS467,ETFS,30/10/2006,Ireland,USD,MAIN MARKET,Open-ended investment companies,EUE2,UE2E
IDPE,ISHARES II PLC,ISHRS LISTED PRIVATE EQUITY ETF USD DIST,IE00B1TXHL60,ETFS,20/03/2007,Ireland,USD,MAIN MARKET,Open-ended investment companies,EUE2,UE2E
IDTK,ISHARES II PLC,ISHARES MSCI TURKEY UCITS ETF USD (DIST),IE00B1FZS574,ETFS,13/11/2006,Ireland,USD,MAIN MARKET,Open-ended investment companies,EUE2,UE2E
IDTM,ISHARES II PLC,ISHRS $ TREAS BOND 7-10YR ETF USD (DIST),IE00B1FZS798,ETFS,11/12/2006,Ireland,USD,MAIN MARKET,Open-ended investment companies,EUE2,UE2I
IDTP,ISHARES II PLC,ISHARES USD TIPS UCITS ETF USD (ACC),IE00B1FZSC47,ETFS,11/12/2006,Ireland,USD,MAIN MARKET,Open-ended investment companies,EUE2,UE2I
IDUP,ISHARES II PLC,ISHRS US PROP YIELD UCITS ETF USD (DIST),IE00B1FZSF77,ETFS,13/11/2006,Ireland,USD,MAIN MARKET,Open-ended investment companies,EUE2,UE2E
IDWP,ISHARES II PLC,ISHRS DEV MRKTS PROP YIELD ETF USD DIST,IE00B1FZS350,ETFS,30/10/2006,Ireland,USD,MAIN MARKET,Open-ended investment companies,EUE2,UE2E
IEMB,ISHARES II PLC,ISHRS J.P. MORGAN $ EM BOND ETF USD DIST,IE00B2NPKV68,ETFS,18/02/2008,Ireland,USD,MAIN MARKET,Open-ended investment companies,EUET,UET9
IESG,ISHARES II PLC,ISHR DW JNES EUR SUST SCRNED ETF EUR ACC,IE00B52VJ196,ETFS,28/02/2011,Ireland,GBX,MAIN MARKET,Open-ended investment companies,EUET,UET5
IGLT,ISHARES II PLC,ISHRS CORE UK GILTS UCITS ETF GBP (DIST),IE00B1FZSB30,ETFS,04/12/2006,Ireland,GBP,MAIN MARKET,Open-ended investment companies,EUET,UET9
IGSG,ISHARES II PLC,ISHRS DW JNES GLB SCREENED ETF USD ACC,IE00B57X3V84,ETFS,28/02/2011,Ireland,GBX,MAIN MARKET,Open-ended investment companies,EUE2,UE2E
IGSU,ISHARES II PLC,ISHRS DW JNES GLB SCREENED ETF USD ACC,IE00B57X3V84,ETFS,28/02/2011,Ireland,USD,MAIN MARKET,Open-ended investment companies,EUET,UET5
IGTA,ISHARES II PLC,ISHRS$ TBOND 7-10YR UCITS ETF GBP H ACC,IE000R4RN8C3,ETFS,28/03/2024,Ireland,GBP,MAIN MARKET,Open-ended investment companies,EUET,UET9
IGTM,ISHARES II PLC,ISH $ TBILLS 7-10YR GBP HEDGED DIS,IE00BGPP6580,ETFS,28/02/2019,Ireland,GBP,MAIN MARKET,Open-ended investment companies,EUET,UET9
IH2O,ISHARES II PLC,ISHRS GLOBAL WATER UCITS ETF USD (DIST),IE00B1TXK627,ETFS,20/03/2007,Ireland,GBX,MAIN MARKET,Open-ended investment companies,EUET,UET5
IHHG,ISHARES II PLC,ISH $ HY CORP BOND ETF GBP-H D,IE00BDFJYL11,ETFS,23/03/2018,Ireland,GBP,MAIN MARKET,Open-ended investment companies,EUET,UET9
IHYA,ISHARES II PLC,IS $ HY CORPORATE BND UCITS ETF USD ACC,IE00BYXYYL56,ETFS,13/04/2017,Ireland,USD,MAIN MARKET,Open-ended investment companies,EUET,UET9
IHYE,ISHARES II PLC,ISH $ HY CORP BOND UCITS ETF EUR HDG D,IE00BF3N7102,ETFS,08/03/2018,Ireland,EUR,MAIN MARKET,Open-ended investment companies,EUET,UET9
IHYU,ISHARES II PLC,ISHRS $ HIGH YIELD CRP BND ETF USD DIST,IE00B4PY7Y77,ETFS,14/09/2011,Ireland,USD,MAIN MARKET,Open-ended investment companies,EUET,UET9
IMEU,ISHARES II PLC,ISHARES MSCI EUROPE UCITS ETF EUR (DIST),IE00B1YZSC51,ETFS,09/07/2007,Ireland,GBX,MAIN MARKET,Open-ended investment companies,EUET,UET5
IMIB,ISHARES II PLC,ISHARES FTSE MIB UCITS ETF EUR DIST,IE00B1XNH568,ETFS,09/07/2007,Ireland,GBX,MAIN MARKET,Open-ended investment companies,EUET,UET5
INFR,ISHARES II PLC,ISHRS GLOBAL INFRA UCITS ETF USD (DIST),IE00B1FZS467,ETFS,23/10/2006,Ireland,GBX,MAIN MARKET,Open-ended investment companies,EUET,UET5
INGH,ISHARES II PLC,ISH GLB INFRASTRUCTURE UCTS ETF GBP H AC,IE000TCZMZM8,ETFS,30/10/2024,Ireland,GBP,MAIN MARKET,Open-ended investment companies,EUET,UET5
INRA,ISHARES II PLC,ISHS GLOBAL CLEAN ENERGY UCITS ETF USD A,IE000U58J0M1,ETFS,27/02/2025,Ireland,GBP,MAIN MARKET,,EUET,UETY
INRG,ISHARES II PLC,ISHRS GLOBAL C ENERGY TRA ETF USD (DIST),IE00B1XNHC34,ETFS,09/07/2007,Ireland,GBX,MAIN MARKET,Open-ended investment companies,EUET,UET5
INXG,ISHARES II PLC,ISHRS £ INDX-LINKED GILTS ETF GBP (DIST),IE00B1FZSD53,ETFS,04/12/2006,Ireland,GBP,MAIN MARKET,Open-ended investment companies,EUET,UET9
IPRH,ISHARES II PLC,ISH LISTED PRIVATE EQTY UCTS ETF GB H AC,IE000GXN71U1,ETFS,30/10/2024,Ireland,GBP,MAIN MARKET,Open-ended investment companies,EUET,UET5
IPRV,ISHARES II PLC,ISHRS LISTED PRIVATE EQUITY ETF USD DIST,IE00B1TXHL60,ETFS,20/03/2007,Ireland,GBX,MAIN MARKET,Open-ended investment companies,EUET,UET5
ISDE,ISHARES II PLC,ISHRS MSCI EM ISLMC UCITS ETF USD (DIST),IE00B27YCP72,ETFS,10/12/2007,Ireland,USD,MAIN MARKET,Open-ended investment companies,EUET,UET5
ISDU,ISHARES II PLC,ISHRS MSCI USA ISLMIC UCITS ETF USD DIST,IE00B296QM64,ETFS,10/12/2007,Ireland,USD,MAIN MARKET,Open-ended investment companies,EUE2,UE2E
ISDW,ISHARES II PLC,ISHRS MSCI WRLD ISLMIC ETF USD (DIST),IE00B27YCN58,ETFS,10/12/2007,Ireland,USD,MAIN MARKET,Open-ended investment companies,EUE2,UE2E
ISEU,ISHARES II PLC,ISHARES MSCI EUROPE (DIST),IE00B1YZSC51,ETFS,28/11/2016,Ireland,USD,MAIN MARKET,Open-ended investment companies,EUE2,UE2E
ISFE,ISHARES II PLC,ISHRS MSCI EST EX-JPN SMLL CAP USD DIST,IE00B2QWDR12,ETFS,12/05/2008,Ireland,GBX,MAIN MARKET,Open-ended investment companies,EUET,UET5
ISUS,ISHARES II PLC,ISHRS MSCI USA ISLMIC UCITS ETF USD DIST,IE00B296QM64,ETFS,10/12/2007,Ireland,GBX,MAIN MARKET,Open-ended investment companies,EUET,UET5
ISWD,ISHARES II PLC,ISHRS MSCI WRLD ISLMIC ETF USD (DIST),IE00B27YCN58,ETFS,10/12/2007,Ireland,GBX,MAIN MARKET,Open-ended investment companies,EUET,UET5
ITKY,ISHARES II PLC,ISHARES MSCI TURKEY UCITS ETF USD (DIST),IE00B1FZS574,ETFS,06/11/2006,Ireland,GBX,MAIN MARKET,Open-ended investment companies,EUET,UET5
ITPA,ISHARES II PLC,ISHARES $ TIPS UCITS ETF GBP HACC,IE000B3NURO6,ETFS,28/03/2024,Ireland,GBP,MAIN MARKET,Open-ended investment companies,EUET,UET9
ITPG,ISHARES II PLC,ISH $ TIPS ETF GBP HDG ACC,IE00BDZVH859,ETFS,08/03/2018,Ireland,GBP,MAIN MARKET,Open-ended investment companies,EUET,UET9
ITPS,ISHARES II PLC,ISHARES USD TIPS UCITS ETF USD (ACC),IE00B1FZSC47,ETFS,11/12/2006,Ireland,GBP,MAIN MARKET,Open-ended investment companies,EUET,UET9
IUAA,ISHARES II PLC,ISHARES US AGG BOND UCITS ETF USD (ACC),IE00BYXYYM63,ETFS,13/04/2017,Ireland,USD,MAIN MARKET,Open-ended investment companies,EUET,UET9
IUAE,ISHARES II PLC,ISH US AGG BOND ETF EUR-H ACC,IE00BDFJYM28,ETFS,12/04/2018,Ireland,EUR,MAIN MARKET,Open-ended investment companies,EUET,UET9
IUAG,ISHARES II PLC,ISHRS US AGG BOND UCITS ETF USD (DIST),IE00B44CGS96,ETFS,14/09/2011,Ireland,USD,MAIN MARKET,Open-ended investment companies,EUET,UET9
IUGA,ISHARES II PLC,ISH US AGG BOND ETF GBP-H D,IE00BDFGJ841,ETFS,12/04/2018,Ireland,GBP,MAIN MARKET,Open-ended investment companies,EUET,UET9
IUKP,ISHARES II PLC,ISHARES UK PROPERTY UCITS ETF GBP (DIST),IE00B1TXLS18,ETFS,20/03/2007,Ireland,GBX,MAIN MARKET,Open-ended investment companies,EUET,UET5
IUSP,ISHARES II PLC,ISHRS US PROP YIELD UCITS ETF USD (DIST),IE00B1FZSF77,ETFS,06/11/2006,Ireland,GBX,MAIN MARKET,Open-ended investment companies,EUET,UET5
IWDP,ISHARES II PLC,ISHRS DEV MRKTS PROP YIELD ETF USD DIST,IE00B1FZS350,ETFS,23/10/2006,Ireland,GBX,MAIN MARKET,Open-ended investment companies,EUET,UET5
JPEA,ISHARES II PLC,IS JPM $ EM BOND UCITS ETF USD AC,IE00BYXYYK40,ETFS,13/04/2017,Ireland,USD,MAIN MARKET,Open-ended investment companies,EUET,UET9
JPEE,ISHARES II PLC,ISHARES J.P. MORGAN $ EM BOND UCITS,IE00BYXYYK40,ETFS,15/09/2017,Ireland,EUR,MAIN MARKET,Open-ended investment companies,EUE2,UE2I
KDOM,ISHARES II PLC,ISHARES UK DOMESTIC FOCUS UCITS ETF GBP,IE000KXMLOD6,ETFS,28/04/2026,Ireland,GBP,MAIN MARKET,Open-ended investment companies,ETFS,ETFL
KFOR,ISHARES II PLC,ISHARES UK FOREIGN FOCUS UCITS ETF GBP (,IE000GW6RB11,ETFS,28/04/2026,Ireland,GBP,MAIN MARKET,Open-ended investment companies,ETFS,ETFL
LTAM,ISHARES II PLC,ISHRS MSCI EM LATIN AM ETF USD (DIST),IE00B27YCK28,ETFS,15/10/2007,Ireland,GBX,MAIN MARKET,Open-ended investment companies,EUET,UET5
QDGH,ISHARES II PLC,ISHARES MSCI EUR QD ADV GBP HEDGED,IE000JEZ2VB3,ETFS,31/10/2025,Ireland,GBP,MAIN MARKET,Open-ended investment companies,EUET,UET9
QDIH,ISHARES II PLC,ISHARES MSCI USA QD ADV GBP HEDGED,IE000PYHMXV4,ETFS,31/10/2025,Ireland,GBP,MAIN MARKET,Open-ended investment companies,EUET,UET9
QDIV,ISHARES II PLC,ISHS MSCI USA QLTY DIV ADV UCITS ETF $ D,IE00BKM4H312,ETFS,09/06/2014,Ireland,USD,MAIN MARKET,Open-ended investment companies,EUET,UET5
SEMB,ISHARES II PLC,ISHRS J.P. MORGAN $ EM BOND ETF USD DIST,IE00B2NPKV68,ETFS,18/02/2008,Ireland,GBX,MAIN MARKET,Open-ended investment companies,EUE2,UE2I
SGSU,ISHARES II PLC,ISHARES USD CORP ESG SRI 0-3YR GBP H,IE00BK7Y2S64,ETFS,28/06/2019,Ireland,GBP,MAIN MARKET,Open-ended investment companies,EUET,UET9
SHYU,ISHARES II PLC,ISHRS $ HIGH YIELD CRP BND ETF USD DIST,IE00B4PY7Y77,ETFS,14/09/2011,Ireland,GBP,MAIN MARKET,Open-ended investment companies,EUE2,UE2I
STT6,ISHARES II PLC,ISHRS STOXX ERP 600 UCITS ETF EUR (DIST),IE0004YCLDW1,ETFS,12/05/2026,Ireland,GBP,MAIN MARKET,Open-ended investment companies,ETFS,ETFL
SUAG,ISHARES II PLC,ISHRS US AGG BOND UCITS ETF USD (DIST),IE00B44CGS96,ETFS,14/09/2011,Ireland,GBP,MAIN MARKET,Open-ended investment companies,EUE2,UE2I
SUOE,ISHARES II PLC,ISHARES EUR CORP BOND ESG SRI UCITS ETF,IE00BYZTVT56,ETFS,28/06/2018,Ireland,EUR,MAIN MARKET,Open-ended investment companies,EUET,UET9
SUOG,ISHARES II PLC,ISH CB ESG SRI GBP H D,IE00BK74KV56,ETFS,30/07/2019,Ireland,GBP,MAIN MARKET,Open-ended investment companies,EUET,UET9
SUOP,ISHARES II PLC,ISHARES USD CORP ESG SRI-GBPHD DIST,IE00BMWPV702,ETFS,25/05/2021,Ireland,GBP,MAIN MARKET,Open-ended investment companies,EUET,UET9
SUSS,ISHARES II PLC,ISHS EUR CRP BOND ESG SRI 0-3YR UCITS ET,IE00BYZTVV78,ETFS,11/01/2016,Ireland,GBX,MAIN MARKET,Open-ended investment companies,EUET,UET9
SUSU,ISHARES II PLC,ISHARES USD CORP ESG SRI 0-3YR USD DIST,IE00BZ048579,ETFS,14/12/2018,Ireland,USD,MAIN MARKET,Open-ended investment companies,EUET,UET9
TI5A,ISHARES II PLC,ISH $ TIPS 0-5 UCTS ETF US ACC,IE000JXFRNI0,ETFS,28/03/2025,Ireland,GBP,MAIN MARKET,,EUET,UETY
TI5G,ISHARES II PLC,ISH $ TIPS 0-5 ETF GBP HDG DIST,IE00BDZVHB89,ETFS,08/03/2018,Ireland,GBP,MAIN MARKET,Open-ended investment companies,EUET,UET9
TIP5,ISHARES II PLC,ISHARES $ TIPS 0-5 UCITS ETF,IE00BDQYWQ65,ETFS,24/04/2017,Ireland,USD,MAIN MARKET,Open-ended investment companies,EUET,UET9
TP05,ISHARES II PLC,ISHARES $ TIPS 0-5 UCITS ETF,IE00BDQYWQ65,ETFS,24/04/2017,Ireland,GBX,MAIN MARKET,Open-ended investment companies,EUE2,UE2I
WOOD,ISHARES II PLC,ISHRS GLBL TIMBER & FOREST ETF USD DIST,IE00B27YCF74,ETFS,15/10/2007,Ireland,GBX,MAIN MARKET,Open-ended investment companies,EUET,UET5
WQDS,ISHARES II PLC,ISHRS WORLD QUALITY DIV USD ADV (DIST),IE00BYYHSQ67,ETFS,14/06/2017,Ireland,GBX,MAIN MARKET,Open-ended investment companies,EUE2,UE2E
WQDV,ISHARES II PLC,ISHRS WORLD QUALITY DIV USD ADV (DIST),IE00BYYHSQ67,ETFS,14/06/2017,Ireland,USD,MAIN MARKET,Open-ended investment companies,EUET,UET5
AGED,ISHARES IV PLC,ISHS AGEING POPULATON UCITS ETF USD(ACC),IE00BYZK4669,ETFS,12/09/2016,Ireland,USD,MAIN MARKET,Open-ended investment companies,EUET,UET5
AGES,ISHARES IV PLC,ISHS AGEING POPULATON UCITS ETF USD(ACC),IE00BYZK4669,ETFS,12/09/2016,Ireland,GBX,MAIN MARKET,Open-ended investment companies,EUE2,UE2E
BTEC,ISHARES IV PLC,ISHARES NASDAQ US BIOTEC UCITS USD (ACC),IE00BYXG2H39,ETFS,23/10/2017,Ireland,USD,MAIN MARKET,Open-ended investment companies,EUET,UET5
BTEE,ISHARES IV PLC,ISH NASDAQ US BTEC UCITS ETF USD DIST,IE00BDZVHG35,ETFS,08/03/2018,Ireland,USD,MAIN MARKET,Open-ended investment companies,EUET,UET5
BTEK,ISHARES IV PLC,ISHARES NASDAQ US BIOTEC UCITS USD (ACC),IE00BYXG2H39,ETFS,24/10/2017,Ireland,GBP,MAIN MARKET,Open-ended investment companies,EUE2,UE2E
CNYA,ISHARES IV PLC,ISHS MSCI CHINA A UCITS ETF USD (ACC),IE00BQT3WG13,ETFS,13/04/2015,Ireland,USD,MAIN MARKET,Open-ended investment companies,EUET,UET5
CNYB,ISHARES IV PLC,ISHARES CHINA CNY BOND UCITS ETF (DIST),IE00BYPC1H27,ETFS,26/10/2020,Ireland,GBP,MAIN MARKET,Open-ended investment companies,EUET,UET9
CT2B,ISHARES IV PLC,ISH £CTB G ICO D,IE00BKTLJB70,ETFS,23/02/2021,Ireland,GBP,MAIN MARKET,Open-ended investment companies,EUET,UET5
CTCE,ISHARES IV PLC,MSCI CHINA TECH UCITS ETF US ACC,IE000NFR7C63,ETFS,20/10/2025,Ireland,GBP,MAIN MARKET,,EUET,UETY
CYGB,ISHARES IV PLC,ISH CNYB E GBH D,IE00BMZ17Y47,ETFS,26/02/2021,Ireland,GBP,MAIN MARKET,Open-ended investment companies,EUET,UET9
DGIT,ISHARES IV PLC,ISHS DIGITALISATION UCITS ETF USD (ACC),IE00BYZK4883,ETFS,12/09/2016,Ireland,GBX,MAIN MARKET,Open-ended investment companies,EUE2,UE2E
DGTL,ISHARES IV PLC,ISHS DIGITALISATION UCITS ETF USD (ACC),IE00BYZK4883,ETFS,12/09/2016,Ireland,USD,MAIN MARKET,Open-ended investment companies,EUET,UET5
DRDR,ISHARES IV PLC,ISHS HEALTHCARE INNVTION UCITS ETF ACC,IE00BYZK4776,ETFS,12/09/2016,Ireland,GBX,MAIN MARKET,Open-ended investment companies,EUE2,UE2E
DTLA,ISHARES IV PLC,ISH $ T BND 20+YR ETF USD ACC,IE00BFM6TC58,ETFS,14/05/2018,Ireland,USD,MAIN MARKET,Open-ended investment companies,EUET,UET9
DTLE,ISHARES IV PLC,ISH $ TRSRY BOND 20 YR UCITS HGD DIST,IE00BD8PGZ49,ETFS,25/09/2017,Ireland,EUR,MAIN MARKET,Open-ended investment companies,EUET,UET9
ECAR,ISHARES IV PLC,ISH ELEC V DRIV TECH U-A,IE00BGL86Z12,ETFS,22/02/2019,Ireland,USD,MAIN MARKET,Open-ended investment companies,EUET,UET5
EDG2,ISHARES IV PLC,ISH MSCI EM ESG ENH CTB ETF ACC,IE00BHZPJ239,ETFS,22/11/2019,Ireland,GBP,MAIN MARKET,Open-ended investment companies,EUET,UET5
EDMG,ISHARES IV PLC,ISHARES MSCI US ESG EN UCIT ETF GBP H D,IE000LZ4F7J0,ETFS,12/01/2024,Ireland,GBP,MAIN MARKET,Open-ended investment companies,EUET,UET5
EEDG,ISHARES IV PLC,ISHRS MSCI USA ESG ENH CTB USD ETF DIST,IE00BHZPJ890,ETFS,28/04/2020,Ireland,GBP,MAIN MARKET,Open-ended investment companies,EUE2,UE2E
EEDM,ISHARES IV PLC,ISH MSCI EM USG E CTB USD D,IE00BHZPJ122,ETFS,24/10/2019,Ireland,USD,MAIN MARKET,Open-ended investment companies,EUET,UET5
EEDS,ISHARES IV PLC,ISHRS MSCI USA ESG ENH CTB USD ETF DIST,IE00BHZPJ890,ETFS,12/03/2019,Ireland,USD,MAIN MARKET,Open-ended investment companies,EUET,UET5
EEJD,ISHARES IV PLC,ISH MSCI JPN ESG ENH CTB USD D,IE00BHZPJ346,ETFS,12/03/2019,Ireland,USD,MAIN MARKET,Open-ended investment companies,EUET,UET5
EEJG,ISHARES IV PLC,ISH MSCI JAPAN ESG ENH CTB DIST,IE00BHZPJ346,ETFS,28/04/2020,Ireland,GBP,MAIN MARKET,Open-ended investment companies,EUE2,UE2E
EEUD,ISHARES IV PLC,ISH MSCI EUROPE ESG ENH CTB EUR D,IE00BHZPJ676,ETFS,12/03/2019,Ireland,GBP,MAIN MARKET,Open-ended investment companies,EUET,UET5
EEWD,ISHARES IV PLC,ISH MSCI WRLD ESG ENH CTB USD D,IE00BG11HV38,ETFS,12/03/2019,Ireland,USD,MAIN MARKET,Open-ended investment companies,EUET,UET5
EEWG,ISHARES IV PLC,ISH MSCI WORLD ESG ENH CTB DIST,IE00BG11HV38,ETFS,22/11/2019,Ireland,GBP,MAIN MARKET,Open-ended investment companies,EUE2,UE2E
EGDM,ISHARES IV PLC,ISH MSCI EM USG E CTB USD D,IE00BHZPJ122,ETFS,22/11/2019,Ireland,GBP,MAIN MARKET,Open-ended investment companies,EUE2,UE2E
EGMW,ISHARES IV PLC,ISH MSCI WORLD ESG ACC,IE00BHZPJ569,ETFS,22/11/2019,Ireland,GBP,MAIN MARKET,Open-ended investment companies,EUET,UET5
EMUD,ISHARES IV PLC,ISH MSCI EMU ESG ENH CTB EUR D,IE00BHZPHZ28,ETFS,12/03/2019,Ireland,GBP,MAIN MARKET,Open-ended investment companies,EUET,UET5
EMVL,ISHARES IV PLC,ISH MSCI EM VALUE USD-ACC,IE00BG0SKF03,ETFS,12/12/2018,Ireland,USD,MAIN MARKET,Open-ended investment companies,EUET,UET5
ERAN,ISHARES IV PLC,ISHARES £ ULTRASHRT BND UCITS ETF GBP AC,IE000V5JWFM0,ETFS,29/01/2026,Ireland,GBP,MAIN MARKET,Open-ended investment companies,EUET,UET9
ERN1,ISHARES IV PLC,ISHS EUR ULTRASHORT BD UCITS ETF (DIST),IE00BCRY6557,ETFS,17/10/2013,Ireland,GBP,MAIN MARKET,Open-ended investment companies,EUE2,UE2I
ERNA,ISHARES IV PLC,ISH $ ULTRASRT BND ETF USD ACC,IE00BGCSB447,ETFS,03/07/2018,Ireland,USD,MAIN MARKET,Open-ended investment companies,EUET,UET5
ERND,ISHARES IV PLC,ISHS $ ULTRASHORT BD UCITS ETF USD DIST,IE00BCRY6227,ETFS,17/10/2013,Ireland,USD,MAIN MARKET,Open-ended investment companies,EUET,UET5
ERNE,ISHARES IV PLC,ISHS EUR ULTRASHORT BD UCITS ETF (DIST),IE00BCRY6557,ETFS,17/10/2013,Ireland,EUR,MAIN MARKET,Open-ended investment companies,EUET,UET9
ERNS,ISHARES IV PLC,ISHS £ ULTRASHORT BD UCITS ETFGBP DIST,IE00BCRY6441,ETFS,17/10/2013,Ireland,GBP,MAIN MARKET,Open-ended investment companies,EUET,UET9
ERNU,ISHARES IV PLC,ISHS $ ULTRASHORT BD UCITS ETF USD DIST,IE00BCRY6227,ETFS,17/10/2013,Ireland,GBP,MAIN MARKET,Open-ended investment companies,EUE2,UE2E
EXCS,ISHARES IV PLC,IS MSCI EM EX-CHINA USD (ACC),IE00BMG6Z448,ETFS,29/11/2021,Ireland,GBP,MAIN MARKET,,EUET,UETY
FSEU,ISHARES IV PLC,ISHS EDGE MSCI EUR MULTIFAC UCITS ETFACC,IE00BZ0PKV06,ETFS,08/09/2015,Ireland,GBX,MAIN MARKET,Open-ended investment companies,EUET,UET5
FSWD,ISHARES IV PLC,ISHS EDGE MSCI WRLD MULTIFAC ETF USD ACC,IE00BZ0PKT83,ETFS,08/09/2015,Ireland,GBX,MAIN MARKET,Open-ended investment companies,EUE2,UE2E
GCAR,ISHARES IV PLC,ISHS ELEC VEHICLES DRIVING TECH ETF US A,IE00BGL86Z12,ETFS,12/01/2024,Ireland,GBP,MAIN MARKET,Open-ended investment companies,EUE2,UE2K
GEDM,ISHARES IV PLC,ISH MSCI EM IMI DIST,IE00BFNM3N12,ETFS,22/11/2019,Ireland,GBP,MAIN MARKET,Open-ended investment companies,EUE2,UE2E
GPSA,ISHARES IV PLC,ISH MSCI USA ACC,IE00BFNM3G45,ETFS,22/11/2019,Ireland,GBP,MAIN MARKET,Open-ended investment companies,EUE2,UE2E
HEAL,ISHARES IV PLC,ISHS HEALTHCARE INNVTION UCITS ETF ACC,IE00BYZK4776,ETFS,12/09/2016,Ireland,USD,MAIN MARKET,Open-ended investment companies,EUET,UET5
IASH,ISHARES IV PLC,ISHS MSCI CHINA A UCITS ETF USD (ACC),IE00BQT3WG13,ETFS,13/04/2015,Ireland,GBX,MAIN MARKET,Open-ended investment companies,EUE2,UE2E
IBTL,ISHARES IV PLC,ISHS $ TRSRY BD 20+YR UCITS ETF USD DIST,IE00BSKRJZ44,ETFS,21/01/2015,Ireland,GBX,MAIN MARKET,Open-ended investment companies,EUE2,UE2I
IDGA,ISHARES IV PLC,ISHRS$TBOND20YR GBP H ACC,IE0006NB6WZ4,ETFS,28/03/2024,Ireland,GBP,MAIN MARKET,Open-ended investment companies,EUET,UET9
IDTG,ISHARES IV PLC,ISH $TSY 20+ GBP HG DIST,IE00BK5MT033,ETFS,22/11/2019,Ireland,GBP,MAIN MARKET,Open-ended investment companies,EUET,UET9
IDTL,ISHARES IV PLC,ISHS $ TRSRY BD 20+YR UCITS ETF USD DIST,IE00BSKRJZ44,ETFS,21/01/2015,Ireland,USD,MAIN MARKET,Open-ended investment companies,EUET,UET9
IEDL,ISHARES IV PLC,ISH EUROPE VALUE ETF EUR DIST,IE00BG13YH41,ETFS,27/02/2018,Ireland,EUR,MAIN MARKET,Open-ended investment companies,EUET,UET5
IEEU,ISHARES IV PLC,ISHS EDGE MSCI EUROPE MULTIFACTOR,IE00BZ0PKV06,ETFS,28/11/2016,Ireland,USD,MAIN MARKET,Open-ended investment companies,EUE2,UE2E
IEFM,ISHARES IV PLC,ISHS EDG MSCI EUR MOMN FAC UCITS ETF ACC,IE00BQN1K786,ETFS,19/01/2015,Ireland,GBX,MAIN MARKET,Open-ended investment companies,EUET,UET5
IEFQ,ISHARES IV PLC,ISHS EDGE MSCI EUR QLT FAC UCITS ETF ACC,IE00BQN1K562,ETFS,19/01/2015,Ireland,GBX,MAIN MARKET,Open-ended investment companies,EUET,UET5
IEFS,ISHARES IV PLC,ISHS MSCI EUROPE MID CAP EW UCTS ETF,IE00BQN1KC32,ETFS,19/01/2015,Ireland,GBX,MAIN MARKET,Open-ended investment companies,EUET,UET5
IEFV,ISHARES IV PLC,ISHS EDGE MSCI EUR VAL FAC UCITS ETF ACC,IE00BQN1K901,ETFS,19/01/2015,Ireland,GBX,MAIN MARKET,Open-ended investment companies,EUE2,UE2E
IEMD,ISHARES IV PLC,ISH EUROPE MOMENTUM ETF EUR DIST,IE00BG13YJ64,ETFS,27/02/2018,Ireland,EUR,MAIN MARKET,Open-ended investment companies,EUET,UET5
IEQD,ISHARES IV PLC,ISH EUROPE QUALITY ETF EUR DIST,IE00BG13YG34,ETFS,27/02/2018,Ireland,EUR,MAIN MARKET,Open-ended investment companies,EUET,UET5
IEVL,ISHARES IV PLC,ISHS EDGE MSCI EUR VAL FAC UCITS ETF ACC,IE00BQN1K901,ETFS,19/01/2015,Ireland,EUR,MAIN MARKET,Open-ended investment companies,EUET,UET5
IFSD,ISHARES IV PLC,ISH EUROPE MULTIFACTOR ETF EUR DIST,IE00BG13YL86,ETFS,27/02/2018,Ireland,EUR,MAIN MARKET,Open-ended investment companies,EUET,UET5
IFSU,ISHARES IV PLC,ISHS EDGE MSCI USA MULTIFAC ETF USD ACC,IE00BZ0PKS76,ETFS,08/09/2015,Ireland,USD,MAIN MARKET,Open-ended investment companies,EUET,UET5
IFSW,ISHARES IV PLC,ISHS EDGE MSCI WRLD MULTIFAC ETF USD ACC,IE00BZ0PKT83,ETFS,08/09/2015,Ireland,USD,MAIN MARKET,Open-ended investment companies,EUET,UET5
IGSD,ISHARES IV PLC,ISHS $ SHORT DUR CORP BOND ETF USD(DIST),IE00BCRY5Y77,ETFS,17/10/2013,Ireland,GBP,MAIN MARKET,Open-ended investment companies,EUE2,UE2I
IIND,ISHARES IV PLC,ISH MSCI INDIA UCITS ETF USD ACC GBP,IE00BZCQB185,ETFS,29/05/2018,Ireland,GBP,MAIN MARKET,Open-ended investment companies,EUET,UET5
IMBA,ISHARES IV PLC,IS US MORT BACK SEC UCITS ETF USD ACC,IE00BYXYYN70,ETFS,13/04/2017,Ireland,USD,MAIN MARKET,Open-ended investment companies,EUET,UET9
IMBS,ISHARES IV PLC,ISHS US MTGE BKD SEC UCITS EFT USD DIST,IE00BZ6V7883,ETFS,25/05/2016,Ireland,USD,MAIN MARKET,Open-ended investment companies,EUET,UET9
IMGP,ISHARES IV PLC,ISHARES US MBS UCT ETF GBP HDGD DIS,IE000MFEI2J0,ETFS,07/10/2022,Ireland,GBP,MAIN MARKET,Open-ended investment companies,EUET,UET9
ISFR,ISHARES IV PLC,ISHS MSCI FRANCE UCITS ETF EUR (ACC),IE00BP3QZJ36,ETFS,08/09/2014,Ireland,GBX,MAIN MARKET,Open-ended investment companies,EUET,UET5
IUMD,ISHARES IV PLC,ISH USA MOMENTUM ETF USD DIST,IE00BFF5RZ82,ETFS,23/02/2018,Ireland,USD,MAIN MARKET,Open-ended investment companies,EUET,UET5
IUMF,ISHARES IV PLC,ISHARES EDGE MSCI USA MOMENTUM FACTOR,IE00BD1F4N50,ETFS,17/10/2016,Ireland,GBX,MAIN MARKET,Open-ended investment companies,EUE2,UE2E
IUMO,ISHARES IV PLC,ISHARES EDGE MSCI USA MOMENTUM FACTOR,IE00BD1F4N50,ETFS,17/10/2016,Ireland,USD,MAIN MARKET,Open-ended investment companies,EUET,UET5
IUQA,ISHARES IV PLC,ISHARES EDGE MSCI USA QUALITY FACTOR,IE00BD1F4L37,ETFS,17/10/2016,Ireland,USD,MAIN MARKET,Open-ended investment companies,EUET,UET5
IUQD,ISHARES IV PLC,ISH USA QUALITY ETF USD DIST,IE00BF2QSQ20,ETFS,23/02/2018,Ireland,USD,MAIN MARKET,Open-ended investment companies,EUET,UET5
IUQF,ISHARES IV PLC,ISHARES EDGE MSCI USA QUALITY FACTOR,IE00BD1F4L37,ETFS,17/10/2016,Ireland,GBX,MAIN MARKET,Open-ended investment companies,EUE2,UE2E
IUSF,ISHARES IV PLC,ISHS MSCI USA MID CAP EW UCTS ETF,IE00BD1F4K20,ETFS,17/10/2016,Ireland,GBX,MAIN MARKET,Open-ended investment companies,EUE2,UE2E
IUSZ,ISHARES IV PLC,ISHS MSCI USA MID CAP EW UCTS ETF,IE00BD1F4K20,ETFS,17/10/2016,Ireland,USD,MAIN MARKET,Open-ended investment companies,EUET,UET5
IUVD,ISHARES IV PLC,ISH USA VALUE ETF USD DIST,IE00BFF5RX68,ETFS,23/02/2018,Ireland,USD,MAIN MARKET,Open-ended investment companies,EUET,UET5
IUVF,ISHARES IV PLC,ISHARES EDGE MSCI USA VALUE FACTOR,IE00BD1F4M44,ETFS,17/10/2016,Ireland,GBX,MAIN MARKET,Open-ended investment companies,EUE2,UE2E
IUVL,ISHARES IV PLC,ISHARES EDGE MSCI USA VALUE FACTOR,IE00BD1F4M44,ETFS,17/10/2016,Ireland,USD,MAIN MARKET,Open-ended investment companies,EUET,UET5
IWFM,ISHARES IV PLC,ISHS EDGE MSCI WLD MMNT FACT ETF USD ACC,IE00BP3QZ825,ETFS,06/10/2014,Ireland,GBX,MAIN MARKET,Open-ended investment companies,EUE2,UE2E
IWFQ,ISHARES IV PLC,ISHS EDGE MSCI WRLD QLTY FAC ETF USD ACC,IE00BP3QZ601,ETFS,06/10/2014,Ireland,GBX,MAIN MARKET,Open-ended investment companies,EUE2,UE2E
IWFS,ISHARES IV PLC,ISHS MSCI WORLD MID CAP EW UCTS ETF,IE00BP3QZD73,ETFS,06/10/2014,Ireland,GBX,MAIN MARKET,Open-ended investment companies,EUE2,UE2E
IWFV,ISHARES IV PLC,ISHS EDGE MSCI WRL VAL FCT UCITS ETF ACC,IE00BP3QZB59,ETFS,06/10/2014,Ireland,GBX,MAIN MARKET,Open-ended investment companies,EUE2,UE2E
IWMO,ISHARES IV PLC,ISHS EDGE MSCI WLD MMNT FACT ETF USD ACC,IE00BP3QZ825,ETFS,06/10/2014,Ireland,USD,MAIN MARKET,Open-ended investment companies,EUET,UET5
IWQU,ISHARES IV PLC,ISHS EDGE MSCI WRLD QLTY FAC ETF USD ACC,IE00BP3QZ601,ETFS,06/10/2014,Ireland,USD,MAIN MARKET,Open-ended investment companies,EUET,UET5
IWSZ,ISHARES IV PLC,ISHS MSCI WORLD MID CAP EW UCTS ETF,IE00BP3QZD73,ETFS,06/10/2014,Ireland,USD,MAIN MARKET,Open-ended investment companies,EUET,UET5
IWVG,ISHARES IV PLC,ISH WORLD VALUE ETF GBP DIST,IE00BFYTYS33,ETFS,27/02/2018,Ireland,GBP,MAIN MARKET,Open-ended investment companies,EUE2,UE2E
IWVL,ISHARES IV PLC,ISHS EDGE MSCI WRL VAL FCT UCITS ETF ACC,IE00BP3QZB59,ETFS,06/10/2014,Ireland,USD,MAIN MARKET,Open-ended investment companies,EUET,UET5
IWVU,ISHARES IV PLC,ISH WORLD VALUE ETF USD DIST,IE00BFYTYS33,ETFS,27/02/2018,Ireland,USD,MAIN MARKET,Open-ended investment companies,EUET,UET5
JPSG,ISHARES IV PLC,ISHARES MSCI JPN SRI UCT ETF GBP HDG ACC,IE0007VCNJW3,ETFS,30/06/2022,Ireland,GBP,MAIN MARKET,Open-ended investment companies,EUET,UET5
LITM,ISHARES IV PLC,ISHARES LITH & BATT PRO UCITS ETF USD AC,IE000WDG5795,ETFS,12/01/2024,Ireland,GBP,MAIN MARKET,,EUET,UETY
LOCK,ISHARES IV PLC,ISH DGTL SEC UCITS ETF,IE00BG0J4C88,ETFS,12/09/2018,Ireland,USD,MAIN MARKET,Open-ended investment companies,EUET,UET5
METG,ISHARES IV PLC,ISHARES ESS METALS PRODS UCITS ETF USD A,IE000ROSD5J6,ETFS,12/01/2024,Ireland,GBP,MAIN MARKET,,EUET,UETY
MINE,ISHARES IV PLC,ISHARES COPPER MINERS UCITS ETF USD (ACC,IE00063FT9K6,ETFS,12/01/2024,Ireland,GBP,MAIN MARKET,,EUET,UETY
MTAV,ISHARES IV PLC,ISHARES METAVERSE UCITS ETF USD (ACC),IE000RN58M26,ETFS,12/01/2024,Ireland,GBP,MAIN MARKET,,EUET,UETY
NDIA,ISHARES IV PLC,ISH MSCI INDIA UCITS ETF USD ACC,IE00BZCQB185,ETFS,29/05/2018,Ireland,USD,MAIN MARKET,Open-ended investment companies,EUE2,UE2E
OMXS,ISHARES IV PLC,ISHARES OMX STOCKHOLM CAPPED UCITS ETF,IE00BD3RYZ16,ETFS,16/12/2016,Ireland,GBX,MAIN MARKET,Open-ended investment companies,EUET,UET5
OPEN,ISHARES IV PLC,ISH INCL / DIVERSITY ETF,IE00BD0B9B76,ETFS,12/09/2018,Ireland,USD,MAIN MARKET,Open-ended investment companies,EUET,UET5
PLAY,ISHARES IV PLC,ISHARES DIG ENT AND EDU UCITS ETF USD A,IE00023EZQ82,ETFS,12/01/2024,Ireland,GBP,MAIN MARKET,,EUET,UETY
QANT,ISHARES IV PLC,ISHARES QUANTUM COMPUTING UCITS ETF USD,IE000C6ITGC8,ETFS,16/01/2026,Ireland,GBP,MAIN MARKET,,EUET,UETY
RBOD,ISHARES IV PLC,ISHARES AUTOMAT & RBOT UCITS USD (DIST),IE00BYWZ0333,ETFS,23/10/2017,Ireland,USD,MAIN MARKET,Open-ended investment companies,EUET,UET5
RBOT,ISHARES IV PLC,ISHS AUTO & ROBOTICS UCITS ETF USD (ACC),IE00BYZK4552,ETFS,12/09/2016,Ireland,USD,MAIN MARKET,Open-ended investment companies,EUET,UET5
RBTX,ISHARES IV PLC,ISHS AUTO & ROBOTICS UCITS ETF USD (ACC),IE00BYZK4552,ETFS,12/09/2016,Ireland,GBX,MAIN MARKET,Open-ended investment companies,EUE2,UE2E
RISE,ISHARES IV PLC,ISHS FLLN ANGELS HY CRP BD UCITS ETF DIS,IE00BYM31M36,ETFS,22/06/2016,Ireland,GBX,MAIN MARKET,Open-ended investment companies,EUE2,UE2I
SAEM,ISHARES IV PLC,ISH MSCI EM IMI USD-A,IE00BFNM3P36,ETFS,23/10/2018,Ireland,USD,MAIN MARKET,Open-ended investment companies,EUET,UET5
SAEU,ISHARES IV PLC,ISH MSCI EU GBP-A,IE00BFNM3D14,ETFS,23/10/2018,Ireland,GBP,MAIN MARKET,Open-ended investment companies,EUET,UET5
SAJP,ISHARES IV PLC,ISH MSCI JAP USD-A,IE00BFNM3L97,ETFS,23/10/2018,Ireland,USD,MAIN MARKET,Open-ended investment companies,EUET,UET5
SASU,ISHARES IV PLC,ISH MSCI USA USD-A,IE00BFNM3G45,ETFS,23/10/2018,Ireland,USD,MAIN MARKET,Open-ended investment companies,EUET,UET5
SAUM,ISHARES IV PLC,ISH MSCI EMU GBP-A,IE00BFNM3B99,ETFS,23/10/2018,Ireland,GBP,MAIN MARKET,Open-ended investment companies,EUET,UET5
SAWD,ISHARES IV PLC,ISH MSCI WORLD USD-A,IE00BFNM3J75,ETFS,23/10/2018,Ireland,USD,MAIN MARKET,Open-ended investment companies,EUET,UET5
SAWG,ISHARES IV PLC,ISH MSC WRLD SCRND UCTS ETF GB H DIS,IE00BKBF6K52,ETFS,30/10/2024,Ireland,GBP,MAIN MARKET,Open-ended investment companies,EUET,UET5
SDGH,ISHARES IV PLC,ISH $ SHORT DUR CORP BOND GBP HED DIST,IE000PECRUX8,ETFS,27/10/2023,Ireland,GBP,MAIN MARKET,Open-ended investment companies,EUET,UET9
SDHA,ISHARES IV PLC,ISH $ ST DUR HY CRP BND ETF USD ACC,IE00BZ17CN18,ETFS,03/07/2018,Ireland,USD,MAIN MARKET,Open-ended investment companies,EUET,UET9
SDHB,ISHARES IV PLC,IS $ SHT DUR H Y CR BD UCITS ETF GB HG D,IE0004MNX2U1,ETFS,29/07/2025,Ireland,GBP,MAIN MARKET,Open-ended investment companies,EUET,UET9
SDHG,ISHARES IV PLC,ISHS $ SHRT DUR HY CRP BD ETF USD (DIST),IE00BCRY6003,ETFS,17/10/2013,Ireland,GBP,MAIN MARKET,Open-ended investment companies,EUE2,UE2I
SDHY,ISHARES IV PLC,ISHS $ SHRT DUR HY CRP BD ETF USD (DIST),IE00BCRY6003,ETFS,17/10/2013,Ireland,USD,MAIN MARKET,Open-ended investment companies,EUET,UET9
SDIA,ISHARES IV PLC,IS $ SHRT DUR CORP BND UCITS ETF USD ACC,IE00BYXYYP94,ETFS,13/04/2017,Ireland,USD,MAIN MARKET,Open-ended investment companies,EUET,UET9
SDIG,ISHARES IV PLC,ISHS $ SHORT DUR CORP BOND ETF USD(DIST),IE00BCRY5Y77,ETFS,17/10/2013,Ireland,USD,MAIN MARKET,Open-ended investment companies,EUET,UET9
SDJP,ISHARES IV PLC,ISH MSCI JAP USD-D,IE00BFNM3M05,ETFS,23/10/2018,Ireland,USD,MAIN MARKET,Open-ended investment companies,EUET,UET5
SDUE,ISHARES IV PLC,ISH MSCI EU GBP-D,IE00BFNM3F38,ETFS,23/10/2018,Ireland,GBP,MAIN MARKET,Open-ended investment companies,EUET,UET5
SDUS,ISHARES IV PLC,ISH MSCI USA USD-D,IE00BFNM3H51,ETFS,23/10/2018,Ireland,USD,MAIN MARKET,Open-ended investment companies,EUET,UET5
SDWD,ISHARES IV PLC,ISH MSCI WORLD USD-D,IE00BFNM3K80,ETFS,23/10/2018,Ireland,USD,MAIN MARKET,Open-ended investment companies,EUET,UET5
SEDM,ISHARES IV PLC,ISH MSCI EM IMI USD-D,IE00BFNM3N12,ETFS,23/10/2018,Ireland,USD,MAIN MARKET,Open-ended investment companies,EUET,UET5
SEGM,ISHARES IV PLC,ISH MSCI EM IMI ACC,IE00BFNM3P36,ETFS,22/11/2019,Ireland,GBP,MAIN MARKET,Open-ended investment companies,EUE2,UE2E
SEMI,ISHARES IV PLC,ISHARES MSCI GLOBAL SEMIC UCITS USD ACC,IE000I8KRLL9,ETFS,08/01/2024,Ireland,GBP,MAIN MARKET,,EUET,UETY
SGJP,ISHARES IV PLC,ISH MSCI JPN S USD A,IE00BFNM3L97,ETFS,30/06/2021,Ireland,GBP,MAIN MARKET,Open-ended investment companies,EUE2,UE2E
SGWS,ISHARES IV PLC,ISH £SRI E GBH D,IE00BMZ17T93,ETFS,15/10/2020,Ireland,GBP,MAIN MARKET,Open-ended investment companies,EUET,UET5
SHLD,ISHARES IV PLC,ISH DGTL SEC USD-D,IE00BG0J4841,ETFS,01/11/2018,Ireland,USD,MAIN MARKET,Open-ended investment companies,EUET,UET5
SHLG,ISHARES IV PLC,ISH £SHL G GAM D,IE00BG0J4841,ETFS,23/02/2021,Ireland,GBP,MAIN MARKET,Open-ended investment companies,EUE2,UE2E
SMBS,ISHARES IV PLC,ISHS US MTGE BKD SEC UCITS EFT USD DIST,IE00BZ6V7883,ETFS,25/05/2016,Ireland,GBX,MAIN MARKET,Open-ended investment companies,EUE2,UE2I
SMUD,ISHARES IV PLC,ISH MSCI EMU GBP-D,IE00BFNM3C07,ETFS,23/10/2018,Ireland,GBP,MAIN MARKET,Open-ended investment companies,EUET,UET5
STRR,ISHARES IV PLC,ISHARES SPACE TECHNOLOGIES UCITS ETF USD,IE000A9G9R73,ETFS,09/06/2026,Ireland,GBP,MAIN MARKET,Open-ended investment companies,ETFS,ETFL
SUAP,ISHARES IV PLC,ISH MSCI US SRI GBH D,IE00BMWPV470,ETFS,25/05/2021,Ireland,GBP,MAIN MARKET,Open-ended investment companies,EUET,UET5
SUAS,ISHARES IV PLC,ISHS MSCI USA SRI UCITS ETF USD ACC,IE00BYVJRR92,ETFS,12/07/2016,Ireland,USD,MAIN MARKET,Open-ended investment companies,EUET,UET5
SUES,ISHARES IV PLC,ISHS MSCI EM SRI UCITS ETF USD ACC,IE00BYVJRP78,ETFS,12/07/2016,Ireland,GBX,MAIN MARKET,Open-ended investment companies,EUE2,UE2E
SUJA,ISHARES IV PLC,ISHARES MSCI JAPAN SRI UCITS ETF,IE00BYX8XC17,ETFS,06/03/2017,Ireland,GBX,MAIN MARKET,Open-ended investment companies,EUE2,UE2E
SUJP,ISHARES IV PLC,ISHARES MSCI JAPAN SRI UCITS ETF,IE00BYX8XC17,ETFS,06/03/2017,Ireland,USD,MAIN MARKET,Open-ended investment companies,EUET,UET5
SUSM,ISHARES IV PLC,ISHS MSCI EM SRI UCITS ETF USD ACC,IE00BYVJRP78,ETFS,12/07/2016,Ireland,USD,MAIN MARKET,Open-ended investment companies,EUET,UET5
SUSW,ISHARES IV PLC,ISHARES MSCI WLD SRI UCITS EUR (ACC),IE00BYX2JD69,ETFS,16/10/2017,Ireland,EUR,MAIN MARKET,Open-ended investment companies,EUET,UET5
SUUS,ISHARES IV PLC,ISHS MSCI USA SRI UCITS ETF USD ACC,IE00BYVJRR92,ETFS,12/07/2016,Ireland,GBX,MAIN MARKET,Open-ended investment companies,EUE2,UE2E
SUWG,ISHARES IV PLC,ISH £SUW G HBN D,IE00BDZZTM54,ETFS,23/02/2021,Ireland,GBP,MAIN MARKET,Open-ended investment companies,EUE2,UE2E
SUWS,ISHARES IV PLC,ISHARES MSCI WLD SRI UCITS USD (ACC),IE00BDZZTM54,ETFS,16/10/2017,Ireland,USD,MAIN MARKET,Open-ended investment companies,EUET,UET5
U03A,ISHARES IV PLC,ISHRS $ TRSRY BD 03 MNTH UCITS ETF USD A,IE000SSFEUS3,ETFS,26/09/2024,Ireland,USD,MAIN MARKET,Open-ended investment companies,EUET,UET5
UESD,ISHARES IV PLC,ISHRS GBP ULTRASHORT B ESG SRI ETF DIST,IE00BJP26F04,ETFS,18/03/2020,Ireland,GBP,MAIN MARKET,Open-ended investment companies,EUET,UET9
UFSD,ISHARES IV PLC,ISH USA MULTIFACTOR ETF USD DIST,IE00BG13YZ23,ETFS,23/02/2018,Ireland,USD,MAIN MARKET,Open-ended investment companies,EUET,UET5
USLP,ISHARES IV PLC,IS MSCI USA LEADERS UCITS ETF USD (DIS),IE0004OXDQN6,ETFS,23/10/2024,Ireland,GBP,MAIN MARKET,Open-ended investment companies,EUET,UET5
WIAU,ISHARES IV PLC,ISH FLN ANGELS HY CORP BOND ETF USD ACC,IE00BDFJYP58,ETFS,12/04/2018,Ireland,USD,MAIN MARKET,Open-ended investment companies,EUET,UET9
WIGG,ISHARES IV PLC,ISH FLN ANGELS HY CORP BOND ETF GBP-H D,IE00BDFK1680,ETFS,12/04/2018,Ireland,GBP,MAIN MARKET,Open-ended investment companies,EUET,UET9
WING,ISHARES IV PLC,ISHS FLLN ANGELS HY CRP BD UCITS ETF DIS,IE00BYM31M36,ETFS,22/06/2016,Ireland,USD,MAIN MARKET,Open-ended investment companies,EUET,UET9
CORP,ISHARES PLC,ISHARES GLBL CORP BND UCITS ETF USD DIST,IE00B7J7TB45,ETFS,25/09/2012,Ireland,USD,MAIN MARKET,Open-ended investment companies,EUE2,UE2I
CRHG,ISHARES PLC,ISH GLOBAL CORP BOND ETF GBP-H D,IE00BDFK3G24,ETFS,23/03/2018,Ireland,GBP,MAIN MARKET,Open-ended investment companies,EUET,UET9
CRPA,ISHARES PLC,ISH GLB CORP BND ETF USD ACC,IE00BFM6TB42,ETFS,14/05/2018,Ireland,USD,MAIN MARKET,Open-ended investment companies,EUET,UET9
CRPS,ISHARES PLC,ISHARES GLBL CORP BND UCITS ETF USD DIST,IE00B7J7TB45,ETFS,25/09/2012,Ireland,GBP,MAIN MARKET,Open-ended investment companies,EUET,UET9
CRPU,ISHARES PLC,IS GLOBAL CRP BND ETF USD HEDGED (ACC),IE00BF3N6Z78,ETFS,10/08/2017,Ireland,USD,MAIN MARKET,Open-ended investment companies,EUET,UET9
DJMC,ISHARES PLC,ISHARES EUR STOXX MID UCITS ETF EUR DIST,IE00B02KXL92,ETFS,01/11/2004,Ireland,GBX,MAIN MARKET,Open-ended investment companies,EUET,UET5
DJSC,ISHARES PLC,ISHARES EUR STOXX SML UCITS ETF EUR DIST,IE00B02KXM00,ETFS,01/11/2004,Ireland,GBX,MAIN MARKET,Open-ended investment companies,EUET,UET5
EIMI,ISHARES PLC,ISHARES CORE EM IMI UCITS ETF USD (ACC),IE00BKM4GZ66,ETFS,02/06/2014,Ireland,USD,MAIN MARKET,Open-ended investment companies,EUE2,UE2E
EIMU,ISHARES PLC,ISH CORE MSCI EM IMI ETF USD DIST,IE00BD45KH83,ETFS,12/03/2018,Ireland,USD,MAIN MARKET,Open-ended investment companies,EUET,UET5
EMGU,ISHARES PLC,ISH C MSCI EM IMI DIST,IE00BD45KH83,ETFS,22/11/2019,Ireland,GBP,MAIN MARKET,Open-ended investment companies,EUE2,UE2E
EMIM,ISHARES PLC,ISHARES CORE EM IMI UCITS ETF USD (ACC),IE00BKM4GZ66,ETFS,02/06/2014,Ireland,GBX,MAIN MARKET,Open-ended investment companies,EUET,UET5
ES15,ISHARES PLC,ISHARES £ CORP BD 0-5 UCITS ETF GBP DIST,IE00B5L65R35,ETFS,30/03/2011,Ireland,EUR,MAIN MARKET,Open-ended investment companies,EUE2,UE2I
EUXS,ISHARES PLC,ISHS MSCI EUR EX-UK £ HDG UCITS ETF DIST,IE00BVDPJP67,ETFS,02/04/2015,Ireland,GBX,MAIN MARKET,Open-ended investment companies,EUET,UET5
FXC,ISHARES PLC,ISHARES CHINA LGE CAP UCITS ETF USD DIST,IE00B02KXK85,ETFS,25/10/2004,Ireland,GBX,MAIN MARKET,Open-ended investment companies,EUET,UET5
GHYG,ISHARES PLC,ISH GHY CORP BND GBP H D,IE00BJSFQX44,ETFS,30/04/2019,Ireland,GBP,MAIN MARKET,Open-ended investment companies,EUET,UET9
GOVP,ISHARES PLC,ISH $ TSY BND UCITS GBP HDGED,IE00BKTN1T54,ETFS,17/09/2019,Ireland,GBP,MAIN MARKET,Open-ended investment companies,EUET,UET9
HIGG,ISHARES PLC,ISH € HIGH YIELD CORP BOND GBP HEDGED,IE000KJVA5F6,ETFS,22/09/2023,Ireland,GBP,MAIN MARKET,Open-ended investment companies,EUET,UET9
HIGH,ISHARES PLC,IS E HIGH YIELD CRP BND UCITS EUR (ACC),IE00BF3N7094,ETFS,25/09/2017,Ireland,EUR,MAIN MARKET,Open-ended investment companies,EUET,UET9
HLQD,ISHARES PLC,ISH $ CRP BND INT RT HGD ETF USD ACC,IE00BZ173W74,ETFS,03/07/2018,Ireland,USD,MAIN MARKET,Open-ended investment companies,EUET,UET9
HYEA,ISHARES PLC,ISHARES GL HYLD CRP BOND UCITS USD (ACC),IE00BYWZ0440,ETFS,24/10/2017,Ireland,EUR,MAIN MARKET,Open-ended investment companies,EUE2,UE2I
HYGU,ISHARES PLC,ISH EUR HY CRP BOND UCITS ETF USD-H ACC,IE00BF3NC260,ETFS,20/11/2017,Ireland,USD,MAIN MARKET,Open-ended investment companies,EUET,UET9
HYLA,ISHARES PLC,ISHARES GL HYLD CRP BOND UCITS USD (ACC),IE00BYWZ0440,ETFS,23/10/2017,Ireland,USD,MAIN MARKET,Open-ended investment companies,EUET,UET9
HYLD,ISHARES PLC,ISHARES GLBL HY CP BD UCITS ETF USD DIST,IE00B74DQ490,ETFS,14/11/2012,Ireland,USD,MAIN MARKET,Open-ended investment companies,EUE2,UE2I
HYLH,ISHARES PLC,ISHARES GLO HI YD C BD UCITS ETF US HG A,IE000KB8X7I9,ETFS,16/01/2026,Ireland,USD,MAIN MARKET,,EUET,UETY
IAEX,ISHARES PLC,ISHARES AEX UCITS ETF EUR (DIST),IE00B0M62Y33,ETFS,21/11/2005,Ireland,GBX,MAIN MARKET,Open-ended investment companies,EUET,UET5
IAPD,ISHARES PLC,ISHARES ASIA PAC. DIV UCITS ETF USD DIST,IE00B14X4T88,ETFS,05/06/2006,Ireland,GBX,MAIN MARKET,Open-ended investment companies,EUET,UET5
IB01,ISHARES PLC,ISH $ TR BND 0-1YR U-A,IE00BGSF1X88,ETFS,22/02/2019,Ireland,USD,MAIN MARKET,Open-ended investment companies,EUET,UET5
IBCI,ISHARES PLC,ISHARES EUR I.L GOV BD UCITS ETF EUR ACC,IE00B0M62X26,ETFS,21/11/2005,Ireland,GBP,MAIN MARKET,Open-ended investment companies,EUET,UET9
IBCX,ISHARES PLC,ISHARES E C.BD LG CAP UCITS ETF EUR DIST,IE0032523478,ETFS,27/09/2004,Ireland,EUR,MAIN MARKET,Open-ended investment companies,EUET,UET9
IBGS,ISHARES PLC,ISHARES EUR GV BD 1-3 UCITS ETF EUR DIST,IE00B14X4Q57,ETFS,05/06/2006,Ireland,GBP,MAIN MARKET,Open-ended investment companies,EUET,UET9
IBGT,ISHARES PLC,ISHRS$ TBOND 1-3YR UCITS ETF GBP H ACC,IE000KN6U873,ETFS,28/03/2024,Ireland,GBP,MAIN MARKET,Open-ended investment companies,EUET,UET9
IBTA,ISHARES PLC,ISHS $ TR BND 1-3YR UCITS ETF USD (ACC),IE00BYXPSP02,ETFS,13/04/2017,Ireland,USD,MAIN MARKET,Open-ended investment companies,EUET,UET9
IBTE,ISHARES PLC,ISH $ TRES 1-3Y ETF EUR-H ACC,IE00BDFK1573,ETFS,12/04/2018,Ireland,EUR,MAIN MARKET,Open-ended investment companies,EUET,UET9
IBTG,ISHARES PLC,ISH $ TRES 1-3Y ETF GBP-H DIST,IE00BDFK1N50,ETFS,12/04/2018,Ireland,GBP,MAIN MARKET,Open-ended investment companies,EUET,UET9
IBTS,ISHARES PLC,ISHARES $TRES.BD1-3YR UCITS ETF USD DIST,IE00B14X4S71,ETFS,05/06/2006,Ireland,GBP,MAIN MARKET,Open-ended investment companies,EUET,UET9
IBTU,ISHARES PLC,ISH $ TR BND 0-1YR U-D,IE00BGR7L912,ETFS,22/02/2019,Ireland,USD,MAIN MARKET,Open-ended investment companies,EUET,UET5
IBZL,ISHARES PLC,ISHARES MSCI BRAZIL UCITS ETF USD (DIST),IE00B0M63516,ETFS,21/11/2005,Ireland,GBX,MAIN MARKET,Open-ended investment companies,EUET,UET5
IDAP,ISHARES PLC,ISHARES ASIA PAC. DIV UCITS ETF USD DIST,IE00B14X4T88,ETFS,06/09/2006,Ireland,USD,MAIN MARKET,Open-ended investment companies,EUE2,UE2E
IDBT,ISHARES PLC,ISHARES $TRES.BD1-3YR UCITS ETF USD DIST,IE00B14X4S71,ETFS,06/09/2006,Ireland,USD,MAIN MARKET,Open-ended investment companies,EUE2,UE2I
IDBZ,ISHARES PLC,ISHARES MSCI BRAZIL UCITS ETF USD (DIST),IE00B0M63516,ETFS,06/09/2006,Ireland,USD,MAIN MARKET,Open-ended investment companies,EUE2,UE2E
IDEM,ISHARES PLC,ISHARES MSCI EM UCITS ETF USD (DIST),IE00B0M63177,ETFS,06/09/2006,Ireland,USD,MAIN MARKET,Open-ended investment companies,EUE2,UE2E
IDFF,ISHARES PLC,ISHARES MSCI AC FE X-JP UCITS ETF $ DIST,IE00B0M63730,ETFS,06/09/2006,Ireland,USD,MAIN MARKET,Open-ended investment companies,EUE2,UE2E
IDFX,ISHARES PLC,ISHARES CHINA LGE CAP UCITS ETF USD DIST,IE00B02KXK85,ETFS,06/09/2006,Ireland,USD,MAIN MARKET,Open-ended investment companies,EUE2,UE2E
IDJG,ISHARES PLC,ISHARES EUR GWTH LGE UCITS ETF EUR DIST,IE00B0M62V02,ETFS,07/11/2005,Ireland,GBX,MAIN MARKET,Open-ended investment companies,EUET,UET5
IDKO,ISHARES PLC,ISHARES MSCI KOREA UCITS ETF USD (DIST),IE00B0M63391,ETFS,06/09/2006,Ireland,USD,MAIN MARKET,Open-ended investment companies,EUE2,UE2E
IDNA,ISHARES PLC,ISHS MSCI N.AMERICA UCITS ETF USD DIST,IE00B14X4M10,ETFS,06/09/2006,Ireland,USD,MAIN MARKET,Open-ended investment companies,EUE2,UE2E
IDTW,ISHARES PLC,ISHARES MSCI TAIWAN UCITS ETF USD (DIST),IE00B0M63623,ETFS,06/09/2006,Ireland,USD,MAIN MARKET,Open-ended investment companies,EUE2,UE2E
IDUS,ISHARES PLC,ISHARES S&P 500 UCITS ETF USD (DIST),IE0031442068,ETFS,06/09/2006,Ireland,USD,MAIN MARKET,Open-ended investment companies,EUE2,UE2E
IDVH,ISHARES PLC,ISHARES EURO DIVIDEND UCITS ETF GB HED D,IE0008DFVN75,ETFS,31/10/2025,Ireland,GBP,MAIN MARKET,Open-ended investment companies,EUET,UET9
IDVY,ISHARES PLC,ISHARES EURO DIVIDEND UCITS ETF EUR DIST,IE00B0M62S72,ETFS,31/10/2005,Ireland,GBX,MAIN MARKET,Open-ended investment companies,EUET,UET5
IDWR,ISHARES PLC,ISHARES MSCI WORLD UCITS ETF USD (DIST),IE00B0M62Q58,ETFS,06/09/2006,Ireland,USD,MAIN MARKET,Open-ended investment companies,EUE2,UE2E
IEEM,ISHARES PLC,ISHARES MSCI EM UCITS ETF USD (DIST),IE00B0M63177,ETFS,21/11/2005,Ireland,GBX,MAIN MARKET,Open-ended investment companies,EUET,UET5
IEUX,ISHARES PLC,ISHS MSCI EURO EX-UK UCITS ETF EUR DIST,IE00B14X4N27,ETFS,05/06/2006,Ireland,GBX,MAIN MARKET,Open-ended investment companies,EUET,UET5
IFFF,ISHARES PLC,ISHARES MSCI AC FE X-JP UCITS ETF $ DIST,IE00B0M63730,ETFS,31/10/2005,Ireland,GBX,MAIN MARKET,Open-ended investment companies,EUET,UET5
IGHY,ISHARES PLC,ISHARES GLBL HY CP BD UCITS ETF USD DIST,IE00B74DQ490,ETFS,14/11/2012,Ireland,GBP,MAIN MARKET,Open-ended investment companies,EUET,UET9
IHYG,ISHARES PLC,ISHARES EUR H.YLD C.B UCITS ETF EUR DIST,IE00B66F4759,ETFS,06/09/2010,Ireland,EUR,MAIN MARKET,Open-ended investment companies,EUET,UET9
IJPD,ISHARES PLC,ISHARES MSCI JAPAN $ HDG UCITS ETF (ACC),IE00BCLWRG39,ETFS,01/10/2013,Ireland,USD,MAIN MARKET,Open-ended investment companies,EUET,UET5
IJPN,ISHARES PLC,ISHARES MSCI JAPAN UCITS ETF USD (DIST),IE00B02KXH56,ETFS,04/10/2004,Ireland,GBX,MAIN MARKET,Open-ended investment companies,EUET,UET5
IJPU,ISHARES PLC,ISHARES MSCI JAPAN UCITS ETF USD (DIST),IE00B02KXH56,ETFS,17/10/2011,Ireland,USD,MAIN MARKET,Open-ended investment companies,EUE2,UE2E
IKOR,ISHARES PLC,ISHARES MSCI KOREA UCITS ETF USD (DIST),IE00B0M63391,ETFS,21/11/2005,Ireland,GBX,MAIN MARKET,Open-ended investment companies,EUET,UET5
INAA,ISHARES PLC,ISHS MSCI N.AMERICA UCITS ETF USD DIST,IE00B14X4M10,ETFS,05/06/2006,Ireland,GBX,MAIN MARKET,Open-ended investment companies,EUET,UET5
IPRP,ISHARES PLC,ISHARES EURO PTY YLD UCITS ETF EUR DIST,IE00B0M63284,ETFS,07/11/2005,Ireland,GBX,MAIN MARKET,Open-ended investment companies,EUET,UET5
IS15,ISHARES PLC,ISHARES £ CORP BD 0-5 UCITS ETF GBP DIST,IE00B5L65R35,ETFS,30/03/2011,Ireland,GBP,MAIN MARKET,Open-ended investment companies,EUET,UET9
ISF,ISHARES PLC,ISHARES CORE FTSE100 UCITS ETF GBP(DIST),IE0005042456,ETFS,27/09/2004,Ireland,GBX,MAIN MARKET,Open-ended investment companies,EUET,UET5
ISFD,ISHARES PLC,ISHARES COR FTSE 100 UCITS USD HDG (ACC),IE00BYZ28W67,ETFS,23/10/2017,Ireland,USD,MAIN MARKET,Open-ended investment companies,EUET,UET5
ISFU,ISHARES PLC,ISHARES CORE FTSE 100 UCITS ETF (DIST),IE0005042456,ETFS,28/11/2016,Ireland,USD,MAIN MARKET,Open-ended investment companies,EUE2,UE2E
ITWN,ISHARES PLC,ISHARES MSCI TAIWAN UCITS ETF USD (DIST),IE00B0M63623,ETFS,31/10/2005,Ireland,GBX,MAIN MARKET,Open-ended investment companies,EUET,UET5
IUKD,ISHARES PLC,ISHARES UK DIVIDEND UCITS ETF GBP (DIST),IE00B0M63060,ETFS,07/11/2005,Ireland,GBX,MAIN MARKET,Open-ended investment companies,EUET,UET5
IUSA,ISHARES PLC,ISHARES S&P 500 UCITS ETF USD (DIST),IE0031442068,ETFS,27/09/2004,Ireland,GBX,MAIN MARKET,Open-ended investment companies,EUET,UET5
IWRD,ISHARES PLC,ISHARES MSCI WORLD UCITS ETF USD (DIST),IE00B0M62Q58,ETFS,31/10/2005,Ireland,GBX,MAIN MARKET,Open-ended investment companies,EUET,UET5
LQDA,ISHARES PLC,ISHARES $ CORP BOND UCITS ETF USD (ACC),IE00BYXYYJ35,ETFS,13/04/2017,Ireland,USD,MAIN MARKET,Open-ended investment companies,EUET,UET9
LQDE,ISHARES PLC,ISHARES $ CORP.BOND UCITS ETF USD (DIST),IE0032895942,ETFS,27/09/2004,Ireland,USD,MAIN MARKET,Open-ended investment companies,EUET,UET9
LQDH,ISHARES PLC,ISHRS $ CRP BND INT RATE HDG USD (DIST),IE00BCLWRB83,ETFS,20/09/2013,Ireland,USD,MAIN MARKET,Open-ended investment companies,EUET,UET9
LQDS,ISHARES PLC,ISHARES $ CORP BOND UCITS ETF USD (DIST),IE0032895942,ETFS,28/06/2016,Ireland,GBX,MAIN MARKET,Open-ended investment companies,EUE2,UE2I
LQEE,ISHARES PLC,IS $CORP BND UCITS EUR HEDGED (DIST),IE00BF3N6Y61,ETFS,25/09/2017,Ireland,EUR,MAIN MARKET,Open-ended investment companies,EUET,UET9
LQGH,ISHARES PLC,ISH $ CORP BOND ETF GBP-H D,IE00BDFK3736,ETFS,23/03/2018,Ireland,GBP,MAIN MARKET,Open-ended investment companies,EUET,UET9
MIDD,ISHARES PLC,ISHARES FTSE 250 UCITS ETF GBP (DIST),IE00B00FV128,ETFS,27/09/2004,Ireland,GBX,MAIN MARKET,Open-ended investment companies,EUET,UET5
SHYG,ISHARES PLC,ISHARES EUR H.YLD C.B UCITS ETF EUR DIST,IE00B66F4759,ETFS,06/09/2010,Ireland,GBP,MAIN MARKET,Open-ended investment companies,EUE2,UE2I
SLXX,ISHARES PLC,ISHARES CRE £ CORP BD UCITS ETF GBP DIST,IE00B00FV011,ETFS,27/09/2004,Ireland,GBP,MAIN MARKET,Open-ended investment companies,EUET,UET9
CBE3,ISHARES VII PLC,ISHRS EUR GOVT BOND 1-3YR ETF EUR (ACC),IE00B3VTMJ91,ETFS,15/09/2010,Ireland,EUR,MAIN MARKET,Open-ended investment companies,EUET,UET9
CBGA,ISHARES VII PLC,ISH $ TRSRY BND 3-7Y GBP HED ACC,IE0000U2ASV9,ETFS,10/05/2024,Ireland,GBP,MAIN MARKET,Open-ended investment companies,EUET,UET9
CBU0,ISHARES VII PLC,ISHRS $ TRSRY BOND 7-10YR ETF USD (ACC),IE00B3VWN518,ETFS,15/09/2010,Ireland,USD,MAIN MARKET,Open-ended investment companies,EUET,UET9
CBU3,ISHARES VII PLC,ISHRS USD TRSY BOND 1-3YR ETF USD (ACC),IE00B3VWN179,ETFS,15/09/2010,Ireland,USD,MAIN MARKET,Open-ended investment companies,EUET,UET9
CBU7,ISHARES VII PLC,ISHRS USD TRSRY BOND 3-7YR ETF USD (ACC),IE00B3VWN393,ETFS,15/09/2010,Ireland,USD,MAIN MARKET,Open-ended investment companies,EUET,UET9
CBUG,ISHARES VII PLC,ISH $ TBILLS 3-7YR GBP HEDGED DIS,IE00BJJPVP04,ETFS,01/03/2019,Ireland,GBP,MAIN MARKET,Open-ended investment companies,EUET,UET9
CCAU,ISHARES VII PLC,ISHRS MSCI CANADA UCITS ETF USD (ACC),IE00B52SF786,ETFS,03/04/2014,Ireland,USD,MAIN MARKET,Open-ended investment companies,EUET,UET5
CE01,ISHARES VII PLC,ISHRS EUR GOVT BOND 7-10YR ETF EUR (ACC),IE00B3VTN290,ETFS,15/09/2010,Ireland,GBX,MAIN MARKET,Open-ended investment companies,EUET,UET9
CE31,ISHARES VII PLC,ISHRS EUR GOVT BOND 1-3YR ETF EUR (ACC),IE00B3VTMJ91,ETFS,15/09/2010,Ireland,GBX,MAIN MARKET,Open-ended investment companies,EUE2,UE2I
CE71,ISHARES VII PLC,ISHRS EUR GOVT BOND 3-7YR ETF EUR (ACC),IE00B3VTML14,ETFS,15/09/2010,Ireland,GBX,MAIN MARKET,Open-ended investment companies,EUET,UET9
CEA1,ISHARES VII PLC,ISHRS MSCI EM ASIA UCITS ETF USD (ACC),IE00B5L8K969,ETFS,15/09/2010,Ireland,GBX,MAIN MARKET,Open-ended investment companies,EUE2,UE2E
CEMA,ISHARES VII PLC,ISHRS MSCI EM ASIA UCITS ETF USD (ACC),IE00B5L8K969,ETFS,15/09/2010,Ireland,USD,MAIN MARKET,Open-ended investment companies,EUET,UET5
CES1,ISHARES VII PLC,ISHRS MSCI EMU SMALL CAP ETF EUR (ACC),IE00B3VWMM18,ETFS,15/09/2010,Ireland,GBX,MAIN MARKET,Open-ended investment companies,EUET,UET5
CEU1,ISHARES VII PLC,ISHRS MSCI EMU UCITS ETF EUR (ACC),IE00B53QG562,ETFS,15/09/2010,Ireland,GBX,MAIN MARKET,Open-ended investment companies,EUET,UET5
CEUG,ISHARES VII PLC,ISH MSCI EMU UCITS ETF GBP HG DIS,IE00BG0J9Y53,ETFS,04/06/2018,Ireland,GBP,MAIN MARKET,Open-ended investment companies,EUET,UET5
CIND,ISHARES VII PLC,ISHRS DOW JONES IND AVRG ETF USD (ACC),IE00B53L4350,ETFS,15/09/2010,Ireland,USD,MAIN MARKET,Open-ended investment companies,EUET,UET5
CJPU,ISHARES VII PLC,ISHRS MSCI JAPAN UCITS ETF USD (ACC),IE00B53QDK08,ETFS,03/04/2014,Ireland,USD,MAIN MARKET,Open-ended investment companies,EUET,UET5
CMB1,ISHARES VII PLC,ISHARES FTSE MIB UCITS ETF EUR (ACC),IE00B53L4X51,ETFS,15/09/2010,Ireland,GBX,MAIN MARKET,Open-ended investment companies,EUET,UET5
CMX1,ISHARES VII PLC,ISHRS MSCI MEXICO CAPPED ETF USD (ACC),IE00B5WHFQ43,ETFS,15/09/2010,Ireland,GBX,MAIN MARKET,Open-ended investment companies,EUE2,UE2E
CMXC,ISHARES VII PLC,ISHRS MSCI MEXICO CAPPED ETF USD (ACC),IE00B5WHFQ43,ETFS,15/09/2010,Ireland,USD,MAIN MARKET,Open-ended investment companies,EUET,UET5
CNDX,ISHARES VII PLC,ISHRS NASDAQ 100 UCITS ETF USD (ACC),IE00B53SZB19,ETFS,15/09/2010,Ireland,USD,MAIN MARKET,Open-ended investment companies,EUET,UET5
CNKY,ISHARES VII PLC,ISHRS NIKKEI 225 UCITS ETF JPY (ACC),IE00B52MJD48,ETFS,15/09/2010,Ireland,GBX,MAIN MARKET,Open-ended investment companies,EUET,UET5
CNX1,ISHARES VII PLC,ISHRS NASDAQ 100 UCITS ETF USD (ACC),IE00B53SZB19,ETFS,15/09/2010,Ireland,GBX,MAIN MARKET,Open-ended investment companies,EUE2,UE2E
CPJ1,ISHARES VII PLC,ISHRS CORE MSCI PACFC EX-JPN ETF USD ACC,IE00B52MJY50,ETFS,15/09/2010,Ireland,GBX,MAIN MARKET,Open-ended investment companies,EUE2,UE2E
CPXJ,ISHARES VII PLC,ISHRS CORE MSCI PACFC EX-JPN ETF USD ACC,IE00B52MJY50,ETFS,15/09/2010,Ireland,USD,MAIN MARKET,Open-ended investment companies,EUET,UET5
CS51,ISHARES VII PLC,ISHRS CORE EURO STOXX 50 ETF EUR (ACC),IE00B53L3W79,ETFS,15/09/2010,Ireland,GBX,MAIN MARKET,Open-ended investment companies,EUE2,UE2E
CSCA,ISHARES VII PLC,ISHRS MSCI CANADA UCITS ETF USD (ACC),IE00B52SF786,ETFS,15/09/2010,Ireland,GBX,MAIN MARKET,Open-ended investment companies,EUE2,UE2E
CSJP,ISHARES VII PLC,ISHRS MSCI JAPAN UCITS ETF USD (ACC),IE00B53QDK08,ETFS,15/09/2010,Ireland,GBX,MAIN MARKET,Open-ended investment companies,EUE2,UE2E
CSKR,ISHARES VII PLC,ISHRS MSCI KOREA UCITS ETF USD (ACC),IE00B5W4TY14,ETFS,15/09/2010,Ireland,USD,MAIN MARKET,Open-ended investment companies,EUET,UET5
CSP1,ISHARES VII PLC,ISHRS CORE S&P 500 UCITS ETF USD (ACC),IE00B5BMR087,ETFS,15/09/2010,Ireland,GBX,MAIN MARKET,Open-ended investment companies,EUE2,UE2E
CSPX,ISHARES VII PLC,ISHRS CORE S&P 500 UCITS ETF USD (ACC),IE00B5BMR087,ETFS,15/09/2010,Ireland,USD,MAIN MARKET,Open-ended investment companies,EUET,UET5
CSUK,ISHARES VII PLC,ISHRS MSCI UK UCITS ETF GBP (ACC),IE00B539F030,ETFS,15/09/2010,Ireland,GBX,MAIN MARKET,Open-ended investment companies,EUET,UET5
CSUS,ISHARES VII PLC,ISHRS MSCI USA UCITS ETF USD (ACC),IE00B52SFT06,ETFS,15/09/2010,Ireland,USD,MAIN MARKET,Open-ended investment companies,EUET,UET5
CSX5,ISHARES VII PLC,ISHRS CORE EURO STOXX 50 ETF EUR (ACC),IE00B53L3W79,ETFS,15/09/2010,Ireland,EUR,MAIN MARKET,Open-ended investment companies,EUET,UET5
CU1,ISHARES VII PLC,ISHRS MSCI USA UCITS ETF USD (ACC),IE00B52SFT06,ETFS,15/09/2010,Ireland,GBX,MAIN MARKET,Open-ended investment companies,EUE2,UE2E
CU31,ISHARES VII PLC,ISHRS USD TRSY BOND 1-3YR ETF USD (ACC),IE00B3VWN179,ETFS,15/09/2010,Ireland,GBX,MAIN MARKET,Open-ended investment companies,EUE2,UE2I
CU71,ISHARES VII PLC,ISHRS USD TRSRY BOND 3-7YR ETF USD (ACC),IE00B3VWN393,ETFS,15/09/2010,Ireland,GBX,MAIN MARKET,Open-ended investment companies,EUE2,UE2I
CUKS,ISHARES VII PLC,ISHRS MSCI UK SMALL CAP ETF GBP (ACC),IE00B3VWLG82,ETFS,15/09/2010,Ireland,GBX,MAIN MARKET,Open-ended investment companies,EUET,UET5
CUKX,ISHARES VII PLC,ISHRS FTSE 100 UCITS ETF GBP (ACC),IE00B53HP851,ETFS,15/09/2010,Ireland,GBX,MAIN MARKET,Open-ended investment companies,EUET,UET5
CUS1,ISHARES VII PLC,ISHRS MSCI USA SMALL CAP CTB $ (ACC),IE00B3VWM098,ETFS,15/09/2010,Ireland,GBX,MAIN MARKET,Open-ended investment companies,EUE2,UE2E
CUSS,ISHARES VII PLC,ISHRS MSCI USA SMALL CAP CTB $ (ACC),IE00B3VWM098,ETFS,15/09/2010,Ireland,USD,MAIN MARKET,Open-ended investment companies,EUET,UET5
EMUU,ISHARES VII PLC,ISHRS MSCI EMU USD HEDGED ETF (ACC),IE00BWZN1T31,ETFS,03/07/2015,Ireland,USD,MAIN MARKET,Open-ended investment companies,EUET,UET5
GSPX,ISHARES VII PLC,ISH S&P500 UCITS ETF GBP-H DIST,IE00BD8KRH84,ETFS,03/07/2018,Ireland,GBP,MAIN MARKET,Open-ended investment companies,EUET,UET5
IEMU,ISHARES VII PLC,ISHARES MSCI EMU,IE00B53QG562,ETFS,28/11/2016,Ireland,USD,MAIN MARKET,Open-ended investment companies,EUE2,UE2E
ISX5,ISHARES VII PLC,ISHARES CORE EUR STX 50,IE00B53L3W79,ETFS,28/11/2016,Ireland,USD,MAIN MARKET,Open-ended investment companies,EUE3,UE3E
R1GB,ISHARES VII PLC,ISH RUSSEL 1000 GROWTH UCTS ETF US ACC,IE000NITTFF2,ETFS,10/07/2024,Ireland,GBP,MAIN MARKET,Open-ended investment companies,EUE2,UE2E
R1GR,ISHARES VII PLC,ISHS RSL 1000 GROWTH UCITS ETF USD (ACC),IE000NITTFF2,ETFS,30/06/2023,Ireland,USD,MAIN MARKET,Open-ended investment companies,EUET,UET5
R1VL,ISHARES VII PLC,ISHS RSL 1000 VALUE UCITS ETF USD (ACC),IE0002EKOXU6,ETFS,30/06/2023,Ireland,USD,MAIN MARKET,Open-ended investment companies,EUET,UET5
S2P0,ISHARES VII PLC,ISHARES S&P 500 TOP 20 UCIT ETF USD DIST,IE000HIHKYJ1,ETFS,31/10/2025,Ireland,GBP,MAIN MARKET,Open-ended investment companies,EUET,UET9
SP20,ISHARES VII PLC,ISHARES S&P 500 T 20 UCITS ETF USD (ACC),IE000VA628D5,ETFS,15/11/2024,Ireland,GBP,MAIN MARKET,Open-ended investment companies,EUET,UET5
SPC3,ISHARES VII PLC,ISH S&P 500 3% CPD UCTS ETF US DIST,IE000AY6KP29,ETFS,09/05/2025,Ireland,GBP,MAIN MARKET,,EUET,UETY
UPAD,ISHARES VII PLC,IS S&P 500 PARIS-ALIGNED CLIMATE (DIST),IE000G4PH2B1,ETFS,29/04/2022,Ireland,USD,MAIN MARKET,Open-ended investment companies,EUET,UET5
COMM,ISHARES VI PLC,ISHARES DIVERSIFIED COMM SWP UCITS ETF,IE00BDFL4P12,ETFS,20/07/2017,Ireland,GBX,MAIN MARKET,Open-ended investment companies,EUE2,UE2E
DCSH,ISHARES VI PLC,ISHARES $ OVERNIGHT RATE SWAP UCITS ETF,IE00069Q7MY9,ETFS,30/07/2026,Ireland,GBP,MAIN MARKET,Open-ended investment companies,EUET,UET9
EMBE,ISHARES VI PLC,ISHRS JPMRGN $ EM BND EUR HDGD ETF DIST,IE00B9M6RS56,ETFS,09/07/2013,Ireland,EUR,MAIN MARKET,Open-ended investment companies,EUET,UET9
EMID,ISHARES VI PLC,IS MSCI EUR MID CAP ETF EUR (DIST),IE00BYXYX745,ETFS,06/06/2017,Ireland,EUR,MAIN MARKET,Open-ended investment companies,EUET,UET5
EMMV,ISHARES VI PLC,ISHRS EDGE MSCI EM MIN VOL ETF USD (ACC),IE00B8KGV557,ETFS,03/12/2012,Ireland,USD,MAIN MARKET,Open-ended investment companies,EUE2,UE2E
EMV,ISHARES VI PLC,ISHRS EDGE MSCI EM MIN VOL ETF USD (ACC),IE00B8KGV557,ETFS,03/12/2012,Ireland,GBX,MAIN MARKET,Open-ended investment companies,EUET,UET5
ESIC,ISHARES VI PLC,ISH MSCI EPE CDS ACC,IE00BMW42298,ETFS,23/11/2020,Ireland,GBP,MAIN MARKET,Open-ended investment companies,EUET,UET5
ESIE,ISHARES VI PLC,ISH MSCI EPE ES ACC,IE00BMW42637,ETFS,23/11/2020,Ireland,GBP,MAIN MARKET,Open-ended investment companies,EUET,UET5
ESIF,ISHARES VI PLC,ISH MSCI EPE FS ACC,IE00BMW42306,ETFS,23/11/2020,Ireland,GBP,MAIN MARKET,Open-ended investment companies,EUET,UET5
ESIH,ISHARES VI PLC,ISH MSCI EPE HCS ACC,IE00BMW42181,ETFS,23/11/2020,Ireland,GBP,MAIN MARKET,Open-ended investment companies,EUET,UET5
ESIN,ISHARES VI PLC,ISH MSCI ERPE INDS SECT UCITS ETF EUR A,IE00BMW42520,ETFS,25/05/2021,Ireland,GBP,MAIN MARKET,Open-ended investment companies,EUET,UET5
ESIS,ISHARES VI PLC,ISH MSCI EPE CSS ACC,IE00BMW42074,ETFS,23/11/2020,Ireland,GBP,MAIN MARKET,Open-ended investment companies,EUET,UET5
ESIT,ISHARES VI PLC,ISH MSCI EPE ITS ACC,IE00BMW42413,ETFS,23/11/2020,Ireland,GBP,MAIN MARKET,Open-ended investment companies,EUET,UET5
ESWP,ISHARES VI PLC,ISH MSCI EM SWAP UCITS ETF US ACC,IE000S3N6R34,ETFS,03/03/2026,Ireland,GBP,MAIN MARKET,,EUET,UETY
EUMD,ISHARES VI PLC,ISHARES EUROPE MC UCITS ETF EUR ACC,IE00BF20LF40,ETFS,22/05/2017,Ireland,EUR,MAIN MARKET,Open-ended investment companies,EUET,UET5
EYED,ISHARES VI PLC,ISHRS MSCI EU ENERGY SEC UCT ETF EUR DIS,IE000UDV9YG1,ETFS,07/10/2022,Ireland,GBP,MAIN MARKET,Open-ended investment companies,EUET,UET5
GAAA,ISHARES VI PLC,ISH GLB AAA-AA GVT BND ETF USD ACC,IE00BZ171348,ETFS,03/07/2018,Ireland,USD,MAIN MARKET,Open-ended investment companies,EUET,UET9
GHYS,ISHARES VI PLC,ISHRS GLBL HGH YLD CRP BND GBP HDGD DIST,IE00B8KQFS66,ETFS,26/06/2013,Ireland,GBP,MAIN MARKET,Open-ended investment companies,EUET,UET9
I500,ISHARES VI PLC,ISH S&P500 SWAP $A,IE00BMTX1Y45,ETFS,29/09/2020,Ireland,GBP,MAIN MARKET,Open-ended investment companies,EUET,UET5
I50D,ISHARES VI PLC,ISHARES S&P 500 SWAP UCITS ETF USD DIST,IE000D3BWBR2,ETFS,23/08/2024,Ireland,GBP,MAIN MARKET,,EUET,UETY
I50G,ISHARES VI PLC,ISH S&P 500 SWAP UCTS GBP HDG DST,IE0001OGLP52,ETFS,30/09/2024,Ireland,GBP,MAIN MARKET,Open-ended investment companies,EUET,UET5
IAAA,ISHARES VI PLC,ISHRS GLOBAL AAA-AA GVT BND ETF USD DIST,IE00B87G8S03,ETFS,04/10/2012,Ireland,USD,MAIN MARKET,Open-ended investment companies,EUE2,UE2I
ICOM,ISHARES VI PLC,ISHARES DIVERSIFIED COMM SWP UCITS ETF,IE00BDFL4P12,ETFS,20/07/2017,Ireland,USD,MAIN MARKET,Open-ended investment companies,EUET,UET5
IMV,ISHARES VI PLC,ISHRS EDGE MSCI EURP MIN VOL ETF EUR ACC,IE00B86MWN23,ETFS,03/12/2012,Ireland,GBX,MAIN MARKET,Open-ended investment companies,EUET,UET5
IMVU,ISHARES VI PLC,IS EDGE MSCI EUR MIN VOL,IE00B86MWN23,ETFS,28/11/2016,Ireland,USD,MAIN MARKET,Open-ended investment companies,EUE2,UE2E
IWDS,ISHARES VI PLC,ISHARES MSCI WORLD SWAP UCITS ETF USD A,IE000F9IDGB5,ETFS,30/07/2026,Ireland,GBP,MAIN MARKET,,ETFS,ETEL
IWHG,ISHARES VI PLC,ISHARES MSCI WORLD SWAP UCITS ETF GBP HE,IE000512B9Q8,ETFS,28/11/2025,Ireland,GBP,MAIN MARKET,Open-ended investment companies,EUET,UET9
MAXD,ISHARES VI PLC,ISHS US LC MX BUFFER DEC UCIT ETF US A,IE000Y1595P8,ETFS,06/01/2026,Ireland,GBP,MAIN MARKET,Open-ended investment companies,EUET,UEA1
MAXJ,ISHARES VI PLC,US LARGE CAP MAX BUFFER JUN UCITS ETF,IE000BMP9YJ5,ETFS,06/07/2026,Ireland,GBP,MAIN MARKET,Open-ended investment companies,EUET,UEA1
MAXM,ISHARES VI PLC,ISHARES US LARGE CAP MAX BUFFER MAR UCIT,IE000INTB8Q8,ETFS,07/04/2026,Ireland,GBP,MAIN MARKET,Open-ended investment companies,EUET,UEA1
MAXS,ISHARES VI PLC,ISHS US L CAP M BUFFER SEP UCI ETF US AC,IE000ON9GR24,ETFS,03/10/2025,Ireland,GBP,MAIN MARKET,Open-ended investment companies,EUET,UEA1
MINV,ISHARES VI PLC,ISHRS EDGE MSCI WRLD MINVOL ETF USD ACC,IE00B8FHGS14,ETFS,03/12/2012,Ireland,GBX,MAIN MARKET,Open-ended investment companies,EUET,UET5
MUSD,ISHARES VI PLC,ISHARES MSCI USA SWAP UCITS ETF USD ACC,IE0002W8NB38,ETFS,16/01/2026,Ireland,GBP,MAIN MARKET,,EUET,UETY
MUSG,ISHARES VI PLC,ISH MSCI US SWAP UCTS ETF GBP HEDG DIST,IE000DLDNVK1,ETFS,28/03/2025,Ireland,GBP,MAIN MARKET,Open-ended investment companies,EUET,UET5
MVEA,ISHARES VI PLC,IS EDG US MNVL ADV $A,IE00BKVL7331,ETFS,17/07/2020,Ireland,GBP,MAIN MARKET,Open-ended investment companies,EUET,UET5
MVED,ISHARES VI PLC,ISH EUROPE MIN VOL ETF EUR DIST,IE00BG13YK79,ETFS,27/02/2018,Ireland,EUR,MAIN MARKET,Open-ended investment companies,EUET,UET5
MVEU,ISHARES VI PLC,ISHRS EDGE MSCI EURP MIN VOL ETF EUR ACC,IE00B86MWN23,ETFS,03/12/2012,Ireland,EUR,MAIN MARKET,Open-ended investment companies,EUE3,UE3E
MVEW,ISHARES VI PLC,IS EDG WD MNVL ADV $A,IE00BKVL7778,ETFS,17/07/2020,Ireland,GBP,MAIN MARKET,Open-ended investment companies,EUET,UET5
MVOL,ISHARES VI PLC,ISHRS EDGE MSCI WRLD MINVOL ETF USD ACC,IE00B8FHGS14,ETFS,03/12/2012,Ireland,USD,MAIN MARKET,Open-ended investment companies,EUE2,UE2E
MVUS,ISHARES VI PLC,ISHRS EDGE S&P 500 MIN VOL ETF USD (ACC),IE00B6SPMN59,ETFS,03/12/2012,Ireland,GBX,MAIN MARKET,Open-ended investment companies,EUET,UET5
N100,ISHARES VI PLC,ISH NASDAQ 100 SWAP UCTS US ACC,IE0001ZFMLN7,ETFS,04/10/2024,Ireland,GBP,MAIN MARKET,Open-ended investment companies,EUET,UET5
ROLG,ISHARES VI PLC,ISH BBG ENH ROLL YLD SWAP CMDT ETF,IE00BZ1NCS44,ETFS,03/10/2018,Ireland,GBP,MAIN MARKET,Open-ended investment companies,EUE2,UE2E
ROLL,ISHARES VI PLC,ISH BBG ENH ROLL YLD SWAP CMDT ETF,IE00BZ1NCS44,ETFS,03/10/2018,Ireland,USD,MAIN MARKET,Open-ended investment companies,EUET,UET5
RU2K,ISHARES VI PLC,ISH RUSSELL 2000 SWAP UCTS US ACC,IE0007O06KL9,ETFS,04/10/2024,Ireland,GBP,MAIN MARKET,Open-ended investment companies,EUET,UET5
SAAA,ISHARES VI PLC,ISHRS GLOBAL AAA-AA GVT BND ETF USD DIST,IE00B87G8S03,ETFS,04/10/2012,Ireland,GBP,MAIN MARKET,Open-ended investment companies,EUET,UET9
SCSH,ISHARES VI PLC,ISHARES £ OVERNIGHT RATE SWAP UCITS ETF,IE0006H7HTU4,ETFS,30/07/2026,Ireland,GBP,MAIN MARKET,Open-ended investment companies,EUET,UET9
SPMD,ISHARES VI PLC,ISH SP500 MIN VOL ETF USD DIST,IE00BD93YH54,ETFS,23/02/2018,Ireland,USD,MAIN MARKET,Open-ended investment companies,EUET,UET5
SPMV,ISHARES VI PLC,ISHRS EDGE S&P 500 MIN VOL ETF USD (ACC),IE00B6SPMN59,ETFS,03/12/2012,Ireland,USD,MAIN MARKET,Open-ended investment companies,EUE2,UE2E
TEND,ISHARES VI PLC,ISHS US LC MD BUFFER DEC UCIT ETF US A,IE000Z5YU8X3,ETFS,06/01/2026,Ireland,GBP,MAIN MARKET,Open-ended investment companies,EUET,UEA1
TENJ,ISHARES VI PLC,US LARGE CAP MODERATE BUFFER JUN ETF,IE000CZQJXB8,ETFS,06/07/2026,Ireland,GBP,MAIN MARKET,Open-ended investment companies,EUET,UEA1
TENM,ISHARES VI PLC,ISHARES US LARGE CAP MODERATE BUFFER MAR,IE000AY2ERH5,ETFS,07/04/2026,Ireland,GBP,MAIN MARKET,Open-ended investment companies,EUET,UEA1
USDB,ISHARES VI PLC,ISH US L CAP DEEP BUFF UCITS ETF USD ACC,IE000EOFR2K5,ETFS,03/10/2025,Ireland,GBP,MAIN MARKET,Open-ended investment companies,EUET,UEA1
WMVG,ISHARES VI PLC,ISH EDG MSCI WRD MIN V GBP,IE00BGPP8L80,ETFS,28/02/2019,Ireland,GBP,MAIN MARKET,Open-ended investment companies,EUET,UET5
30GB,ISHARES V PUBLIC LIMITED COMPANY,ISH IBDS DEC30 TERM $ CRP UCTS ETF GPB H,IE000WZJ38F1,ETFS,29/11/2024,Ireland,GBP,MAIN MARKET,Open-ended investment companies,EUET,UET9
32GH,ISHARES V PUBLIC LIMITED COMPANY,ISH IBDS DEC32 TERM $ CRP UCTS ETF GBP H,IE000C2BA1B7,ETFS,29/11/2024,Ireland,GBP,MAIN MARKET,Open-ended investment companies,EUET,UET9
BNKS,ISHARES V PUBLIC LIMITED COMPANY,ISH SP US BANKS ETF USD ACC,IE00BD3V0B10,ETFS,23/05/2018,Ireland,USD,MAIN MARKET,Open-ended investment companies,EUET,UET5
CEMG,ISHARES V PUBLIC LIMITED COMPANY,ISHRS MSCI EM CNSMR GRWTH ETF USD (ACC),IE00BKM4H197,ETFS,09/06/2014,Ireland,USD,MAIN MARKET,Open-ended investment companies,EUET,UET5
CEMX,ISHARES V PUBLIC LIMITED COMPANY,ISHRS MSCI EM CONSUM GWT UCT ETF USD ACC,IE00BKM4H197,ETFS,08/09/2023,Ireland,GBP,MAIN MARKET,Open-ended investment companies,EUE2,UE2E
D26A,ISHARES V PUBLIC LIMITED COMPANY,ISHARES IBONDS DEC 2026 TERM $ CORP UCIT,IE000BWITBP9,ETFS,10/08/2023,Ireland,USD,MAIN MARKET,Open-ended investment companies,EUET,UET9
D26G,ISHARES V PUBLIC LIMITED COMPANY,ISH IBONDS DEC 2026 TRM $ CRP GBP H,IE000KM34187,ETFS,23/02/2024,Ireland,GBP,MAIN MARKET,Open-ended investment companies,EUET,UET9
D28A,ISHARES V PUBLIC LIMITED COMPANY,ISHARES IBONDS DEC 2028 TERM $ CORP UCIT,IE0000UJ3480,ETFS,10/08/2023,Ireland,USD,MAIN MARKET,Open-ended investment companies,EUET,UET9
D28G,ISHARES V PUBLIC LIMITED COMPANY,ISH IBONDS DEC 2028 TRM $ CRP GBP H,IE000VVQWC23,ETFS,23/02/2024,Ireland,GBP,MAIN MARKET,Open-ended investment companies,EUET,UET9
DFEU,ISHARES V PUBLIC LIMITED COMPANY,ISHARES EUROPE DEFENCE UCITS ETF EUR ACC,IE000IAXNM41,ETFS,09/07/2025,Ireland,GBP,MAIN MARKET,,EUET,UETY
DFND,ISHARES V PUBLIC LIMITED COMPANY,ISH GLB AERO & DEFENCE UCTS US ACC,IE000U9ODG19,ETFS,24/04/2025,Ireland,GBP,MAIN MARKET,,EUET,UETY
EMCA,ISHARES V PUBLIC LIMITED COMPANY,ISH JPM $EM CORP BND ETF USD ACC,IE00BFM6TD65,ETFS,04/06/2018,Ireland,USD,MAIN MARKET,Open-ended investment companies,EUET,UET9
EMCP,ISHARES V PUBLIC LIMITED COMPANY,ISHRS $ EM CORP BOND UCITS ETF USD DIST,IE00B6TLBW47,ETFS,19/04/2012,Ireland,GBP,MAIN MARKET,Open-ended investment companies,EUE2,UE2I
EMCR,ISHARES V PUBLIC LIMITED COMPANY,ISHRS $ EM CORP BOND UCITS ETF USD DIST,IE00B6TLBW47,ETFS,19/04/2012,Ireland,USD,MAIN MARKET,Open-ended investment companies,EUET,UET9
FRGP,ISHARES V PUBLIC LIMITED COMPANY,ISHARES FRANCE GOV BD UCT ETF GBP HD DIS,IE00014E9P24,ETFS,07/10/2022,Ireland,GBP,MAIN MARKET,Open-ended investment companies,EUET,UET9
IAUP,ISHARES V PUBLIC LIMITED COMPANY,ISHRS GOLD PRODUCERS ETF USD (ACC),IE00B6R52036,ETFS,19/09/2011,Ireland,USD,MAIN MARKET,Open-ended investment companies,EUET,UET5
ICDU,ISHARES V PUBLIC LIMITED COMPANY,ISHRS S&P 500 CON DISC SECT ETF USD ACC,IE00B4MCHD36,ETFS,23/11/2015,Ireland,GBX,MAIN MARKET,Open-ended investment companies,EUE2,UE2E
ICSU,ISHARES V PUBLIC LIMITED COMPANY,IS SP500 CON STPL SCTR UCITS ETF USD ACC,IE00B40B8R38,ETFS,22/03/2017,Ireland,GBX,MAIN MARKET,Open-ended investment companies,EUE2,UE2E
ID26,ISHARES V PUBLIC LIMITED COMPANY,ISH IBDS DEC26 TERM $ CRP UCT ETF US DIS,IE0007UPSEA3,ETFS,10/08/2023,Ireland,USD,MAIN MARKET,Open-ended investment companies,EUET,UET9
ID27,ISHARES V PUBLIC LIMITED COMPANY,ISHS IBD DEC27 TM $ CRP UCT ETF US ACC,IE000I1D7D10,ETFS,07/09/2023,Ireland,USD,MAIN MARKET,Open-ended investment companies,EUET,UET9
ID28,ISHARES V PUBLIC LIMITED COMPANY,ISHARES IBONDS DEC 2028 TERM $ CORP UCIT,IE0000VITHT2,ETFS,10/08/2023,Ireland,USD,MAIN MARKET,Open-ended investment companies,EUET,UET9
ID29,ISHARES V PUBLIC LIMITED COMPANY,ISH IBONDS DEC29 TERM $ ACC,IE000QJMYB29,ETFS,31/05/2024,Ireland,USD,MAIN MARKET,Open-ended investment companies,EUET,UET9
ID30,ISHARES V PUBLIC LIMITED COMPANY,ISH IBONDS DEC30 $ ACC,IE0008TDJ461,ETFS,31/05/2024,Ireland,USD,MAIN MARKET,Open-ended investment companies,EUET,UET9
ID31,ISHARES V PUBLIC LIMITED COMPANY,ISHRS IBNDS DEC 2031 TRM $ CRP UCITS ETF,IE00019EG7X4,ETFS,07/11/2024,Ireland,USD,MAIN MARKET,Open-ended investment companies,EUET,UET9
ID32,ISHARES V PUBLIC LIMITED COMPANY,ISHRS IBNDS DC 2032 TRM $ CRP UCITS ETF,IE0007YBWBE5,ETFS,07/11/2024,Ireland,USD,MAIN MARKET,Open-ended investment companies,EUET,UET9
ID33,ISHARES V PUBLIC LIMITED COMPANY,ISHRS IBNDS DC 2033 TRM $ CRP UCITS ETF,IE000K44CW70,ETFS,07/11/2024,Ireland,USD,MAIN MARKET,Open-ended investment companies,EUET,UET9
ID34,ISHARES V PUBLIC LIMITED COMPANY,ISHRS IBNDS DEC 2034 TRM $ CRP UCITS ETF,IE000RC18FG8,ETFS,07/11/2024,Ireland,USD,MAIN MARKET,Open-ended investment companies,EUET,UET9
IEDY,ISHARES V PUBLIC LIMITED COMPANY,ISHRS EM DIVIDEND UCITS ETF USD (DIST),IE00B652H904,ETFS,28/11/2011,Ireland,USD,MAIN MARKET,Open-ended investment companies,EUET,UET5
IESU,ISHARES V PUBLIC LIMITED COMPANY,ISHRS S&P 500 ENERGY SECT ETF USD (ACC),IE00B42NKQ00,ETFS,23/11/2015,Ireland,GBX,MAIN MARKET,Open-ended investment companies,EUE2,UE2E
IGUS,ISHARES V PUBLIC LIMITED COMPANY,ISHRS S&P 500 GBP HEDGED ETF (ACC),IE00B3Y8X563,ETFS,01/10/2010,Ireland,GBX,MAIN MARKET,Open-ended investment companies,EUET,UET5
IGWD,ISHARES V PUBLIC LIMITED COMPANY,ISHRS MSCI WORLD GBP HEDGED ETF (ACC),IE00B42YS929,ETFS,01/10/2010,Ireland,GBX,MAIN MARKET,Open-ended investment companies,EUET,UET5
IHCU,ISHARES V PUBLIC LIMITED COMPANY,ISHRS S&P 500 HEALTH CR SECT ETF USD ACC,IE00B43HR379,ETFS,23/11/2015,Ireland,GBX,MAIN MARKET,Open-ended investment companies,EUE2,UE2E
IISU,ISHARES V PUBLIC LIMITED COMPANY,ISHRS SP500 INDUS SCTR UCITS ETF USD ACC,IE00B4LN9N13,ETFS,22/03/2017,Ireland,GBX,MAIN MARKET,Open-ended investment companies,EUE2,UE2E
IITU,ISHARES V PUBLIC LIMITED COMPANY,ISHRS S&P 500 INF TECH SECT ETF USD ACC,IE00B3WJKG14,ETFS,23/11/2015,Ireland,GBX,MAIN MARKET,Open-ended investment companies,EUE2,UE2E
IJPE,ISHARES V PUBLIC LIMITED COMPANY,ISHRS MSCI JAPAN EUR HEDGED ETF (ACC),IE00B42Z5J44,ETFS,01/10/2010,Ireland,EUR,MAIN MARKET,Open-ended investment companies,EUET,UET5
IJPH,ISHARES V PUBLIC LIMITED COMPANY,ISHRS MSCI JAPAN GBP HEDGED ETF (ACC),IE00B7XYN974,ETFS,01/08/2012,Ireland,GBP,MAIN MARKET,Open-ended investment companies,EUET,UET5
IMSU,ISHARES V PUBLIC LIMITED COMPANY,ISHRS SP500 MAT SCTR UCITS ETF USD ACC,IE00B4MKCJ84,ETFS,22/03/2017,Ireland,GBX,MAIN MARKET,Open-ended investment companies,EUE2,UE2E
IOGP,ISHARES V PUBLIC LIMITED COMPANY,ISHRS OIL & GAS EXPL & PROD ETF USD ACC,IE00B6R51Z18,ETFS,19/09/2011,Ireland,USD,MAIN MARKET,Open-ended investment companies,EUET,UET5
IPOL,ISHARES V PUBLIC LIMITED COMPANY,ISHARES MSCI POLAND UCITS ETF USD (ACC),IE00B4M7GH52,ETFS,03/02/2011,Ireland,USD,MAIN MARKET,Open-ended investment companies,EUET,UET5
IRCP,ISHARES V PUBLIC LIMITED COMPANY,ISHRS EUR CRP BND INT RTE HDGD EUR DIST,IE00B6X2VY59,ETFS,23/10/2012,Ireland,EUR,MAIN MARKET,Open-ended investment companies,EUET,UET9
ISAC,ISHARES V PUBLIC LIMITED COMPANY,ISHRS MSCI ACWI UCITS ETF USD (ACC),IE00B6R52259,ETFS,24/10/2011,Ireland,USD,MAIN MARKET,Open-ended investment companies,EUET,UET5
ISAD,ISHARES V PUBLIC LIMITED COMPANY,ISHARES MSCI ACWI UCITS USD DIST,IE0002FCUS29,ETFS,31/10/2025,Ireland,GBP,MAIN MARKET,Open-ended investment companies,EUET,UET9
ISAG,ISHARES V PUBLIC LIMITED COMPANY,ISHARES AGRIBUSINESS UCITS ETF USD (ACC),IE00B6R52143,ETFS,19/09/2011,Ireland,USD,MAIN MARKET,Open-ended investment companies,EUET,UET5
IT27,ISHARES V PUBLIC LIMITED COMPANY,ISH IBDS DC27 TRM $ TSRY UCTS ETF US ACC,IE0004OYBZA6,ETFS,28/06/2024,Ireland,USD,MAIN MARKET,Open-ended investment companies,EUET,UET9
IT29,ISHARES V PUBLIC LIMITED COMPANY,ISH IBDS DC29 TRM $ TRSY UCITS ETF US AC,IE00055OM853,ETFS,28/06/2024,Ireland,USD,MAIN MARKET,Open-ended investment companies,EUET,UET9
ITEB,ISHARES V PUBLIC LIMITED COMPANY,ISHARES ITALY GOV BD UCT ETF GBP HDG DIS,IE0003V00UC4,ETFS,07/10/2022,Ireland,GBP,MAIN MARKET,Open-ended investment companies,EUET,UET9
ITEH,ISHARES V PUBLIC LIMITED COMPANY,ISH ITALY GVT BOND UCITS ETF USD HG ACC,IE00BFMM9235,ETFS,23/04/2018,Ireland,USD,MAIN MARKET,Open-ended investment companies,EUET,UET9
IUCD,ISHARES V PUBLIC LIMITED COMPANY,ISHRS S&P 500 CON DISC SECT ETF USD ACC,IE00B4MCHD36,ETFS,23/11/2015,Ireland,USD,MAIN MARKET,Open-ended investment companies,EUET,UET5
IUCM,ISHARES V PUBLIC LIMITED COMPANY,ISH SP500 COMMS UCITS ETF,IE00BDDRF478,ETFS,19/09/2018,Ireland,USD,MAIN MARKET,Open-ended investment companies,EUET,UET5
IUCS,ISHARES V PUBLIC LIMITED COMPANY,IS SP500 CON STPL SCTR UCITS ETF USD ACC,IE00B40B8R38,ETFS,22/03/2017,Ireland,USD,MAIN MARKET,Open-ended investment companies,EUET,UET5
IUES,ISHARES V PUBLIC LIMITED COMPANY,ISHRS S&P 500 ENERGY SECT ETF USD (ACC),IE00B42NKQ00,ETFS,23/11/2015,Ireland,USD,MAIN MARKET,Open-ended investment companies,EUET,UET5
IUFS,ISHARES V PUBLIC LIMITED COMPANY,ISHRS S&P 500 FIN SECT ETF USD (ACC),IE00B4JNQZ49,ETFS,23/11/2015,Ireland,USD,MAIN MARKET,Open-ended investment companies,EUET,UET5
IUHC,ISHARES V PUBLIC LIMITED COMPANY,ISHRS S&P 500 HEALTH CR SECT ETF USD ACC,IE00B43HR379,ETFS,23/11/2015,Ireland,USD,MAIN MARKET,Open-ended investment companies,EUET,UET5
IUIS,ISHARES V PUBLIC LIMITED COMPANY,ISHRS SP500 INDUS SCTR UCITS ETF USD ACC,IE00B4LN9N13,ETFS,22/03/2017,Ireland,USD,MAIN MARKET,Open-ended investment companies,EUET,UET5
IUIT,ISHARES V PUBLIC LIMITED COMPANY,ISHRS S&P 500 INF TECH SECT ETF USD ACC,IE00B3WJKG14,ETFS,23/11/2015,Ireland,USD,MAIN MARKET,Open-ended investment companies,EUET,UET5
IUMS,ISHARES V PUBLIC LIMITED COMPANY,ISHRS SP500 MAT SCTR UCITS ETF USD ACC,IE00B4MKCJ84,ETFS,22/03/2017,Ireland,USD,MAIN MARKET,Open-ended investment companies,EUET,UET5
IUSE,ISHARES V PUBLIC LIMITED COMPANY,ISHRS S&P 500 EUR HEDGED ETF (ACC),IE00B3ZW0K18,ETFS,01/10/2010,Ireland,EUR,MAIN MARKET,Open-ended investment companies,EUET,UET5
IUSU,ISHARES V PUBLIC LIMITED COMPANY,ISH SP500 UTILIT SCTR UCITS ETF USD ACC,IE00B4KBBD01,ETFS,22/03/2017,Ireland,GBX,MAIN MARKET,Open-ended investment companies,EUE2,UE2E
IUUS,ISHARES V PUBLIC LIMITED COMPANY,ISH SP500 UTILIT SCTR UCITS ETF USD ACC,IE00B4KBBD01,ETFS,22/03/2017,Ireland,USD,MAIN MARKET,Open-ended investment companies,EUET,UET5
IWDE,ISHARES V PUBLIC LIMITED COMPANY,ISHRS MSCI WORLD EUR HEDGED ETF (ACC),IE00B441G979,ETFS,01/10/2010,Ireland,EUR,MAIN MARKET,Open-ended investment companies,EUET,UET5
JGBG,ISHARES V PUBLIC LIMITED COMPANY,ISHARES JAPAN GOVT BOND GBP HEDGED (ACC),IE000NQ9GTW5,ETFS,30/06/2025,Ireland,GBP,MAIN MARKET,Open-ended investment companies,EUET,UET9
JGBH,ISHARES V PUBLIC LIMITED COMPANY,ISHARES JAPAN GOVT BND UCITS ETF GB HD D,IE0009SA6OY7,ETFS,29/07/2025,Ireland,GBP,MAIN MARKET,Open-ended investment companies,EUET,UET9
SDEU,ISHARES V PUBLIC LIMITED COMPANY,ISHRS GERMANY GVT BND ETF EUR (DIST),IE00B5V94313,ETFS,09/05/2012,Ireland,GBP,MAIN MARKET,Open-ended investment companies,EUET,UET9
SEDY,ISHARES V PUBLIC LIMITED COMPANY,ISHRS EM DIVIDEND UCITS ETF USD (DIST),IE00B652H904,ETFS,28/11/2011,Ireland,GBX,MAIN MARKET,Open-ended investment companies,EUE2,UE2E
SNGB,ISHARES V PUBLIC LIMITED COMPANY,ISHARES JPM $ EM CO BOND GBP HEDGED,IE000D352U62,ETFS,22/09/2023,Ireland,GBP,MAIN MARKET,Open-ended investment companies,EUET,UET9
SPAG,ISHARES V PUBLIC LIMITED COMPANY,ISHARES AGRIBUSINESS UCITS ETF USD (ACC),IE00B6R52143,ETFS,19/09/2011,Ireland,GBX,MAIN MARKET,Open-ended investment companies,EUE2,UE2E
SPEH,ISHARES V PUBLIC LIMITED COMPANY,ISH SPAIN GVT BOND UCITS ETF USD HG ACC,IE00BFMM8Y81,ETFS,23/04/2018,Ireland,USD,MAIN MARKET,Open-ended investment companies,EUET,UET9
SPGP,ISHARES V PUBLIC LIMITED COMPANY,ISHRS GOLD PRODUCERS ETF USD (ACC),IE00B6R52036,ETFS,19/09/2011,Ireland,GBX,MAIN MARKET,Open-ended investment companies,EUE2,UE2E
SPOG,ISHARES V PUBLIC LIMITED COMPANY,ISHRS OIL & GAS EXPL & PROD ETF USD ACC,IE00B6R51Z18,ETFS,19/09/2011,Ireland,GBX,MAIN MARKET,Open-ended investment companies,EUE2,UE2E
SPOL,ISHARES V PUBLIC LIMITED COMPANY,ISHARES MSCI POLAND UCITS ETF USD (ACC),IE00B4M7GH52,ETFS,03/02/2011,Ireland,GBX,MAIN MARKET,Open-ended investment companies,EUE2,UE2E
SPPB,ISHARES V PUBLIC LIMITED COMPANY,ISHARES SPAIN GOV BD UCT ETF GBP HDG DIS,IE000Q4EBLW2,ETFS,07/10/2022,Ireland,GBP,MAIN MARKET,Open-ended investment companies,EUET,UET9
SSAC,ISHARES V PUBLIC LIMITED COMPANY,ISHRS MSCI ACWI UCITS ETF USD (ACC),IE00B6R52259,ETFS,24/10/2011,Ireland,GBX,MAIN MARKET,Open-ended investment companies,EUE2,UE2E
UCTD,ISHARES V PUBLIC LIMITED COMPANY,ISHS MSCI USA CTA UCITS ETF USD (DIST),IE000YG82CF0,ETFS,13/06/2024,Ireland,GBP,MAIN MARKET,Open-ended investment companies,EUET,UET5
UIFS,ISHARES V PUBLIC LIMITED COMPANY,ISHRS S&P 500 FIN SECT ETF USD (ACC),IE00B4JNQZ49,ETFS,23/11/2015,Ireland,GBX,MAIN MARKET,Open-ended investment companies,EUE2,UE2E
WCTD,ISHARES V PUBLIC LIMITED COMPANY,ISHARES MSCI WORLD CTA UCITS ETF USD DIS,IE000YNE6S57,ETFS,13/06/2024,Ireland,GBP,MAIN MARKET,Open-ended investment companies,EUET,UET5
WENS,ISHARES V PUBLIC LIMITED COMPANY,ISHRS MSCI WLD ENRGY SEC UCT ETF USD DIS,IE00BJ5JP105,ETFS,30/06/2022,Ireland,GBP,MAIN MARKET,,EUET,UETY
WHCA,ISHARES V PUBLIC LIMITED COMPANY,ISH MSCI WLD HLTH CRE SCT ADV UCTS U AC,IE0009QS7W62,ETFS,12/01/2024,Ireland,GBP,MAIN MARKET,,EUET,UETY
WITS,ISHARES V PUBLIC LIMITED COMPANY,ISH MSCI WD INF TCH SCTR ADV UTS ETF U D,IE00BJ5JNY98,ETFS,12/01/2024,Ireland,GBP,MAIN MARKET,,EUET,UETY
JCPG,JANUS HENDERSON ICAV,JH JAPAN EQ HIGH CON ETF GBP T,IE000CV0WWL4,ETFS,29/01/2025,Ireland,GBP,MAIN MARKET,,EUE2,UEA4
JCPN,JANUS HENDERSON ICAV,JH JAPAN EQ HIGH CON ETF USD T,IE000CV0WWL4,ETFS,01/11/2024,Ireland,USD,MAIN MARKET,,EUET,UEA2
JGBL,JANUS HENDERSON ICAV,JH GLOBAL RESEARCH ENG. ETF USDA,IE000Y3FZEN4,ETFS,24/10/2025,Ireland,USD,MAIN MARKET,,EUET,UEA2
JGBT,JANUS HENDERSON ICAV,JH GLOBAL RES ENG UA GT,IE000Y3FZEN4,ETFS,08/05/2026,Ireland,GBP,MAIN MARKET,,EUE2,UEA4
JHEG,JANUS HENDERSON ICAV,JH EUR SHORT DUR GD,IE0002P9KZW1,ETFS,08/05/2026,Ireland,GBP,MAIN MARKET,,EUET,UEA2
JMBD,JANUS HENDERSON ICAV,JH MBS ACTIVE ETF USD D,IE000RH1ZG27,ETFS,30/05/2025,Ireland,USD,MAIN MARKET,,EUET,UEA2
JMBG,JANUS HENDERSON ICAV,JH MBS GBPH D,IE0008B0OAD5,ETFS,08/05/2026,Ireland,GBP,MAIN MARKET,,EUET,UEA2
JMBS,JANUS HENDERSON ICAV,JH MBS ACTIVE ETF USD A,IE000YMBL844,ETFS,12/05/2025,Ireland,USD,MAIN MARKET,,EUET,UEA2
JMBT,JANUS HENDERSON ICAV,JH MBS UA GT,IE000YMBL844,ETFS,08/05/2026,Ireland,GBP,MAIN MARKET,,EUE2,UEA4
JMEX,JANUS HENDERSON ICAV,JH MEX GOV BOND ETF USD A,IE000J8RGOJ4,ETFS,17/12/2025,Ireland,USD,MAIN MARKET,,EUET,UET7
JMXT,JANUS HENDERSON ICAV,JH MEXICO GOV ETF UA GT,IE000J8RGOJ4,ETFS,08/05/2026,Ireland,GBP,MAIN MARKET,,EUE2,UE2C
JSHG,JANUS HENDERSON ICAV,JH US SHORT DUR HY GD,IE0008C3G0Y9,ETFS,08/05/2026,Ireland,GBP,MAIN MARKET,,EUET,UEA2
JSHY,JANUS HENDERSON ICAV,JH US SHORT DUR HY ETF USD A,IE0007W7MZL0,ETFS,30/01/2026,Ireland,USD,MAIN MARKET,,EUET,UEA2
JTXT,JANUS HENDERSON ICAV,JH TRANS GRO UA GT,IE0009ZTL4B5,ETFS,08/05/2026,Ireland,GBP,MAIN MARKET,,EUE2,UEA4
JTXX,JANUS HENDERSON ICAV,JH US TRNSFM IGH CON ETF USD A,IE0009ZTL4B5,ETFS,23/07/2025,Ireland,USD,MAIN MARKET,,EUET,UEA2
TAGD,JANUS HENDERSON ICAV,JH HAITONG ASIA HY BOND SCREEN ETF GBPHD,IE000XIITCN5,ETFS,24/06/2022,Ireland,GBP,MAIN MARKET,,EUET,UET7
TAGH,JANUS HENDERSON ICAV,JH HAITONG ASIA HY BOND SCREEN ETF GBPHA,IE000GETKIK8,ETFS,11/05/2022,Ireland,GBP,MAIN MARKET,,EUET,UET7
TAGT,JANUS HENDERSON ICAV,JH HAITONG ASIA HY BOND SCREEN ETF GBP T,IE000LZC9NM0,ETFS,08/07/2025,Ireland,GBP,MAIN MARKET,,EUE2,UE2G
TAHY,JANUS HENDERSON ICAV,JH HAITONG ASIA HY BOND SCREEN ETF USD A,IE000LZC9NM0,ETFS,06/09/2021,Ireland,USD,MAIN MARKET,,EUET,UET7
TFGD,JANUS HENDERSON ICAV,JH GLOBAL FALLEN ANGELS HY PA ETF GBPHD,IE000LSFKN16,ETFS,02/08/2023,Ireland,GBP,MAIN MARKET,,EUET,UET7
THFA,JANUS HENDERSON ICAV,JH GLOBAL FALLEN ANGELS HY PA ETF USD A,IE000JL9SV51,ETFS,26/06/2023,Ireland,USD,MAIN MARKET,,EUET,UET7
TUGB,JANUS HENDERSON ICAV,JH ULTRASHORT IG ETF GBPHA,IE000P7C7930,ETFS,07/11/2023,Ireland,GBP,MAIN MARKET,,EUET,UET7
JAAA,JANUS HENDERSON TABULA FUND,JH USD AAA CLO ACTIVE ETF USD A,LU2994520851,ETFS,27/03/2025,Luxembourg,USD,MAIN MARKET,,EUET,UEA2
JAAD,JANUS HENDERSON TABULA FUND,JH USD AAA CLO ACTIVE ETF USD D,LU2994520935,ETFS,30/04/2025,Luxembourg,USD,MAIN MARKET,,EUET,UEA2
JAAS,JANUS HENDERSON TABULA FUND,JH USD AAA CLO ACTIVE ETF GBPHD,LU2994521669,ETFS,03/06/2025,Luxembourg,GBP,MAIN MARKET,,EUET,UEA2
JAAT,JANUS HENDERSON TABULA FUND,JH USD AAA CLO ACTIVE ETF GBP T,LU2994520851,ETFS,27/05/2025,Luxembourg,GBP,MAIN MARKET,,EUE2,UEA4
JCLG,JANUS HENDERSON TABULA FUND,JH EUR AAA CLO ACTIVE ETF GBP T,LU2941599081,ETFS,06/02/2025,Luxembourg,GBP,MAIN MARKET,,EUET,UEA2
JCLS,JANUS HENDERSON TABULA FUND,JH EUR AAA CLO ACTIVE ETF GBPHD,LU2941599834,ETFS,06/03/2025,Luxembourg,GBP,MAIN MARKET,,EUET,UEA2
JCLU,JANUS HENDERSON TABULA FUND,JH EUR AAA CLO ACTIVE ETF USDHA,LU2941599248,ETFS,06/03/2025,Luxembourg,USD,MAIN MARKET,,EUET,UEA2
BB3M,JPMORGAN ETFS (IRELAND) ICAV,JPM US TREASURY BOND 0-3MTH UCITS ETF,IE00BMD8KM66,ETFS,23/02/2021,Ireland,USD,MAIN MARKET,,EUE2,UE2C
BBCS,JPMORGAN ETFS (IRELAND) ICAV,JPM BETABUILDERS US SMALLCAP UCITS ETF A,IE000JNKVS10,ETFS,17/08/2022,Ireland,GBX,MAIN MARKET,,EUE2,UE2C
BBDD,JPMORGAN ETFS (IRELAND) ICAV,JPM BETABUILDERS US EQUITY UCITS ETF DIS,IE00BJK9H860,ETFS,10/04/2019,Ireland,GBX,MAIN MARKET,,EUET,UET3
BBDS,JPMORGAN ETFS (IRELAND) ICAV,JPM BETABUILDERS US SMALLCAP UCITS ETF D,IE0001O84583,ETFS,17/08/2022,Ireland,GBX,MAIN MARKET,,EUE2,UE2C
BBGE,JPMORGAN ETFS (IRELAND) ICAV,JPM BETABUILDERS EUR GOVT BOND ETF,IE00BJK9HD13,ETFS,03/05/2019,Ireland,GBP,MAIN MARKET,,EUET,UET3
BBIL,JPMORGAN ETFS (IRELAND) ICAV,JPM US TREASURY BOND 0-1YR UCITS ETF,IE00BJK3WF00,ETFS,16/07/2019,Ireland,USD,MAIN MARKET,,EUE2,UE2C
BBLL,JPMORGAN ETFS (IRELAND) ICAV,JPM US TREASURY BOND 0-1YR UCITS ETF,IE00BJK3WF00,ETFS,16/07/2019,Ireland,GBP,MAIN MARKET,,EUET,UET3
BBM3,JPMORGAN ETFS (IRELAND) ICAV,JPM US TREASURY BOND 0-3MTH UCITS ETF,IE00BMD8KM66,ETFS,23/02/2021,Ireland,GBP,MAIN MARKET,,EUET,UET3
BBRT,JPMORGAN ETFS (IRELAND) ICAV,JPM BETABUILDERS US TREASURY BOND ETF,IE00BJK9HH50,ETFS,03/05/2019,Ireland,GBP,MAIN MARKET,,EUET,UET3
BBSC,JPMORGAN ETFS (IRELAND) ICAV,JPM BETABUILDERS US SMALLCAP UCITS ETF A,IE000JNKVS10,ETFS,17/08/2022,Ireland,USD,MAIN MARKET,,EUET,UET3
BBSD,JPMORGAN ETFS (IRELAND) ICAV,JPM BETABUILDERS US SMALLCAP UCITS ETF D,IE0001O84583,ETFS,17/08/2022,Ireland,USD,MAIN MARKET,,EUET,UET3
BBSU,JPMORGAN ETFS (IRELAND) ICAV,JPM BETABUILDERS US EQUITY UCITS ETF ACC,IE00BJK9H753,ETFS,10/04/2019,Ireland,GBX,MAIN MARKET,,EUET,UET3
BBTP,JPMORGAN ETFS (IRELAND) ICAV,JPM BB US TRSY BOND UCITS ETF GBP HDG,IE00BK6Q9938,ETFS,22/05/2019,Ireland,GBP,MAIN MARKET,,EUET,UET3
BBTR,JPMORGAN ETFS (IRELAND) ICAV,JPM BETABUILDERS US TREASURY BOND ETF,IE00BJK9HH50,ETFS,03/05/2019,Ireland,USD,MAIN MARKET,,EUE2,UE2C
BBUD,JPMORGAN ETFS (IRELAND) ICAV,JPM BETABUILDERS US EQUITY UCITS ETF DIS,IE00BJK9H860,ETFS,10/04/2019,Ireland,USD,MAIN MARKET,,EUE2,UE2C
BBUS,JPMORGAN ETFS (IRELAND) ICAV,JPM BETABUILDERS US EQUITY UCITS ETF ACC,IE00BJK9H753,ETFS,10/04/2019,Ireland,USD,MAIN MARKET,,EUE2,UE2C
HEDL,JPMORGAN ETFS (IRELAND) ICAV,JPM US HELO ACT UCITS ETF USD DIS,IE000K4JG8P9,ETFS,15/10/2025,Ireland,USD,MAIN MARKET,,EUET,UEA2
HELA,JPMORGAN ETFS (IRELAND) ICAV,JPM US HELO ACT UCITS ETF USD ACC,IE000VAZZYM3,ETFS,15/10/2025,Ireland,GBX,MAIN MARKET,,EUE2,UEA4
HELO,JPMORGAN ETFS (IRELAND) ICAV,JPM US HELO ACT UCITS ETF USD ACC,IE000VAZZYM3,ETFS,15/10/2025,Ireland,USD,MAIN MARKET,,EUET,UEA2
HEQA,JPMORGAN ETFS (IRELAND) ICAV,JPM NASDAQ HELO ACT UCITS ETF USD ACC,IE000JIPY1U8,ETFS,15/10/2025,Ireland,GBX,MAIN MARKET,,EUE2,UEA4
HEQD,JPMORGAN ETFS (IRELAND) ICAV,JPM NASDAQ HELO ACT UCITS ETF USD DIS,IE0006UQKVQ0,ETFS,15/10/2025,Ireland,USD,MAIN MARKET,,EUET,UEA2
HEQQ,JPMORGAN ETFS (IRELAND) ICAV,JPM NASDAQ HELO ACT UCITS ETF USD ACC,IE000JIPY1U8,ETFS,15/10/2025,Ireland,USD,MAIN MARKET,,EUET,UEA2
J13E,JPMORGAN ETFS (IRELAND) ICAV,JPM EUR GOVT BOND 1-3 YR UCITS ETF (ACC),IE00BYVZV757,ETFS,22/02/2018,Ireland,GBP,MAIN MARKET,,EUET,UETY
J13U,JPMORGAN ETFS (IRELAND) ICAV,BETABUILDERS US TSRY BD 1-3YR UCITS ETF,IE00BD9MMD49,ETFS,12/06/2018,Ireland,GBP,MAIN MARKET,,EUET,UETY
J15R,JPMORGAN ETFS (IRELAND) ICAV,JPM EUR 1-5Y IG CORP UCITS ETF EUR ACC,IE00BF59RW70,ETFS,13/12/2018,Ireland,GBP,MAIN MARKET,,EUET,UEA2
JAAG,JPMORGAN ETFS (IRELAND) ICAV,JPM GLOBAL AGG BOND ACTIVE UCITS ETF ACC,IE0006MM8VN6,ETFS,18/10/2023,Ireland,GBP,MAIN MARKET,,EUE2,UEA4
JAAV,JPMORGAN ETFS (IRELAND) ICAV,JPM US VALUE ACTIVE UCITS ETF ACC,IE000TD3TI26,ETFS,25/01/2024,Ireland,GBX,MAIN MARKET,,EUE2,UEA4
JADV,JPMORGAN ETFS (IRELAND) ICAV,JPM US VALUE ACTIVE UCITS ETF DIST,IE000DTA2ZH9,ETFS,25/01/2024,Ireland,GBX,MAIN MARKET,,EUE2,UEA4
JAEP,JPMORGAN ETFS (IRELAND) ICAV,JPM EUR AGG BOND ACTIVE UCITS ETF ACC,IE00049TNTV6,ETFS,28/01/2025,Ireland,GBP,MAIN MARKET,,EUE2,UEA4
JAGA,JPMORGAN ETFS (IRELAND) ICAV,JPM GLOBAL AGG BOND ACTIVE UCITS ETF ACC,IE0006MM8VN6,ETFS,18/10/2023,Ireland,USD,MAIN MARKET,,EUET,UEA2
JAGD,JPMORGAN ETFS (IRELAND) ICAV,JPM GLOBAL AGG BOND ACTIVE UCITS ETF DIS,IE000LHP8TA1,ETFS,18/10/2023,Ireland,GBP,MAIN MARKET,,EUE2,UEA4
JAGG,JPMORGAN ETFS (IRELAND) ICAV,JPM GLOBAL AGG BOND ACTIVE UCITS ETF DIS,IE000LHP8TA1,ETFS,18/10/2023,Ireland,USD,MAIN MARKET,,EUET,UEA2
JAGP,JPMORGAN ETFS (IRELAND) ICAV,JPM GLOB AGG BOND ACTIVE UCITS ETF GBP H,IE0000F1IQZ8,ETFS,18/10/2023,Ireland,GBP,MAIN MARKET,,EUET,UEA2
JAGU,JPMORGAN ETFS (IRELAND) ICAV,JPM GLB AGGREGATE BD UCITS ETF USDH ACC,IE0003CEOZG5,ETFS,13/11/2025,Ireland,USD,MAIN MARKET,,EUET,UEA2
JAPG,JPMORGAN ETFS (IRELAND) ICAV,JPM GLOBAL AGG BOND UCITS ETF GBPH DIS,IE000TSA6IX6,ETFS,25/03/2025,Ireland,GBP,MAIN MARKET,,EUET,UEA2
JAVA,JPMORGAN ETFS (IRELAND) ICAV,JPM US VALUE ACTIVE UCITS ETF ACC,IE000TD3TI26,ETFS,25/01/2024,Ireland,USD,MAIN MARKET,,EUET,UEA2
JAVD,JPMORGAN ETFS (IRELAND) ICAV,JPM US VALUE ACTIVE UCITS ETF DIST,IE000DTA2ZH9,ETFS,25/01/2024,Ireland,USD,MAIN MARKET,,EUET,UEA2
JD15,JPMORGAN ETFS (IRELAND) ICAV,JPM EUR 1-5Y IG CORP BD UCITS ETF EUR DI,IE0002VV7CV3,ETFS,17/09/2025,Ireland,EUR,MAIN MARKET,,EUET,UEA2
JEAA,JPMORGAN ETFS (IRELAND) ICAV,JPM EUR AGG BOND ACTIVE UCITS ETF ACC,IE00049TNTV6,ETFS,28/01/2025,Ireland,EUR,MAIN MARKET,,EUET,UEA2
JEAE,JPMORGAN ETFS (IRELAND) ICAV,JPM EUROPE EPI UCITS ETF EUR ACC,IE0000BNORX6,ETFS,19/02/2026,Ireland,GBX,MAIN MARKET,,EUE2,UEA4
JEAG,JPMORGAN ETFS (IRELAND) ICAV,JPM GLOB EQ PREMIUM ACTIVE UCITS ETF ACC,IE000WX7BVB0,ETFS,06/12/2023,Ireland,GBX,MAIN MARKET,,EUE2,UEA4
JEAI,JPMORGAN ETFS (IRELAND) ICAV,JPM US EQ PREMIUM INC UCITS ETF ACC,IE0000EAPBT6,ETFS,06/11/2024,Ireland,GBX,MAIN MARKET,,EUE2,UEA4
JEAQ,JPMORGAN ETFS (IRELAND) ICAV,JPM NASDAQ EQ PREMIUM INC UCITS ETF ACC,IE000N6I8IU2,ETFS,06/11/2024,Ireland,GBX,MAIN MARKET,,EUE2,UEA4
JEBP,JPMORGAN ETFS (IRELAND) ICAV,JPM EUR IG CORP UCITS ETF GBPH ACC,IE000IZS2303,ETFS,16/11/2021,Ireland,GBP,MAIN MARKET,,EUET,UET3
JEBU,JPMORGAN ETFS (IRELAND) ICAV,JPM EUR IG CORP UCITS ETF EUR ACC,IE00BF59RX87,ETFS,03/11/2022,Ireland,USD,MAIN MARKET,,EUE3,UEA6
JEEA,JPMORGAN ETFS (IRELAND) ICAV,JPM EUROPE EPI UCITS ETF EUR ACC,IE0000BNORX6,ETFS,19/02/2026,Ireland,EUR,MAIN MARKET,,EUET,UEA2
JEEG,JPMORGAN ETFS (IRELAND) ICAV,JPM EUR GOV BOND ACTIVE UCITS ETF DIST,IE00081SF8K7,ETFS,28/01/2025,Ireland,EUR,MAIN MARKET,,EUET,UEA2
JEEP,JPMORGAN ETFS (IRELAND) ICAV,JPM EUROPE EPI UCITS ETF EUR DIS,IE00064TWYK9,ETFS,19/02/2026,Ireland,GBX,MAIN MARKET,,EUE2,UEA4
JEEY,JPMORGAN ETFS (IRELAND) ICAV,JPM EUR HY BOND ACTIVE UCITS ETF DIST,IE000YSJPNV8,ETFS,17/12/2024,Ireland,GBP,MAIN MARKET,,EUE2,UEA4
JEGA,JPMORGAN ETFS (IRELAND) ICAV,JPM GLOB EQ PREMIUM ACTIVE UCITS ETF ACC,IE000WX7BVB0,ETFS,06/12/2023,Ireland,USD,MAIN MARKET,,EUET,UEA2
JEGG,JPMORGAN ETFS (IRELAND) ICAV,JPM EUR AGG BOND ACTIVE UCITS ETF DIST,IE0008QIFH42,ETFS,28/01/2025,Ireland,EUR,MAIN MARKET,,EUET,UEA2
JEGP,JPMORGAN ETFS (IRELAND) ICAV,JPM GLOB EQ PREMIUM ACTIVE UCITS ETF DIS,IE0003UVYC20,ETFS,06/12/2023,Ireland,GBX,MAIN MARKET,,EUE2,UEA4
JEHY,JPMORGAN ETFS (IRELAND) ICAV,JPM EUR HY BOND ACTIVE UCITS ETF ACC,IE000IEOQSJ3,ETFS,17/12/2024,Ireland,EUR,MAIN MARKET,,EUET,UEA2
JEIA,JPMORGAN ETFS (IRELAND) ICAV,JPM US EQ PREMIUM INC UCITS ETF ACC,IE0000EAPBT6,ETFS,06/11/2024,Ireland,USD,MAIN MARKET,,EUET,UEA2
JEIP,JPMORGAN ETFS (IRELAND) ICAV,JPM US EQ PREMIUM INC UCITS ETF DIST,IE000U5MJOZ6,ETFS,06/11/2024,Ireland,GBX,MAIN MARKET,,EUE2,UEA4
JEPE,JPMORGAN ETFS (IRELAND) ICAV,JPM EUROPE EPI UCITS ETF EUR DIS,IE00064TWYK9,ETFS,19/02/2026,Ireland,EUR,MAIN MARKET,,EUET,UEA2
JEPG,JPMORGAN ETFS (IRELAND) ICAV,JPM GLOB EQ PREMIUM ACTIVE UCITS ETF DIS,IE0003UVYC20,ETFS,06/12/2023,Ireland,USD,MAIN MARKET,,EUET,UEA2
JEPI,JPMORGAN ETFS (IRELAND) ICAV,JPM US EQ PREMIUM INC UCITS ETF DIST,IE000U5MJOZ6,ETFS,06/11/2024,Ireland,USD,MAIN MARKET,,EUET,UEA2
JEPQ,JPMORGAN ETFS (IRELAND) ICAV,JPM NASDAQ EQ PREMIUM INC UCITS ETF DIST,IE000U9J8HX9,ETFS,06/11/2024,Ireland,USD,MAIN MARKET,,EUET,UEA2
JEQA,JPMORGAN ETFS (IRELAND) ICAV,JPM NASDAQ EQ PREMIUM INC UCITS ETF ACC,IE000N6I8IU2,ETFS,06/11/2024,Ireland,USD,MAIN MARKET,,EUET,UEA2
JEQP,JPMORGAN ETFS (IRELAND) ICAV,JPM NASDAQ EQ PREMIUM INC UCITS ETF DIST,IE000U9J8HX9,ETFS,06/11/2024,Ireland,GBX,MAIN MARKET,,EUE2,UEA4
JERA,JPMORGAN ETFS (IRELAND) ICAV,JPM EUROPE REI UCITS ETF EUR ACC,IE00BF4G7183,ETFS,03/11/2022,Ireland,USD,MAIN MARKET,,EUE3,UEA6
JERD,JPMORGAN ETFS (IRELAND) ICAV,JPM EUROPE REI UCITS ETF EUR DIS,IE000WGK3YY5,ETFS,03/11/2022,Ireland,USD,MAIN MARKET,,EUE3,UEA6
JERE,JPMORGAN ETFS (IRELAND) ICAV,JPM EUROPE REI UCITS ETF EUR ACC,IE00BF4G7183,ETFS,16/10/2018,Ireland,GBX,MAIN MARKET,,EUET,UEA2
JESD,JPMORGAN ETFS (IRELAND) ICAV,JPM EUR ULT SHORT INC UCITS ETF EUR DIS,IE00BL0BMX65,ETFS,17/09/2025,Ireland,EUR,MAIN MARKET,,EUET,UEA2
JESE,JPMORGAN ETFS (IRELAND) ICAV,JPM EUR REI EQ SRI PAB UCITS ETF ACC,IE0003UN5CT1,ETFS,17/12/2024,Ireland,GBX,MAIN MARKET,,EUE2,UEA4
JEUG,JPMORGAN ETFS (IRELAND) ICAV,JPM EUR GOV BOND ACTIVE UCITS ETF ACC,IE000JUREXG2,ETFS,28/01/2025,Ireland,EUR,MAIN MARKET,,EUET,UEA2
JEYE,JPMORGAN ETFS (IRELAND) ICAV,JPM EUR HY BOND ACTIVE UCITS ETF DIST,IE000YSJPNV8,ETFS,17/12/2024,Ireland,EUR,MAIN MARKET,,EUET,UEA2
JEYG,JPMORGAN ETFS (IRELAND) ICAV,JPM EUR HY BOND ACT UCITS ETF GBP ACC,IE000ZT56NY2,ETFS,17/12/2024,Ireland,GBP,MAIN MARKET,,EUET,UEA2
JG15,JPMORGAN ETFS (IRELAND) ICAV,BETABUILDERS UK GILT 1-5YR UCITS ETF,IE00BD9MMC32,ETFS,12/06/2018,Ireland,GBP,MAIN MARKET,,EUET,UETY
JGAV,JPMORGAN ETFS (IRELAND) ICAV,JPM GLOBAL GOV BD ACT UCITS ETF USDH ACC,IE000WFXD0F2,ETFS,12/06/2025,Ireland,USD,MAIN MARKET,,EUET,UEA2
JGDE,JPMORGAN ETFS (IRELAND) ICAV,JPM GLOBAL EQUITY UCITS ETF USD DIS,IE000245C884,ETFS,23/06/2026,Ireland,USD,MAIN MARKET,,EUET,UEA2
JGDU,JPMORGAN ETFS (IRELAND) ICAV,JPM US GROWTH ACTIVE UCITS ETF DIST,IE0003KQ8JX1,ETFS,25/01/2024,Ireland,GBX,MAIN MARKET,,EUE2,UEA4
JGEL,JPMORGAN ETFS (IRELAND) ICAV,JPM GLOBAL EQUITY UCITS ETF USD ACC,IE0009OCO2W4,ETFS,23/06/2026,Ireland,GBX,MAIN MARKET,,EUE2,UEA4
JGEP,JPMORGAN ETFS (IRELAND) ICAV,JPM GL REI EQ ESG ETF GBP HDG - ACC,IE000D9DX847,ETFS,16/12/2021,Ireland,GBX,MAIN MARKET,,EUET,UET3
JGGE,JPMORGAN ETFS (IRELAND) ICAV,JPM EUR AGG BOND ACTIVE UCITS ETF DIST,IE0008QIFH42,ETFS,28/01/2025,Ireland,GBP,MAIN MARKET,,EUE2,UEA4
JGGG,JPMORGAN ETFS (IRELAND) ICAV,JPM GLB IG CORP BD UCITS ETF GBPH DIS,IE000L6RGYI5,ETFS,03/09/2025,Ireland,GBP,MAIN MARKET,,EUET,UEA2
JGGV,JPMORGAN ETFS (IRELAND) ICAV,JPM GLOBAL GOV BD ACT UCITS ETF GBPH ACC,IE000TWNMI25,ETFS,12/06/2025,Ireland,GBP,MAIN MARKET,,EUET,UEA2
JGHD,JPMORGAN ETFS (IRELAND) ICAV,JPM GLOBAL HY FACTOR UCITS ETF USD DIS,IE000SB9GY21,ETFS,03/11/2022,Ireland,USD,MAIN MARKET,,EUET,UEA2
JGHY,JPMORGAN ETFS (IRELAND) ICAV,JPM GLOBAL HY FACTOR UCITS ETF USD ACC,IE00BKKCKJ46,ETFS,11/02/2020,Ireland,USD,MAIN MARKET,,EUE2,UEA3
JGIG,JPMORGAN ETFS (IRELAND) ICAV,JPM GLB IG CORP BD AC UCITS ETF GBPH ACC,IE00098S8RU7,ETFS,28/05/2025,Ireland,GBP,MAIN MARKET,,EUET,UEA2
JGLE,JPMORGAN ETFS (IRELAND) ICAV,JPM GLOBAL EQUITY UCITS ETF USD ACC,IE0009OCO2W4,ETFS,23/06/2026,Ireland,USD,MAIN MARKET,,EUET,UEA2
JGLP,JPMORGAN ETFS (IRELAND) ICAV,JPM GLB EQ MULTIFACTOR UCITS ETF USD DIS,IE000A9QKUV7,ETFS,17/09/2025,Ireland,USD,MAIN MARKET,,EUET,UET3
JGOR,JPMORGAN ETFS (IRELAND) ICAV,JPM US GROWTH ACTIVE UCITS ETF ACC,IE0005CH3U28,ETFS,25/01/2024,Ireland,GBX,MAIN MARKET,,EUE2,UEA4
JGOV,JPMORGAN ETFS (IRELAND) ICAV,JPM GLOBAL GOV BD ACT UCITS ETF USD ACC,IE000JS4ANL9,ETFS,12/06/2025,Ireland,USD,MAIN MARKET,,EUET,UEA2
JGRE,JPMORGAN ETFS (IRELAND) ICAV,JPM GLOBAL REI UCITS ETF USD ACC,IE00BF4G6Y48,ETFS,16/10/2018,Ireland,GBX,MAIN MARKET,,EUET,UEA2
JGRO,JPMORGAN ETFS (IRELAND) ICAV,JPM US GROWTH ACTIVE UCITS ETF ACC,IE0005CH3U28,ETFS,25/01/2024,Ireland,USD,MAIN MARKET,,EUET,UEA2
JGSA,JPMORGAN ETFS (IRELAND) ICAV,JPM GBP ULT SHORT INC UCITS ETF GBP ACC,IE00BG47J908,ETFS,10/04/2019,Ireland,GBP,MAIN MARKET,,EUET,UEA2
JGST,JPMORGAN ETFS (IRELAND) ICAV,JPM GBP ULT SHORT INC UCITS ETF GBP DIS,IE00BD9MMG79,ETFS,12/06/2018,Ireland,GBP,MAIN MARKET,,EUET,UEA2
JGUD,JPMORGAN ETFS (IRELAND) ICAV,JPM US GROWTH ACTIVE UCITS ETF DIST,IE0003KQ8JX1,ETFS,25/01/2024,Ireland,USD,MAIN MARKET,,EUET,UEA2
JGUV,JPMORGAN ETFS (IRELAND) ICAV,JPM GLOBAL GOV BD ACT UCITS ETF USD DIST,IE0005NMTKY4,ETFS,12/06/2025,Ireland,USD,MAIN MARKET,,EUET,UEA2
JGVG,JPMORGAN ETFS (IRELAND) ICAV,JPM GLOBAL GOV BD ACT UCITS ETF GBPH DIS,IE000CJUN9X7,ETFS,12/06/2025,Ireland,GBP,MAIN MARKET,,EUET,UEA2
JGVU,JPMORGAN ETFS (IRELAND) ICAV,JPM GLOBAL GOV BD ACT UCITS ETF USD DIST,IE0005NMTKY4,ETFS,12/06/2025,Ireland,GBP,MAIN MARKET,,EUE2,UEA4
JGYH,JPMORGAN ETFS (IRELAND) ICAV,JPM GLOBAL HY FACTOR UCITS ETF USD ACC,IE00BKKCKJ46,ETFS,11/02/2020,Ireland,GBP,MAIN MARKET,,EUET,UEA2
JHYP,JPMORGAN ETFS (IRELAND) ICAV,JPM GL HY CORP BOND MF UCITS GBP HDG,IE00BKV0QF55,ETFS,30/04/2020,Ireland,GBP,MAIN MARKET,,EUET,UEA2
JHYU,JPMORGAN ETFS (IRELAND) ICAV,JPM GL HY CORP BOND MF UCITS USD HDG,IE00BL0BLZ15,ETFS,19/05/2020,Ireland,USD,MAIN MARKET,,EUET,UEA2
JIBG,JPMORGAN ETFS (IRELAND) ICAV,JPM USD IG CORP UCITS ETF USD DIS,IE00BN4RDY28,ETFS,16/09/2020,Ireland,GBP,MAIN MARKET,,EUE2,UE2C
JIDG,JPMORGAN ETFS (IRELAND) ICAV,JPM GLB IG CORP BD ACT UCITS ETF USD DIS,IE00064KQDB3,ETFS,28/05/2025,Ireland,GBP,MAIN MARKET,,EUE2,UEA4
JIGD,JPMORGAN ETFS (IRELAND) ICAV,JPM GLB IG CORP BD ACT UCITS ETF USD DIS,IE00064KQDB3,ETFS,28/05/2025,Ireland,USD,MAIN MARKET,,EUET,UEA2
JIGG,JPMORGAN ETFS (IRELAND) ICAV,JPM GLB IG CORP BD ACT UCITS ETF USD ACC,IE000S2QZKI8,ETFS,28/05/2025,Ireland,USD,MAIN MARKET,,EUET,UEA2
JLDO,JPMORGAN ETFS (IRELAND) ICAV,JPM EM LOCAL BD ACT UCITS ETF USD DIST,IE000BS9KP42,ETFS,12/03/2025,Ireland,GBP,MAIN MARKET,,EUE2,UEA4
JLOC,JPMORGAN ETFS (IRELAND) ICAV,JPM EM LOCAL BD ACT UCITS ETF USD ACC,IE000TGCBXG8,ETFS,12/03/2025,Ireland,USD,MAIN MARKET,,EUET,UEA2
JLOD,JPMORGAN ETFS (IRELAND) ICAV,JPM EM LOCAL BD ACT UCITS ETF USD DIST,IE000BS9KP42,ETFS,12/03/2025,Ireland,USD,MAIN MARKET,,EUET,UEA2
JMAB,JPMORGAN ETFS (IRELAND) ICAV,JPM USD EM SOV BD UCITS ETF ACC,IE00BJ06C937,ETFS,10/12/2019,Ireland,GBP,MAIN MARKET,,EUET,UET3
JMBA,JPMORGAN ETFS (IRELAND) ICAV,JPM USD EM SOV BD UCITS ETF ACC,IE00BJ06C937,ETFS,10/12/2019,Ireland,USD,MAIN MARKET,,EUE2,UE2C
JMBP,JPMORGAN ETFS (IRELAND) ICAV,JPM USD EM SOV BD UCITS ETF GBP HEDGED,IE00BJLTWS02,ETFS,10/12/2019,Ireland,GBP,MAIN MARKET,,EUET,UET3
JMRE,JPMORGAN ETFS (IRELAND) ICAV,JPM GLOBAL EM REI UCITS ETF USD ACC,IE00BF4G6Z54,ETFS,13/12/2018,Ireland,GBX,MAIN MARKET,,EUET,UEA2
JPAG,JPMORGAN ETFS (IRELAND) ICAV,JPM ALL COUNTRY REI PA UCITS ETF USD ACC,IE0002VU15G5,ETFS,12/06/2026,Ireland,GBX,MAIN MARKET,,EUE2,UEA4
JPAS,JPMORGAN ETFS (IRELAND) ICAV,JPM USD ULT SHORT INC UCITS ETF USD ACC,IE00BG8BCY43,ETFS,10/04/2019,Ireland,GBP,MAIN MARKET,,EUET,UEA2
JPAW,JPMORGAN ETFS (IRELAND) ICAV,JPM ALL COUNTRY REI PA UCITS ETF USD ACC,IE0002VU15G5,ETFS,12/06/2026,Ireland,USD,MAIN MARKET,,EUET,UEA2
JPBM,JPMORGAN ETFS (IRELAND) ICAV,JPM USD EM SOVEREIGN BOND UCITS ETF,IE00BDFC6G93,ETFS,22/02/2018,Ireland,GBP,MAIN MARKET,,EUET,UETY
JPCD,JPMORGAN ETFS (IRELAND) ICAV,JPM GLOBAL CTB EQ UCITS ETF USD DIS,IE000L91HR40,ETFS,17/09/2025,Ireland,USD,MAIN MARKET,,EUET,UET3
JPCT,JPMORGAN ETFS (IRELAND) ICAV,JPM CARBON TRANSITION GL EQ UCITS ETF,IE00BMDWYZ92,ETFS,11/11/2020,Ireland,USD,MAIN MARKET,,EUET,UET3
JPGL,JPMORGAN ETFS (IRELAND) ICAV,JPM GLOBAL EQUITY MULTIFACTOR UCITS ETF,IE00BJRCLL96,ETFS,16/07/2019,Ireland,USD,MAIN MARKET,,EUE2,UE2C
JPHY,JPMORGAN ETFS (IRELAND) ICAV,JPM USD HY ACTIVE UCITS ETF USD ACC,IE000LZI2UH4,ETFS,04/12/2024,Ireland,USD,MAIN MARKET,,EUET,UEA2
JPLG,JPMORGAN ETFS (IRELAND) ICAV,JPM GLOBAL EQUITY MULTIFACTOR UCITS ETF,IE00BJRCLL96,ETFS,16/07/2019,Ireland,GBX,MAIN MARKET,,EUET,UET3
JPMB,JPMORGAN ETFS (IRELAND) ICAV,JPM USD EM SOVEREIGN BOND UCITS ETF,IE00BDFC6G93,ETFS,22/02/2018,Ireland,USD,MAIN MARKET,,EUE2,UE2K
JPSA,JPMORGAN ETFS (IRELAND) ICAV,JPM USD ULT SHORT INC UCITS ETF USD ACC,IE00BG8BCY43,ETFS,10/04/2019,Ireland,USD,MAIN MARKET,,EUE2,UEA4
JPST,JPMORGAN ETFS (IRELAND) ICAV,JPM USD ULT SHORT INC UCITS ETF USD DIS,IE00BDFC6Q91,ETFS,22/02/2018,Ireland,USD,MAIN MARKET,,EUE2,UEA4
JPTC,JPMORGAN ETFS (IRELAND) ICAV,JPM CARBON TRANSITION GL EQ UCITS ETF,IE00BMDWYZ92,ETFS,11/11/2020,Ireland,GBX,MAIN MARKET,,EUE2,UE2C
JPTS,JPMORGAN ETFS (IRELAND) ICAV,JPM USD ULT SHORT INC UCITS ETF USD DIS,IE00BDFC6Q91,ETFS,22/02/2018,Ireland,GBP,MAIN MARKET,,EUET,UEA2
JPUY,JPMORGAN ETFS (IRELAND) ICAV,JPM USD HY ACTIVE UCITS ETF USD DIST,IE000R88UVN6,ETFS,28/01/2025,Ireland,GBP,MAIN MARKET,,EUE2,UEA4
JPYG,JPMORGAN ETFS (IRELAND) ICAV,JPM USD HY ACT UCITS ETF USD ACC GBP HDG,IE000CF2JI38,ETFS,04/12/2024,Ireland,GBP,MAIN MARKET,,EUET,UEA2
JPYH,JPMORGAN ETFS (IRELAND) ICAV,JPM USD HY ACTIVE UCITS ETF USD ACC,IE000LZI2UH4,ETFS,04/12/2024,Ireland,GBP,MAIN MARKET,,EUE2,UEA4
JPYP,JPMORGAN ETFS (IRELAND) ICAV,JPM USD HIGH YIELD BD UCITS ETF GBPH DIS,IE0002WLH200,ETFS,25/03/2025,Ireland,GBP,MAIN MARKET,,EUET,UEA2
JPYU,JPMORGAN ETFS (IRELAND) ICAV,JPM USD HY ACTIVE UCITS ETF USD DIST,IE000R88UVN6,ETFS,04/12/2024,Ireland,USD,MAIN MARKET,,EUET,UEA2
JR15,JPMORGAN ETFS (IRELAND) ICAV,JPM EUR 1-5Y IG CORP UCITS ETF EUR ACC,IE00BF59RW70,ETFS,13/12/2018,Ireland,EUR,MAIN MARKET,,EUE2,UEA4
JRAE,JPMORGAN ETFS (IRELAND) ICAV,JPM AC ASIA EX JP REI UCITS ETF USD ACC,IE00BMDV7354,ETFS,21/02/2022,Ireland,GBX,MAIN MARKET,,EUET,UEA2
JRAW,JPMORGAN ETFS (IRELAND) ICAV,JPM ACWI REI EQ UCITS ETF ACC,IE000A7N3IV0,ETFS,17/12/2024,Ireland,USD,MAIN MARKET,,EUET,UEA2
JRBE,JPMORGAN ETFS (IRELAND) ICAV,JPM EUR IG CORP UCITS ETF EUR ACC,IE00BF59RX87,ETFS,13/12/2018,Ireland,GBP,MAIN MARKET,,EUET,UEA2
JRBU,JPMORGAN ETFS (IRELAND) ICAV,JPM USD IG CORP UCITS ETF USD ACC,IE00BF59RV63,ETFS,13/12/2018,Ireland,GBP,MAIN MARKET,,EUET,UEA2
JRCD,JPMORGAN ETFS (IRELAND) ICAV,JPM CHINA A REI UCITS ETF USD DIS,IE000DS9ZCL4,ETFS,21/02/2022,Ireland,GBX,MAIN MARKET,,EUET,UEA2
JRCE,JPMORGAN ETFS (IRELAND) ICAV,JPM CHINA A REI UCITS ETF USD ACC,IE00BMDV7578,ETFS,21/02/2022,Ireland,GBX,MAIN MARKET,,EUET,UEA2
JRDC,JPMORGAN ETFS (IRELAND) ICAV,JPM CHINA A REI UCITS ETF USD DIS,IE000DS9ZCL4,ETFS,21/02/2022,Ireland,USD,MAIN MARKET,,EUE2,UEA4
JRDE,JPMORGAN ETFS (IRELAND) ICAV,JPM EUROPE REI UCITS ETF EUR DIS,IE000WGK3YY5,ETFS,22/09/2021,Ireland,GBX,MAIN MARKET,,EUE2,UE2C
JRDG,JPMORGAN ETFS (IRELAND) ICAV,JPM GLOBAL REI UCITS ETF USD DIS,IE000HFXP0D2,ETFS,22/09/2021,Ireland,GBX,MAIN MARKET,,EUE2,UE2C
JRDM,JPMORGAN ETFS (IRELAND) ICAV,JPM GLOBAL EM REI UCITS ETF USD DIS,IE000Y4K4833,ETFS,22/09/2021,Ireland,GBX,MAIN MARKET,,EUE2,UE2C
JRDU,JPMORGAN ETFS (IRELAND) ICAV,JPM US REI UCITS ETF USD DIS,IE00BJ06C044,ETFS,07/08/2023,Ireland,GBX,MAIN MARKET,,EUE2,UEA4
JRDZ,JPMORGAN ETFS (IRELAND) ICAV,JPM EUROZONE REI UCITS ETF EUR DIS,IE000783LRG9,ETFS,04/05/2022,Ireland,GBX,MAIN MARKET,,EUE2,UEA4
JREA,JPMORGAN ETFS (IRELAND) ICAV,JPM AC ASIA EX JP REI UCITS ETF USD ACC,IE00BMDV7354,ETFS,21/02/2022,Ireland,USD,MAIN MARKET,,EUE2,UEA4
JREC,JPMORGAN ETFS (IRELAND) ICAV,JPM CHINA A REI UCITS ETF USD ACC,IE00BMDV7578,ETFS,21/02/2022,Ireland,USD,MAIN MARKET,,EUE2,UEA4
JRED,JPMORGAN ETFS (IRELAND) ICAV,JPM EUROPE REI UCITS ETF EUR DIS,IE000WGK3YY5,ETFS,22/09/2021,Ireland,EUR,MAIN MARKET,,EUET,UET3
JREE,JPMORGAN ETFS (IRELAND) ICAV,JPM EUROPE REI UCITS ETF EUR ACC,IE00BF4G7183,ETFS,16/10/2018,Ireland,EUR,MAIN MARKET,,EUE2,UEA4
JREG,JPMORGAN ETFS (IRELAND) ICAV,JPM GLOBAL REI UCITS ETF USD ACC,IE00BF4G6Y48,ETFS,16/10/2018,Ireland,USD,MAIN MARKET,,EUE2,UEA4
JREI,JPMORGAN ETFS (IRELAND) ICAV,JPM JAPAN REI UCITS ETF USD DIS,IE00005YSIA4,ETFS,05/04/2022,Ireland,USD,MAIN MARKET,,EUET,UEA2
JREJ,JPMORGAN ETFS (IRELAND) ICAV,JPM JAPAN REI UCITS ETF USD ACC,IE00BP2NF958,ETFS,05/04/2022,Ireland,USD,MAIN MARKET,,EUET,UEA2
JREM,JPMORGAN ETFS (IRELAND) ICAV,JPM GLOBAL EM REI UCITS ETF USD ACC,IE00BF4G6Z54,ETFS,13/12/2018,Ireland,USD,MAIN MARKET,,EUE2,UEA4
JREU,JPMORGAN ETFS (IRELAND) ICAV,JPM US REI UCITS ETF USD ACC,IE00BF4G7076,ETFS,16/10/2018,Ireland,USD,MAIN MARKET,,EUE2,UEA4
JREX,JPMORGAN ETFS (IRELAND) ICAV,JPM AC ASIA EX JP REI UCITS ETF USD DIS,IE000P334X90,ETFS,21/02/2022,Ireland,USD,MAIN MARKET,,EUE2,UEA4
JREZ,JPMORGAN ETFS (IRELAND) ICAV,JPM EUROZONE REI UCITS ETF EUR ACC,IE00004PGEY9,ETFS,04/05/2022,Ireland,EUR,MAIN MARKET,,EUET,UEA2
JRGD,JPMORGAN ETFS (IRELAND) ICAV,JPM GLOBAL REI UCITS ETF USD DIS,IE000HFXP0D2,ETFS,22/09/2021,Ireland,USD,MAIN MARKET,,EUET,UET3
JRGP,JPMORGAN ETFS (IRELAND) ICAV,JPM GLOBAL REI UCITS ETF GBPH DIST,IE0005S7BIT0,ETFS,25/03/2025,Ireland,GBP,MAIN MARKET,,EUET,UEA2
JRID,JPMORGAN ETFS (IRELAND) ICAV,JPM INDIA REI UCITS ETF USD DIS,IE000XE6ELZ8,ETFS,05/08/2025,Ireland,USD,MAIN MARKET,,EUET,UEA2
JRIE,JPMORGAN ETFS (IRELAND) ICAV,JPM JAPAN REI UCITS ETF USD DIS,IE00005YSIA4,ETFS,05/04/2022,Ireland,GBX,MAIN MARKET,,EUE2,UEA4
JRIN,JPMORGAN ETFS (IRELAND) ICAV,JPM INDIA REI UCITS ETF USD ACC,IE000ZAJ6XQ2,ETFS,05/08/2025,Ireland,USD,MAIN MARKET,,EUET,UEA2
JRJE,JPMORGAN ETFS (IRELAND) ICAV,JPM JAPAN REI UCITS ETF USD ACC,IE00BP2NF958,ETFS,05/04/2022,Ireland,GBX,MAIN MARKET,,EUE2,UEA4
JRJU,JPMORGAN ETFS (IRELAND) ICAV,JPM JAPAN REI UCITS ETF USDH ACC,IE000UN8JEG0,ETFS,22/07/2026,Ireland,USD,MAIN MARKET,,EUET,UEA2
JRMD,JPMORGAN ETFS (IRELAND) ICAV,JPM GLOBAL EM REI UCITS ETF USD DIS,IE000Y4K4833,ETFS,22/09/2021,Ireland,USD,MAIN MARKET,,EUET,UET3
JRNI,JPMORGAN ETFS (IRELAND) ICAV,JPM INDIA REI UCITS ETF USD ACC,IE000ZAJ6XQ2,ETFS,05/08/2025,Ireland,GBX,MAIN MARKET,,EUE2,UEA4
JRPU,JPMORGAN ETFS (IRELAND) ICAV,JPM USD IG CORP UCITS ETF GBPH DIS,IE000C3S79I0,ETFS,25/03/2025,Ireland,GBP,MAIN MARKET,,EUET,UEA2
JRUB,JPMORGAN ETFS (IRELAND) ICAV,JPM USD IG CORP UCITS ETF USD ACC,IE00BF59RV63,ETFS,13/12/2018,Ireland,USD,MAIN MARKET,,EUE2,UEA4
JRUD,JPMORGAN ETFS (IRELAND) ICAV,JPM US REI UCITS ETF USD DIS,IE00BJ06C044,ETFS,22/09/2021,Ireland,USD,MAIN MARKET,,EUET,UEA2
JRUP,JPMORGAN ETFS (IRELAND) ICAV,JPM USD IG CORP UCITS ETF GBPH ACC,IE00BN7JCJ33,ETFS,27/01/2022,Ireland,GBP,MAIN MARKET,,EUET,UEA2
JRUW,JPMORGAN ETFS (IRELAND) ICAV,JPM ACWI REI EQ UCITS ETF DIST,IE000JLILKH0,ETFS,17/12/2024,Ireland,GBX,MAIN MARKET,,EUE2,UEA4
JRWU,JPMORGAN ETFS (IRELAND) ICAV,JPM ACWI REI EQ UCITS ETF DIST,IE000JLILKH0,ETFS,17/12/2024,Ireland,USD,MAIN MARKET,,EUET,UEA2
JRXE,JPMORGAN ETFS (IRELAND) ICAV,JPM AC ASIA EX JP REI UCITS ETF USD DIS,IE000P334X90,ETFS,21/02/2022,Ireland,GBX,MAIN MARKET,,EUET,UEA2
JRZD,JPMORGAN ETFS (IRELAND) ICAV,JPM EUROZONE REI UCITS ETF EUR DIS,IE000783LRG9,ETFS,04/05/2022,Ireland,EUR,MAIN MARKET,,EUET,UEA2
JRZE,JPMORGAN ETFS (IRELAND) ICAV,JPM EUROZONE REI UCITS ETF EUR ACC,IE00004PGEY9,ETFS,04/05/2022,Ireland,GBX,MAIN MARKET,,EUE2,UEA4
JSED,JPMORGAN ETFS (IRELAND) ICAV,JPM EUR REI EQ SRI PAB UCITS ETF DIST,IE000QOLLXO2,ETFS,17/12/2024,Ireland,EUR,MAIN MARKET,,EUET,UEA2
JSEE,JPMORGAN ETFS (IRELAND) ICAV,JPM EUR REI EQ SRI PAB UCITS ETF ACC,IE0003UN5CT1,ETFS,17/12/2024,Ireland,EUR,MAIN MARKET,,EUET,UEA2
JSEG,JPMORGAN ETFS (IRELAND) ICAV,JPM GLOBAL REI SRI PA UCITS ETF USD ACC,IE000BXC49I6,ETFS,17/08/2023,Ireland,USD,MAIN MARKET,,EUET,UEA2
JSEM,JPMORGAN ETFS (IRELAND) ICAV,JPM EM REI EQ SRI PAB UCITS ETF ACC,IE000ANHU3J3,ETFS,12/03/2025,Ireland,USD,MAIN MARKET,,EUET,UEA2
JSET,JPMORGAN ETFS (IRELAND) ICAV,JPM EUR ULT SHORT INC UCITS ETF EUR ACC,IE00BD9MMF62,ETFS,12/06/2018,Ireland,GBP,MAIN MARKET,,EUET,UEA2
JSEU,JPMORGAN ETFS (IRELAND) ICAV,JPM US REI SRI PA UCITS ETF USD ACC,IE00069JGT58,ETFS,17/08/2023,Ireland,USD,MAIN MARKET,,EUET,UEA2
JSGD,JPMORGAN ETFS (IRELAND) ICAV,JPM GLOBAL REI SRI PA UCITS ETF USD DIS,IE000FYTRRJ6,ETFS,17/08/2023,Ireland,USD,MAIN MARKET,,EUET,UEA2
JSGE,JPMORGAN ETFS (IRELAND) ICAV,JPM GLOBAL REI SRI PA UCITS ETF USD ACC,IE000BXC49I6,ETFS,17/08/2023,Ireland,GBX,MAIN MARKET,,EUE2,UEA4
JSMD,JPMORGAN ETFS (IRELAND) ICAV,JPM EM REI EQ SRI PAB UCITS ETF DIST,IE000CYGD0V1,ETFS,12/03/2025,Ireland,USD,MAIN MARKET,,EUET,UEA2
JSME,JPMORGAN ETFS (IRELAND) ICAV,JPM EM REI EQ SRI PAB UCITS ETF ACC,IE000ANHU3J3,ETFS,12/03/2025,Ireland,GBX,MAIN MARKET,,EUE2,UEA4
JSUD,JPMORGAN ETFS (IRELAND) ICAV,JPM US REI SRI PA UCITS ETF USD DIST,IE0002UMVXQ1,ETFS,17/08/2023,Ireland,USD,MAIN MARKET,,EUET,UEA2
JSUE,JPMORGAN ETFS (IRELAND) ICAV,JPM US REI SRI PA UCITS ETF USD ACC,IE00069JGT58,ETFS,17/08/2023,Ireland,GBX,MAIN MARKET,,EUE2,UEA4
JSUG,JPMORGAN ETFS (IRELAND) ICAV,JPM US REI SRI PA UCITS ETF GBPH DIST,IE000EY5U730,ETFS,19/02/2026,Ireland,GBX,MAIN MARKET,,EUET,UEA2
JU13,JPMORGAN ETFS (IRELAND) ICAV,BETABUILDERS US TSRY BD 1-3YR UCITS ETF,IE00BD9MMD49,ETFS,12/06/2018,Ireland,USD,MAIN MARKET,,EUE2,UE2K
JUDS,JPMORGAN ETFS (IRELAND) ICAV,JPM US EQUITY ACTIVE UCITS ETF DIST,IE0007ILCZU4,ETFS,25/01/2024,Ireland,GBX,MAIN MARKET,,EUE2,UEA4
JUEG,JPMORGAN ETFS (IRELAND) ICAV,JPM EUR GOV BOND ACTIVE UCITS ETF ACC,IE000JUREXG2,ETFS,28/01/2025,Ireland,GBP,MAIN MARKET,,EUE2,UEA4
JUES,JPMORGAN ETFS (IRELAND) ICAV,JPM US EQUITY ACTIVE UCITS ETF ACC,IE000RSCXLM4,ETFS,25/01/2024,Ireland,GBX,MAIN MARKET,,EUE2,UEA4
JUHG,JPMORGAN ETFS (IRELAND) ICAV,JPM US REI UCITS ETF GBPH DIS,IE0003FI3HY1,ETFS,28/01/2026,Ireland,GBX,MAIN MARKET,,EUET,UEA2
JUIG,JPMORGAN ETFS (IRELAND) ICAV,JPM GLB IG CORP BD AC UCITS ETF USDH ACC,IE000Y2AQPY9,ETFS,28/05/2025,Ireland,USD,MAIN MARKET,,EUET,UEA2
JUKC,JPMORGAN ETFS (IRELAND) ICAV,JPM UK EQUITY CORE UCITS ETF GBP ACC,IE0009YQE5W1,ETFS,21/06/2022,Ireland,GBX,MAIN MARKET,,EUET,UEA2
JUKE,JPMORGAN ETFS (IRELAND) ICAV,JPM UK EQUITY CORE UCITS ETF GBP DIS,IE000TZT3JJ0,ETFS,21/06/2022,Ireland,GBX,MAIN MARKET,,EUET,UEA2
JURE,JPMORGAN ETFS (IRELAND) ICAV,JPM US REI UCITS ETF USD ACC,IE00BF4G7076,ETFS,16/10/2018,Ireland,GBX,MAIN MARKET,,EUET,UEA2
JUSD,JPMORGAN ETFS (IRELAND) ICAV,JPM US EQUITY ACTIVE UCITS ETF DIST,IE0007ILCZU4,ETFS,25/01/2024,Ireland,USD,MAIN MARKET,,EUET,UEA2
JUSE,JPMORGAN ETFS (IRELAND) ICAV,JPM US EQUITY ACTIVE UCITS ETF ACC,IE000RSCXLM4,ETFS,25/01/2024,Ireland,USD,MAIN MARKET,,EUET,UEA2
JXSU,JPMORGAN ETFS (IRELAND) ICAV,JPM GLOBAL EX US REI UCITS ETF USD ACC,IE0006FBEDB6,ETFS,23/06/2026,Ireland,GBX,MAIN MARKET,,EUE2,UEA4
JXUD,JPMORGAN ETFS (IRELAND) ICAV,JPM GLOBAL EX US REI UCITS ETF USD DIS,IE000QC2YB58,ETFS,23/06/2026,Ireland,USD,MAIN MARKET,,EUET,UEA2
JXUS,JPMORGAN ETFS (IRELAND) ICAV,JPM GLOBAL EX US REI UCITS ETF USD ACC,IE0006FBEDB6,ETFS,23/06/2026,Ireland,USD,MAIN MARKET,,EUET,UEA2
T3MD,JPMORGAN ETFS (IRELAND) ICAV,JPM CLIMATE CHANGE SOL UCITS ETF USD DIS,IE000V4JSM06,ETFS,17/09/2025,Ireland,USD,MAIN MARKET,,EUET,UEA2
T3MP,JPMORGAN ETFS (IRELAND) ICAV,JPM CLIMATE CHANGE SOL UCITS ETF USD ACC,IE000O8S1EX4,ETFS,21/06/2022,Ireland,USD,MAIN MARKET,,EUET,UEA2
T3PM,JPMORGAN ETFS (IRELAND) ICAV,JPM CLIMATE CHANGE SOL UCITS ETF USD ACC,IE000O8S1EX4,ETFS,21/06/2022,Ireland,GBX,MAIN MARKET,,EUE2,UEA4
CHIN,KRANESHARES ICAV,ICBCUBS S&P CHINA 500 UCITS ETF CLASS US,IE0001QF56M0,ETFS,16/10/2023,Ireland,USD,MAIN MARKET,,EUET,UET7
CHIP,KRANESHARES ICAV,ICBCUBS S&P CHINA 500 UCITS ETF CLASS US,IE0001QF56M0,ETFS,16/10/2023,Ireland,GBP,MAIN MARKET,,EUE2,UE2G
KOIB,KRANESHARES ICAV,KRANESHARES GLOBAL HUMANOID ROBOTICS,IE000O6Z73N7,ETFS,09/10/2025,Ireland,GBP,MAIN MARKET,,EUE2,UE2K
KOID,KRANESHARES ICAV,KRANESHARES GLOBAL HUMANOID ROBOTICS,IE000O6Z73N7,ETFS,09/10/2025,Ireland,USD,MAIN MARKET,,EUET,UETY
KSTP,KRANESHARES ICAV,KRANESHARES ICBCUBS CHINA TECHNOLOGY,IE00BKPJY434,ETFS,17/05/2023,Ireland,GBP,MAIN MARKET,,EUE2,UE2K
KSTR,KRANESHARES ICAV,KRANESHARES ICBCUBS CHINA TECHNOLOGY,IE00BKPJY434,ETFS,26/05/2021,Ireland,USD,MAIN MARKET,,ETFS,ETEL
KWBE,KRANESHARES ICAV,CSI CHINA INTERNET UCITS ETF EUR,IE00BFXR7900,ETFS,01/10/2020,Ireland,EUR,MAIN MARKET,,EUET,UETY
KWBH,KRANESHARES ICAV,KRANESHARES CSI CHINA INTERNET UCITS ETF,IE000CD5SH30,ETFS,29/04/2026,Ireland,GBP,MAIN MARKET,,EUET,UETY
KWBI,KRANESHARES ICAV,KRANESHARES CSI CHINA INTERNET UCITS ETF,IE0009ZB3ZX2,ETFS,09/02/2026,Ireland,USD,MAIN MARKET,,EUET,UETY
KWBP,KRANESHARES ICAV,CSI CHINA INTERNET UCITS ETF GBP,IE00BMW13836,ETFS,01/10/2020,Ireland,GBP,MAIN MARKET,,EUET,UETY
KWEB,KRANESHARES ICAV,CSI CHINA INTERNET UCITS ETF USD,IE00BFXR7892,ETFS,20/11/2018,Ireland,USD,MAIN MARKET,,EUET,UETY
KWEH,KRANESHARES ICAV,KRANESHARES CSI CHINA INTERNET UCITS ETF,IE000K3YPA16,ETFS,29/04/2026,Ireland,EUR,MAIN MARKET,,EUET,UETY
AIAG,LEGAL & GENERAL UCITS ETF PUBLIC LIMITED COMPANY,LG ARTIFICIAL INTELLIGENCE ETF,IE00BK5BCD43,ETFS,02/07/2019,Ireland,GBX,MAIN MARKET,Open-ended investment companies,EUE2,UE2A
AIAI,LEGAL & GENERAL UCITS ETF PUBLIC LIMITED COMPANY,LG ARTIFICIAL INTELLIGENCE ETF,IE00BK5BCD43,ETFS,02/07/2019,Ireland,USD,MAIN MARKET,Open-ended investment companies,EUET,UET1
ASPY,LEGAL & GENERAL UCITS ETF PUBLIC LIMITED COMPANY,L&G CYBER SECURITY INNOVATION UCITS ETF,IE000ST40PX8,ETFS,07/09/2022,Ireland,GBX,MAIN MARKET,Open-ended investment companies,EUE2,UE2A
AUCO,LEGAL & GENERAL UCITS ETF PUBLIC LIMITED COMPANY,L&G GOLD MINING UCITS ETF,IE00B3CNHG25,ETFS,06/11/2008,Ireland,USD,MAIN MARKET,Open-ended investment companies,EUET,UET5
AUCP,LEGAL & GENERAL UCITS ETF PUBLIC LIMITED COMPANY,L&G GOLD MINING UCITS ETF,IE00B3CNHG25,ETFS,06/11/2008,Ireland,GBX,MAIN MARKET,Open-ended investment companies,EUE2,UE2E
BATG,LEGAL & GENERAL UCITS ETF PUBLIC LIMITED COMPANY,L&G BATTERY VALUE-CHAIN GO UCITS ETF,IE00BF0M2Z96,ETFS,23/01/2018,Ireland,GBX,MAIN MARKET,Open-ended investment companies,EUE2,UE2A
BATT,LEGAL & GENERAL UCITS ETF PUBLIC LIMITED COMPANY,L&G BATTERY VALUE-CHAIN GO UCITS ETF,IE00BF0M2Z96,ETFS,23/01/2018,Ireland,USD,MAIN MARKET,Open-ended investment companies,EUET,UET1
BCOG,LEGAL & GENERAL UCITS ETF PUBLIC LIMITED COMPANY,L&G ALL COMMODITIES GO UCITS ETF,IE00BF0BCP69,ETFS,11/07/2017,Ireland,GBX,MAIN MARKET,Open-ended investment companies,EUE2,UE2A
BCOM,LEGAL & GENERAL UCITS ETF PUBLIC LIMITED COMPANY,L&G ALL COMMODITIES GO UCITS ETF,IE00BF0BCP69,ETFS,11/07/2017,Ireland,USD,MAIN MARKET,Open-ended investment companies,EUET,UET1
BIGT,LEGAL & GENERAL UCITS ETF PUBLIC LIMITED COMPANY,L&G PHARMA BREAKTHROUGH GO UCITS ETF,IE00BF0H7608,ETFS,23/01/2018,Ireland,GBX,MAIN MARKET,Open-ended investment companies,EUE2,UE2A
BIOT,LEGAL & GENERAL UCITS ETF PUBLIC LIMITED COMPANY,L&G PHARMA BREAKTHROUGH GO UCITS ETF,IE00BF0H7608,ETFS,23/01/2018,Ireland,USD,MAIN MARKET,Open-ended investment companies,EUET,UET1
CMFP,LEGAL & GENERAL UCITS ETF PUBLIC LIMITED COMPANY,L&G LONGER DATED ALL COMMODITIES,IE00B4WPHX27,ETFS,18/03/2010,Ireland,GBX,MAIN MARKET,Open-ended investment companies,EUE2,UE2E
CMNG,LEGAL & GENERAL UCITS ETF PUBLIC LIMITED COMPANY,L&G MARKET NEUTRAL COMMODITIES USD ACC,IE000IIHLZL0,ETFS,15/01/2026,Ireland,GBX,MAIN MARKET,Open-ended investment companies,EUE2,UE2A
COMF,LEGAL & GENERAL UCITS ETF PUBLIC LIMITED COMPANY,L&G LONGER DATED ALL COMMODITIES,IE00B4WPHX27,ETFS,18/03/2010,Ireland,USD,MAIN MARKET,Open-ended investment companies,EUET,UET5
COMN,LEGAL & GENERAL UCITS ETF PUBLIC LIMITED COMPANY,L&G MARKET NEUTRAL COMMODITIES USD ACC,IE000IIHLZL0,ETFS,15/01/2026,Ireland,USD,MAIN MARKET,Open-ended investment companies,EUET,UET1
DEL2,LEGAL & GENERAL UCITS ETF PUBLIC LIMITED COMPANY,L&G DAX DAILY 2X LONG GO UCITS ETF,IE00B4QNHH68,ETFS,22/06/2009,Ireland,EUR,MAIN MARKET,Open-ended investment companies,EUET,UET5
DES2,LEGAL & GENERAL UCITS ETF PUBLIC LIMITED COMPANY,L&G DAX DAILY 2X SHORT GO UCITS ETF,IE00B4QNHZ41,ETFS,22/06/2009,Ireland,EUR,MAIN MARKET,Open-ended investment companies,EUET,UET5
DL2P,LEGAL & GENERAL UCITS ETF PUBLIC LIMITED COMPANY,L&G DAX DAILY 2X LONG GO UCITS ETF,IE00B4QNHH68,ETFS,22/06/2009,Ireland,GBX,MAIN MARKET,Open-ended investment companies,EUE2,UE2E
DOCG,LEGAL & GENERAL UCITS ETF PUBLIC LIMITED COMPANY,L&G HEALTHCARE TECH & INNOVATION USD ACC,IE00BK5BC677,ETFS,02/07/2019,Ireland,GBX,MAIN MARKET,Open-ended investment companies,EUE2,UE2A
DOCT,LEGAL & GENERAL UCITS ETF PUBLIC LIMITED COMPANY,L&G HEALTHCARE TECH & INNOVATION USD ACC,IE00BK5BC677,ETFS,02/07/2019,Ireland,USD,MAIN MARKET,Open-ended investment companies,EUET,UET1
DPAG,LEGAL & GENERAL UCITS ETF PUBLIC LIMITED COMPANY,L&G DIGITAL PAYMENTS UCITS ETF,IE00BF92J153,ETFS,27/05/2021,Ireland,GBX,MAIN MARKET,Open-ended investment companies,EUE2,UE2A
DPAY,LEGAL & GENERAL UCITS ETF PUBLIC LIMITED COMPANY,L&G DIGITAL PAYMENTS UCITS ETF,IE00BF92J153,ETFS,27/05/2021,Ireland,USD,MAIN MARKET,Open-ended investment companies,EUET,UET1
DRGG,LEGAL & GENERAL UCITS ETF PUBLIC LIMITED COMPANY,L&G CHINA CNY BOND UCITS ETF,IE00BLRPQL76,ETFS,09/12/2020,Ireland,GBX,MAIN MARKET,Open-ended investment companies,EUE2,UE2A
DRGN,LEGAL & GENERAL UCITS ETF PUBLIC LIMITED COMPANY,L&G CHINA CNY BOND UCITS ETF,IE00BLRPQL76,ETFS,09/12/2020,Ireland,USD,MAIN MARKET,Open-ended investment companies,EUET,UET1
DS2P,LEGAL & GENERAL UCITS ETF PUBLIC LIMITED COMPANY,L&G DAX DAILY 2X SHORT GO UCITS ETF,IE00B4QNHZ41,ETFS,22/06/2009,Ireland,GBX,MAIN MARKET,Open-ended investment companies,EUE2,UE2E
ECGD,LEGAL & GENERAL UCITS ETF PUBLIC LIMITED COMPANY,L&G MULTISTRAT ENH CMDTS GBP HGD DIS,IE0004O92CM1,ETFS,16/08/2024,Ireland,GBX,MAIN MARKET,Open-ended investment companies,EUET,UET1
ECGH,LEGAL & GENERAL UCITS ETF PUBLIC LIMITED COMPANY,L&G MULTISTRAT ENHANCED COMMOD GBP HDGD,IE00011CA799,ETFS,22/06/2023,Ireland,GBX,MAIN MARKET,Open-ended investment companies,EUET,UET1
ECOG,LEGAL & GENERAL UCITS ETF PUBLIC LIMITED COMPANY,L&G ECOMMERCE LOGISTICS GO UCITS ETF,IE00BF0M6N54,ETFS,23/01/2018,Ireland,GBX,MAIN MARKET,Open-ended investment companies,EUE2,UE2A
ECOM,LEGAL & GENERAL UCITS ETF PUBLIC LIMITED COMPANY,L&G ECOMMERCE LOGISTICS GO UCITS ETF,IE00BF0M6N54,ETFS,23/01/2018,Ireland,USD,MAIN MARKET,Open-ended investment companies,EUET,UET1
EMAG,LEGAL & GENERAL UCITS ETF PUBLIC LIMITED COMPANY,L&G EM CORP BOND USD SCRND ETF USD ACC,IE00BLCGR455,ETFS,03/06/2021,Ireland,GBX,MAIN MARKET,Open-ended investment companies,EUE2,UE2A
EMAU,LEGAL & GENERAL UCITS ETF PUBLIC LIMITED COMPANY,L&G EM CORP BOND USD SCRND ETF USD ACC,IE00BLCGR455,ETFS,03/06/2021,Ireland,USD,MAIN MARKET,Open-ended investment companies,EUET,UET1
EMD5,LEGAL & GENERAL UCITS ETF PUBLIC LIMITED COMPANY,LG EM GOV BOND USD 0-5 SCRND ETF $ DIS,IE00BLRPQP15,ETFS,09/12/2020,Ireland,USD,MAIN MARKET,Open-ended investment companies,EUET,UET1
EMDG,LEGAL & GENERAL UCITS ETF PUBLIC LIMITED COMPANY,LG EM GOV BOND USD 0-5 SCRND ETF $ DIS,IE00BLRPQP15,ETFS,09/12/2020,Ireland,GBX,MAIN MARKET,Open-ended investment companies,EUE2,UE2A
EMDH,LEGAL & GENERAL UCITS ETF PUBLIC LIMITED COMPANY,L&G EM CORP BND USD SCRND ETF GBP HDGDIS,IE000YPT5PG3,ETFS,15/12/2021,Ireland,GBX,MAIN MARKET,Open-ended investment companies,EUET,UET1
EMUG,LEGAL & GENERAL UCITS ETF PUBLIC LIMITED COMPANY,L&G EM CORP BOND USD SCRND ETF USD DIST,IE00BLRPRF81,ETFS,21/01/2021,Ireland,GBX,MAIN MARKET,Open-ended investment companies,EUE2,UEA3
EMUS,LEGAL & GENERAL UCITS ETF PUBLIC LIMITED COMPANY,L&G EM CORP BOND USD SCRND ETF USD DIST,IE00BLRPRF81,ETFS,21/01/2021,Ireland,USD,MAIN MARKET,Open-ended investment companies,EUET,UEA1
ENCD,LEGAL & GENERAL UCITS ETF PUBLIC LIMITED COMPANY,L&G MULTISTRAT ENH COMMODITIES - USD DIS,IE000IYBMW97,ETFS,28/03/2024,Ireland,USD,MAIN MARKET,Open-ended investment companies,EUET,UET1
ENCG,LEGAL & GENERAL UCITS ETF PUBLIC LIMITED COMPANY,L&G ENHANCED COMMODITIES UCITS ETF,IE00BFXR6159,ETFS,08/07/2021,Ireland,GBX,MAIN MARKET,Open-ended investment companies,EUE2,UE2A
ENCO,LEGAL & GENERAL UCITS ETF PUBLIC LIMITED COMPANY,L&G ENHANCED COMMODITIES UCITS ETF,IE00BFXR6159,ETFS,08/07/2021,Ireland,USD,MAIN MARKET,Open-ended investment companies,EUET,UET1
ENTR,LEGAL & GENERAL UCITS ETF PUBLIC LIMITED COMPANY,L&G NEW ENERGY CMDTS - USD ACC,IE000BLN64M9,ETFS,17/04/2024,Ireland,USD,MAIN MARKET,Open-ended investment companies,EUET,UET1
ESPY,LEGAL & GENERAL UCITS ETF PUBLIC LIMITED COMPANY,L&G CYBER SECURITY INNOVATION UCITS ETF,IE000ST40PX8,ETFS,07/09/2022,Ireland,USD,MAIN MARKET,Open-ended investment companies,EUET,UET1
ETRA,LEGAL & GENERAL UCITS ETF PUBLIC LIMITED COMPANY,L&G NEW ENERGY CMDTS - USD ACC,IE000BLN64M9,ETFS,17/04/2024,Ireland,GBX,MAIN MARKET,Open-ended investment companies,EUE2,UE2A
GBP5,LEGAL & GENERAL UCITS ETF PUBLIC LIMITED COMPANY,LG GBP CORP BOND 0-5YR SCRND ETF GBP DIS,IE00BLRPQN90,ETFS,09/12/2020,Ireland,GBX,MAIN MARKET,Open-ended investment companies,EUET,UET1
GBPC,LEGAL & GENERAL UCITS ETF PUBLIC LIMITED COMPANY,L&G GBP CORP BOND SCRND ETF GBP DIST,IE00BLRPQM83,ETFS,09/12/2020,Ireland,GBX,MAIN MARKET,Open-ended investment companies,EUET,UET1
GDAG,LEGAL & GENERAL UCITS ETF PUBLIC LIMITED COMPANY,L&G GLOBAL QUALITY DIVIDENDS USD ACC,IE000MRIQ479,ETFS,15/01/2026,Ireland,GBX,MAIN MARKET,Open-ended investment companies,EUE2,UE2A
GEDE,LEGAL & GENERAL UCITS ETF PUBLIC LIMITED COMPANY,L&G WTW GLOBAL EQUITY DIVERSFD EUR H ACC,IE000JMMZAP4,ETFS,10/07/2026,Ireland,EUR,MAIN MARKET,Open-ended investment companies,EUET,UET1
GEDG,LEGAL & GENERAL UCITS ETF PUBLIC LIMITED COMPANY,L&G WTW GLOBAL EQUITY DIVERSFD USD ACC,IE000GUIUCJ1,ETFS,10/07/2026,Ireland,GBX,MAIN MARKET,Closed-ended investment funds,EUE2,UE2A
GEDI,LEGAL & GENERAL UCITS ETF PUBLIC LIMITED COMPANY,L&G WTW GLOBAL EQUITY DIVERSFD USD ACC,IE000GUIUCJ1,ETFS,10/07/2026,Ireland,USD,MAIN MARKET,Closed-ended investment funds,EUET,UET1
GERD,LEGAL & GENERAL UCITS ETF PUBLIC LIMITED COMPANY,L&G GK MULTIFACTOR USD ACC,IE0001UQQ933,ETFS,17/04/2026,Ireland,USD,MAIN MARKET,Open-ended investment companies,EUET,UET1
GLGG,LEGAL & GENERAL UCITS ETF PUBLIC LIMITED COMPANY,LG CLEAN WATER ETF,IE00BK5BC891,ETFS,02/07/2019,Ireland,GBX,MAIN MARKET,Open-ended investment companies,EUE2,UE2A
GLUG,LEGAL & GENERAL UCITS ETF PUBLIC LIMITED COMPANY,LG CLEAN WATER ETF,IE00BK5BC891,ETFS,02/07/2019,Ireland,USD,MAIN MARKET,Open-ended investment companies,EUET,UET1
HTWG,LEGAL & GENERAL UCITS ETF PUBLIC LIMITED COMPANY,L&G HYDROGEN ECONOMY ETF,IE00BMYDM794,ETFS,10/02/2021,Ireland,GBX,MAIN MARKET,Open-ended investment companies,EUE2,UE2A
HTWO,LEGAL & GENERAL UCITS ETF PUBLIC LIMITED COMPANY,L&G HYDROGEN ECONOMY ETF,IE00BMYDM794,ETFS,10/02/2021,Ireland,USD,MAIN MARKET,Open-ended investment companies,EUET,UET1
ISPY,LEGAL & GENERAL UCITS ETF PUBLIC LIMITED COMPANY,L&G ISE CYBER SECURITY GO UCITS ETF,IE00BYPLS672,ETFS,28/09/2015,Ireland,GBX,MAIN MARKET,Open-ended investment companies,EUE2,UE2A
LAB2,LEGAL & GENERAL UCITS ETF PUBLIC LIMITED COMPANY,L&G GLOBAL BRANDS UCITS ETF USD ACC,IE0007HKA9K1,ETFS,27/09/2023,Ireland,GBX,MAIN MARKET,Open-ended investment companies,EUE2,UE2A
LABL,LEGAL & GENERAL UCITS ETF PUBLIC LIMITED COMPANY,L&G GLOBAL BRANDS UCITS ETF USD ACC,IE0007HKA9K1,ETFS,27/09/2023,Ireland,USD,MAIN MARKET,Open-ended investment companies,EUET,UET1
LDAG,LEGAL & GENERAL UCITS ETF PUBLIC LIMITED COMPANY,L&G APAC EX-JPN QLTY DIV EQ WEIGHT $ DIS,IE00BMYDMB35,ETFS,15/04/2021,Ireland,GBX,MAIN MARKET,Open-ended investment companies,EUE2,UE2A
LDAP,LEGAL & GENERAL UCITS ETF PUBLIC LIMITED COMPANY,L&G APAC EX-JPN QLTY DIV EQ WEIGHT $ DIS,IE00BMYDMB35,ETFS,15/04/2021,Ireland,USD,MAIN MARKET,Open-ended investment companies,EUET,UET1
LDEG,LEGAL & GENERAL UCITS ETF PUBLIC LIMITED COMPANY,L&G EUR X-UK QUAL DIV EQ WEIGHT EUR DIST,IE00BMYDM919,ETFS,15/04/2021,Ireland,GBX,MAIN MARKET,Open-ended investment companies,EUE2,UE2A
LDEM,LEGAL & GENERAL UCITS ETF PUBLIC LIMITED COMPANY,L&G EM QUALITY DIV EQ WEIGHT USD DIST,IE00BMYDMC42,ETFS,15/07/2021,Ireland,USD,MAIN MARKET,Open-ended investment companies,EUET,UET1
LDEU,LEGAL & GENERAL UCITS ETF PUBLIC LIMITED COMPANY,L&G EUR X-UK QUAL DIV EQ WEIGHT EUR DIST,IE00BMYDM919,ETFS,15/04/2021,Ireland,EUR,MAIN MARKET,Open-ended investment companies,EUET,UET1
LDGA,LEGAL & GENERAL UCITS ETF PUBLIC LIMITED COMPANY,L&G GLOBAL QUALITY DIVIDENDS USD ACC,IE000MRIQ479,ETFS,15/01/2026,Ireland,USD,MAIN MARKET,Open-ended investment companies,EUET,UET1
LDGG,LEGAL & GENERAL UCITS ETF PUBLIC LIMITED COMPANY,L&G GLOBAL QUALITY DIVIDENDS USD DIST,IE0005AJA0P1,ETFS,15/01/2026,Ireland,GBX,MAIN MARKET,Open-ended investment companies,EUE2,UE2A
LDGL,LEGAL & GENERAL UCITS ETF PUBLIC LIMITED COMPANY,L&G GLOBAL QUALITY DIVIDENDS USD DIST,IE0005AJA0P1,ETFS,15/01/2026,Ireland,USD,MAIN MARKET,Open-ended investment companies,EUET,UET1
LDME,LEGAL & GENERAL UCITS ETF PUBLIC LIMITED COMPANY,L&G EM QUALITY DIV EQ WEIGHT USD DIST,IE00BMYDMC42,ETFS,15/07/2021,Ireland,GBX,MAIN MARKET,Open-ended investment companies,EUE2,UE2A
LDUK,LEGAL & GENERAL UCITS ETF PUBLIC LIMITED COMPANY,L&G UK QUALITY DIV EQ WEIGHT GBP DIST,IE00BMYDM802,ETFS,15/04/2021,Ireland,GBX,MAIN MARKET,Open-ended investment companies,EUET,UET1
LGAG,LEGAL & GENERAL UCITS ETF PUBLIC LIMITED COMPANY,L&G ASIA PACIFIC EX JAPAN EQ UCITS ETF,IE00BFXR5W90,ETFS,13/11/2018,Ireland,GBX,MAIN MARKET,Open-ended investment companies,EUE2,UE2A
LGAP,LEGAL & GENERAL UCITS ETF PUBLIC LIMITED COMPANY,L&G ASIA PACIFIC EX JAPAN EQ UCITS ETF,IE00BFXR5W90,ETFS,13/11/2018,Ireland,USD,MAIN MARKET,Open-ended investment companies,EUET,UET1
LGEG,LEGAL & GENERAL UCITS ETF PUBLIC LIMITED COMPANY,L&G EUROPE EX UK EQUITY UCITS ETF,IE00BFXR5V83,ETFS,13/11/2018,Ireland,GBX,MAIN MARKET,Open-ended investment companies,EUE2,UE2A
LGEU,LEGAL & GENERAL UCITS ETF PUBLIC LIMITED COMPANY,L&G EUROPE EX UK EQUITY UCITS ETF,IE00BFXR5V83,ETFS,13/11/2018,Ireland,EUR,MAIN MARKET,Open-ended investment companies,EUET,UET1
LGGG,LEGAL & GENERAL UCITS ETF PUBLIC LIMITED COMPANY,L&G GLOBAL EQUITY UCITS ETF,IE00BFXR5S54,ETFS,13/11/2018,Ireland,GBX,MAIN MARKET,Open-ended investment companies,EUE2,UE2A
LGGL,LEGAL & GENERAL UCITS ETF PUBLIC LIMITED COMPANY,L&G GLOBAL EQUITY UCITS ETF,IE00BFXR5S54,ETFS,13/11/2018,Ireland,USD,MAIN MARKET,Open-ended investment companies,EUET,UET1
LGJG,LEGAL & GENERAL UCITS ETF PUBLIC LIMITED COMPANY,L&G JAPAN EQUITY UCITS ETF,IE00BFXR5T61,ETFS,13/11/2018,Ireland,GBX,MAIN MARKET,Open-ended investment companies,EUE2,UE2A
LGJP,LEGAL & GENERAL UCITS ETF PUBLIC LIMITED COMPANY,L&G JAPAN EQUITY UCITS ETF,IE00BFXR5T61,ETFS,13/11/2018,Ireland,USD,MAIN MARKET,Open-ended investment companies,EUET,UET1
LGUG,LEGAL & GENERAL UCITS ETF PUBLIC LIMITED COMPANY,L&G US EQUITY UCITS ETF,IE00BFXR5Q31,ETFS,13/11/2018,Ireland,GBX,MAIN MARKET,Open-ended investment companies,EUE2,UE2A
LGUK,LEGAL & GENERAL UCITS ETF PUBLIC LIMITED COMPANY,L&G UK EQUITY UCITS ETF,IE00BFXR5R48,ETFS,13/11/2018,Ireland,GBX,MAIN MARKET,Open-ended investment companies,EUET,UET1
LGUS,LEGAL & GENERAL UCITS ETF PUBLIC LIMITED COMPANY,L&G US EQUITY UCITS ETF,IE00BFXR5Q31,ETFS,13/11/2018,Ireland,USD,MAIN MARKET,Open-ended investment companies,EUET,UET1
LUK2,LEGAL & GENERAL UCITS ETF PUBLIC LIMITED COMPANY,L&G FTSE 100 LEVERAGED (DAILY 2X),IE00B4QNJJ23,ETFS,22/06/2009,Ireland,GBX,MAIN MARKET,Open-ended investment companies,EUET,UET5
MIDG,LEGAL & GENERAL UCITS ETF PUBLIC LIMITED COMPANY,L&G MSCI WORLD MID CAP USD ACC,IE000DPO6LM8,ETFS,23/01/2026,Ireland,GBX,MAIN MARKET,Open-ended investment companies,EUE2,UE2A
MIDS,LEGAL & GENERAL UCITS ETF PUBLIC LIMITED COMPANY,L&G MSCI WORLD MID CAP USD ACC,IE000DPO6LM8,ETFS,23/01/2026,Ireland,USD,MAIN MARKET,Open-ended investment companies,EUET,UET1
MTVG,LEGAL & GENERAL UCITS ETF PUBLIC LIMITED COMPANY,L&G METAVERSE ETF USD ACC,IE0004U3TX15,ETFS,07/09/2022,Ireland,GBX,MAIN MARKET,Open-ended investment companies,EUE2,UE2A
MTVR,LEGAL & GENERAL UCITS ETF PUBLIC LIMITED COMPANY,L&G METAVERSE ETF USD ACC,IE0004U3TX15,ETFS,07/09/2022,Ireland,USD,MAIN MARKET,Open-ended investment companies,EUET,UET1
REAG,LEGAL & GENERAL UCITS ETF PUBLIC LIMITED COMPANY,L&G EM EQUITY UCITS ETF USD ACC,IE000CBYU7J5,ETFS,01/11/2023,Ireland,EUR,MAIN MARKET,Open-ended investment companies,EUE3,UE3A
RENG,LEGAL & GENERAL UCITS ETF PUBLIC LIMITED COMPANY,L&G CLEAN ENERGY ETF,IE00BK5BCH80,ETFS,11/11/2020,Ireland,GBX,MAIN MARKET,Open-ended investment companies,EUE2,UE2A
RENW,LEGAL & GENERAL UCITS ETF PUBLIC LIMITED COMPANY,L&G CLEAN ENERGY ETF,IE00BK5BCH80,ETFS,11/11/2020,Ireland,USD,MAIN MARKET,Open-ended investment companies,EUET,UET1
RIAG,LEGAL & GENERAL UCITS ETF PUBLIC LIMITED COMPANY,L&G ASIA PACIFIC EX JAPAN PAB,IE000Z9UVQ99,ETFS,26/10/2022,Ireland,GBX,MAIN MARKET,Open-ended investment companies,EUE2,UE2A
RIAP,LEGAL & GENERAL UCITS ETF PUBLIC LIMITED COMPANY,L&G ASIA PACIFIC EX JAPAN PAB,IE000Z9UVQ99,ETFS,26/10/2022,Ireland,USD,MAIN MARKET,Open-ended investment companies,EUET,UET1
RIEE,LEGAL & GENERAL UCITS ETF PUBLIC LIMITED COMPANY,L&G EM EQUITY UCITS ETF USD ACC,IE000CBYU7J5,ETFS,01/11/2023,Ireland,GBX,MAIN MARKET,Open-ended investment companies,EUE2,UE2A
RIEG,LEGAL & GENERAL UCITS ETF PUBLIC LIMITED COMPANY,LG MSCI EUROPE SELECT UCITS ETF,IE00BKLTRN76,ETFS,17/09/2019,Ireland,GBX,MAIN MARKET,Open-ended investment companies,EUE2,UE2A
RIEM,LEGAL & GENERAL UCITS ETF PUBLIC LIMITED COMPANY,L&G EM EQUITY UCITS ETF USD ACC,IE000CBYU7J5,ETFS,01/11/2023,Ireland,USD,MAIN MARKET,Open-ended investment companies,EUET,UET1
RIEU,LEGAL & GENERAL UCITS ETF PUBLIC LIMITED COMPANY,LG MSCI EUROPE SELECT UCITS ETF,IE00BKLTRN76,ETFS,17/09/2019,Ireland,EUR,MAIN MARKET,Open-ended investment companies,EUET,UET1
RIUG,LEGAL & GENERAL UCITS ETF PUBLIC LIMITED COMPANY,LG US ESG PARIS ALIGNED UCITS ETF ACC,IE00BKLWY790,ETFS,10/12/2019,Ireland,GBX,MAIN MARKET,Open-ended investment companies,EUE2,UE2A
RIUS,LEGAL & GENERAL UCITS ETF PUBLIC LIMITED COMPANY,LG US ESG PARIS ALIGNED UCITS ETF,IE00BKLWY790,ETFS,10/12/2019,Ireland,USD,MAIN MARKET,Open-ended investment companies,EUET,UET1
ROBE,LEGAL & GENERAL UCITS ETF PUBLIC LIMITED COMPANY,ROBO GLOBAL ROB&AUTO GO UCITS ETF (EUR),IE00BMW3QX54,ETFS,27/10/2014,Ireland,EUR,MAIN MARKET,Open-ended investment companies,EUE3,UE3A
ROBG,LEGAL & GENERAL UCITS ETF PUBLIC LIMITED COMPANY,ROBO GLOBAL ROB&AUTO GO UCITS ETF (GBP),IE00BMW3QX54,ETFS,27/10/2014,Ireland,GBX,MAIN MARKET,Open-ended investment companies,EUE2,UE2A
ROBO,LEGAL & GENERAL UCITS ETF PUBLIC LIMITED COMPANY,ROBO GLOBAL ROB&AUTO GO UCITS ETF (USD),IE00BMW3QX54,ETFS,27/10/2014,Ireland,USD,MAIN MARKET,Open-ended investment companies,EUET,UET1
RTWO,LEGAL & GENERAL UCITS ETF PUBLIC LIMITED COMPANY,L&G RUSSELL 2000 SM CAP QUALITY,IE00B3CNHJ55,ETFS,06/11/2008,Ireland,USD,MAIN MARKET,Open-ended investment companies,EUET,UET5
RTWP,LEGAL & GENERAL UCITS ETF PUBLIC LIMITED COMPANY,L&G RUSSELL 2000 SM CAP QUALITY,IE00B3CNHJ55,ETFS,06/11/2008,Ireland,GBX,MAIN MARKET,Open-ended investment companies,EUE2,UE2E
SP1,LEGAL & GENERAL UCITS ETF PUBLIC LIMITED COMPANY,L&G S&P 100 USD ACC,IE000MU0FDZ8,ETFS,18/09/2025,Ireland,USD,MAIN MARKET,Open-ended investment companies,EUET,UET1
SP1E,LEGAL & GENERAL UCITS ETF PUBLIC LIMITED COMPANY,L&G S&P 100 EQUAL WEIGHT USD ACC,IE000YELA4E3,ETFS,17/07/2025,Ireland,USD,MAIN MARKET,Open-ended investment companies,EUET,UET1
SP1G,LEGAL & GENERAL UCITS ETF PUBLIC LIMITED COMPANY,L&G S&P 100 USD ACC,IE000MU0FDZ8,ETFS,18/09/2025,Ireland,GBX,MAIN MARKET,Open-ended investment companies,EUE2,UE2A
SPEG,LEGAL & GENERAL UCITS ETF PUBLIC LIMITED COMPANY,L&G S&P 100 EQUAL WEIGHT USD ACC,IE000YELA4E3,ETFS,17/07/2025,Ireland,GBX,MAIN MARKET,Open-ended investment companies,EUE2,UE2A
SUK2,LEGAL & GENERAL UCITS ETF PUBLIC LIMITED COMPANY,L&G FTSE 100 SUPER SHORT STRATEGY,IE00B4QNK008,ETFS,22/06/2009,Ireland,GBX,MAIN MARKET,Open-ended investment companies,EUET,UET5
TIGG,LEGAL & GENERAL UCITS ETF PUBLIC LIMITED COMPANY,L&G INDIA INR GOVERNMENT BOND UCITS ETF,IE00BL6K6H97,ETFS,28/10/2021,Ireland,GBX,MAIN MARKET,Open-ended investment companies,EUE2,UE2A
TIGR,LEGAL & GENERAL UCITS ETF PUBLIC LIMITED COMPANY,L&G INDIA INR GOVERNMENT BOND UCITS ETF,IE00BL6K6H97,ETFS,28/10/2021,Ireland,USD,MAIN MARKET,Open-ended investment companies,EUET,UET1
UKG5,LEGAL & GENERAL UCITS ETF PUBLIC LIMITED COMPANY,LG UK GILT 0-5 YEARS ETF,IE00BLRPQK69,ETFS,09/12/2020,Ireland,GBX,MAIN MARKET,Open-ended investment companies,EUET,UET1
USDC,LEGAL & GENERAL UCITS ETF PUBLIC LIMITED COMPANY,L&G USD CORP BOND SCRND ETF USD DIST,IE00BLRPRD67,ETFS,21/01/2021,Ireland,USD,MAIN MARKET,Open-ended investment companies,EUET,UEA1
USDG,LEGAL & GENERAL UCITS ETF PUBLIC LIMITED COMPANY,L&G USD CORP BOND SCRND ETF USD DIST,IE00BLRPRD67,ETFS,21/01/2021,Ireland,GBX,MAIN MARKET,Open-ended investment companies,EUE2,UEA3
USPY,LEGAL & GENERAL UCITS ETF PUBLIC LIMITED COMPANY,L&G ISE CYBER SECURITY GO UCITS ETF,IE00BYPLS672,ETFS,28/09/2015,Ireland,USD,MAIN MARKET,Open-ended investment companies,EUET,UET1
XAGZ,LEGAL & GENERAL UCITS ETF PUBLIC LIMITED COMPANY,L&G MULTISTRAT ENH CMDTS EX-AG - USD ACC,IE000MQ5XEW1,ETFS,25/04/2024,Ireland,USD,MAIN MARKET,Open-ended investment companies,EUET,UET1
XBNG,LEGAL & GENERAL UCITS ETF PUBLIC LIMITED COMPANY,L&G CB EX-BNKS HIGHERRTGS 0-2Y USD ACC,IE000CWS09Q9,ETFS,17/10/2024,Ireland,GBX,MAIN MARKET,Open-ended investment companies,EUE2,UE2A
XBNK,LEGAL & GENERAL UCITS ETF PUBLIC LIMITED COMPANY,L&G CB EX-BNKS HIGHERRTGS 0-2Y USD ACC,IE000CWS09Q9,ETFS,17/10/2024,Ireland,USD,MAIN MARKET,Open-ended investment companies,EUET,UET1
CACX,LYXOR INTERNATIONAL ASSET MANAGEMENT,LYXOR CAC 40 - DIST,FR0007052782,ETFS,27/08/2014,France,GBX,MAIN MARKET,,ETFS,ETEU
DJEL,LYXOR INTERNATIONAL ASSET MANAGEMENT,LYXOR DOW JONES INDUSTRIAL AVG - DIST,FR0007056841,ETFS,15/11/2012,France,GBX,MAIN MARKET,,ETFS,ETEU
DJEU,LYXOR INTERNATIONAL ASSET MANAGEMENT,LYXOR DOW JONES INDUSTRIAL AVG - DIST $,FR0007056841,ETFS,12/09/2013,France,USD,MAIN MARKET,,ETF2,EFEU
GOLB,MARKET ACCESS,MARKET ACCESS NYSE ARCA GOLD BUGS ETF,LU0259322260,ETFS,16/04/2020,Luxembourg,GBP,MAIN MARKET,,ETFS,ETEN
M9SV,MARKET ACCESS,MA - STOXX CHINA A MIN VAR ETF - EUR C,LU1750178011,ETFS,06/08/2018,Luxembourg,GBP,MAIN MARKET,,ETFS,ETEU
RICI,MARKET ACCESS,MARKET ACCESS - RICI INDEX ETF,LU0249326488,ETFS,16/04/2020,Luxembourg,GBP,MAIN MARKET,,ETFS,ETEU
AAAM,M&G (IRELAND) ETF ICAV,M&G EUROPEAN AAA CLO UCITS ETF,IE000FMF9DG3,ETFS,03/06/2026,Ireland,USD,MAIN MARKET,,EUE2,UEA4
MAAA,M&G (IRELAND) ETF ICAV,M&G EUROPEAN AAA CLO UCITS ETF,IE000FMF9DG3,ETFS,03/06/2026,Ireland,GBP,MAIN MARKET,,EUET,UEA2
MGAA,M&G (IRELAND) ETF ICAV,M&G EUROPEAN AAA CLO UCITS ETF,IE000F215NJ2,ETFS,03/06/2026,Ireland,GBP,MAIN MARKET,,EUET,UEA2
MGIL,M&G (IRELAND) ETF ICAV,M&G UK GILTS ACTIVE UCITS ETF,IE000PTM74B6,ETFS,09/12/2025,Ireland,GBP,MAIN MARKET,,EUET,UEA2
MGMS,M&G (IRELAND) ETF ICAV,M&G GLOBAL MAXIMA EQUITY UCITS ETF,IE000AEM1K78,ETFS,31/03/2026,Ireland,GBP,MAIN MARKET,,EUE2,UEA4
MGMX,M&G (IRELAND) ETF ICAV,M&G GLOBAL MAXIMA EQUITY UCITS ETF,IE000AEM1K78,ETFS,31/03/2026,Ireland,USD,MAIN MARKET,,EUET,UEA2
MNGA,M&G (IRELAND) ETF ICAV,M&G EUROPEAN AAA CLO UCITS ETF,IE000F215NJ2,ETFS,03/06/2026,Ireland,USD,MAIN MARKET,,EUE2,UEA4
MUKL,M&G (IRELAND) ETF ICAV,M&G UK INDEX-LINK GILTS ACTIVE UCITS ETF,IE000KEV0H41,ETFS,09/12/2025,Ireland,GBP,MAIN MARKET,,EUET,UEA2
MUSA,M&G (IRELAND) ETF ICAV,M&G US TREASURY BOND ACTIVE UCITS ETF,IE0000DO92H7,ETFS,12/12/2025,Ireland,USD,MAIN MARKET,,EUE2,UEA4
MUSP,M&G (IRELAND) ETF ICAV,M&G US TREASURY BOND ACTIVE UCITS ETF G,IE0000DO92H7,ETFS,12/12/2025,Ireland,GBP,MAIN MARKET,,EUET,UEA2
MUSS,M&G (IRELAND) ETF ICAV,M&G US TREASURY BOND ACTIVE UCITS ETF GH,IE000YFPL0I4,ETFS,16/12/2025,Ireland,GBP,MAIN MARKET,,EUET,UEA2
CNAA,MULTI UNITS FRANCE,AMUNDI MSCI CHINA A UCITS ETF ACC,FR0011720911,ETFS,09/09/2014,France,USD,MAIN MARKET,,ETFS,ETEU
CNAL,MULTI UNITS FRANCE,AMUNDI MSCI CHINA A UCITS ETF ACC,FR0011720911,ETFS,09/09/2014,France,GBX,MAIN MARKET,,ETF2,EFEU
CS1,MULTI UNITS FRANCE,AMUNDI IBEX 35 UCITS ETF ACC,FR0010655746,ETFS,09/05/2011,France,GBX,MAIN MARKET,,ETFS,ETEU
CSHD,MULTI UNITS FRANCE,LYXOR EURO OVERNIGHT RETURN UCITS ETF,FR0010510800,ETFS,27/02/2015,France,USD,MAIN MARKET,,ETFS,ETEU
INRL,MULTI UNITS FRANCE,AMUNDI MSCI INDIA SWAP UCITS ETF USD ACC,FR0010375766,ETFS,15/11/2012,France,GBX,MAIN MARKET,,ETFS,ETEU
INRU,MULTI UNITS FRANCE,AMUNDI MSCI INDIA SWAP UCITS ETF USD ACC,FR0010375766,ETFS,15/11/2012,France,USD,MAIN MARKET,,ETF2,EFEU
JPNL,MULTI UNITS FRANCE,AMUNDI JAPAN TOPIX II UCITS ETF EUR DIST,FR0010245514,ETFS,15/11/2012,France,GBX,MAIN MARKET,,ETFS,ETEU
JPNU,MULTI UNITS FRANCE,AMUNDI JAPAN TOPIX II UCITS ETF EUR DIST,FR0010245514,ETFS,12/09/2013,France,USD,MAIN MARKET,,ETF2,EFEU
LEMD,MULTI UNITS FRANCE,AMUNDI MSCI EMERGING MARKETS SWAP II ETF,FR0010435297,ETFS,15/11/2012,France,USD,MAIN MARKET,,ETF2,EFEU
LEML,MULTI UNITS FRANCE,AMUNDI MSCI EMERGING MARKETS SWAP II ETF,FR0010435297,ETFS,15/11/2012,France,GBX,MAIN MARKET,,ETFS,ETEU
MEUG,MULTI UNITS FRANCE,AMUNDI MSCI EUROPE UCITS ETF ACC,FR0010261198,ETFS,24/04/2015,France,GBX,MAIN MARKET,,ETFS,ETEU
MIBX,MULTI UNITS FRANCE,LYXOR FTSE MIB UCITS ETF - DIST,FR0010010827,ETFS,27/08/2014,France,GBX,MAIN MARKET,,ETFS,ETEU
MSEU,MULTI UNITS FRANCE,AMUNDI EURO STOXX 50 II UCITS ETF,FR0012399806,ETFS,27/01/2015,France,USD,MAIN MARKET,,ETFS,ETEU
MSEX,MULTI UNITS FRANCE,AMUNDI EURO STOXX 50 II UCITS ETF,FR0012399772,ETFS,12/02/2015,France,GBX,MAIN MARKET,,ETFS,ETEU
NRJC,MULTI UNITS FRANCE,AMUNDI MSCI NEW ENERGY UCITS ETF ACC,FR0014002CG3,ETFS,17/06/2021,France,USD,MAIN MARKET,,ETFS,ETEU
NRJL,MULTI UNITS FRANCE,AMUNDI MSCI NEW ENERGY UCITS ETF DIST,FR0010524777,ETFS,28/10/2020,France,GBP,MAIN MARKET,,ETFS,ETEU
NRJU,MULTI UNITS FRANCE,AMUNDI MSCI NEW ENERGY UCITS ETF DIST,FR0010524777,ETFS,28/10/2020,France,USD,MAIN MARKET,,ETF2,EFEU
WATC,MULTI UNITS FRANCE,AMUNDI MSCI WATER UCITS ETF ACC,FR0014002CH1,ETFS,29/06/2021,France,USD,MAIN MARKET,,ETFS,ETEL
WATL,MULTI UNITS FRANCE,AMUNDI MSCI WATER UCITS ETF DIST,FR0010527275,ETFS,15/11/2012,France,GBX,MAIN MARKET,,ETFS,ETEU
WATU,MULTI UNITS FRANCE,AMUNDI MSCI WATER UCITS ETF DIST,FR0010527275,ETFS,28/10/2020,France,USD,MAIN MARKET,,ETF2,EFEU
WLDD,MULTI UNITS FRANCE,AMUNDI MSCI WORLD SWAP II UCITS ETF DIST,FR0010315770,ETFS,13/10/2017,France,USD,MAIN MARKET,,ETFS,ETEU
WLDL,MULTI UNITS FRANCE,AMUNDI MSCI WORLD SWAP II UCITS ETF DIST,FR0010315770,ETFS,13/10/2017,France,GBX,MAIN MARKET,,ETF2,EFEU
WLDU,MULTI UNITS FRANCE,AMUNDI MSCI WORLD SWAP II UCITS ETF USD,FR0011669845,ETFS,25/02/2014,France,USD,MAIN MARKET,,ETFS,ETEU
100D,MULTI UNITS LUXEMBOURG,AMUNDI CORE FTSE 100 SWAP UCITS ETF DIST,LU1650492256,ETFS,17/04/2019,France,GBX,MAIN MARKET,,ETFS,ETEU
100H,MULTI UNITS LUXEMBOURG,AMUNDI CORE FTSE 100 SWAP ETF USD HDG AC,LU1650492504,ETFS,10/11/2017,France,USD,MAIN MARKET,,ETFS,ETEL
ACWL,MULTI UNITS LUXEMBOURG,AMUNDI MSCI ALL COUNTRY WORLD UCITS ACC,LU1829220133,ETFS,09/11/2018,France,GBX,MAIN MARKET,,ETF2,EFEU
ACWU,MULTI UNITS LUXEMBOURG,AMUNDI MSCI ALL COUNTRY WORLD UCITS ACC,LU1829220133,ETFS,09/11/2018,France,USD,MAIN MARKET,,ETFS,ETEU
AEJ,MULTI UNITS LUXEMBOURG,AMUNDI MSCI AC ASIA PACIFIC EX JAPAN ACC,LU1900068328,ETFS,22/02/2019,France,USD,MAIN MARKET,,ETFS,ETEN
AEJL,MULTI UNITS LUXEMBOURG,AMUNDI MSCI AC ASIA PACIFIC EX JAPAN ACC,LU1900068328,ETFS,22/02/2019,France,GBX,MAIN MARKET,,ETF2,EFEN
APEX,MULTI UNITS LUXEMBOURG,AMUNDI MSCI AC ASIA EX JAPAN ACC,LU1900068161,ETFS,08/12/2020,France,USD,MAIN MARKET,,ETFS,ETEN
ASIL,MULTI UNITS LUXEMBOURG,AMUNDI MSCI CHINA ESG SELECTION EXTRA A,LU1900068914,ETFS,22/02/2019,France,GBX,MAIN MARKET,,ETFS,ETEN
ASIU,MULTI UNITS LUXEMBOURG,AMUNDI MSCI CHINA ESG SELECTION EXTRA A,LU1900068914,ETFS,22/02/2019,France,USD,MAIN MARKET,,ETF2,EFEN
BNKE,MULTI UNITS LUXEMBOURG,AMUNDI EURO STOXX BANKS UCITS ETF ACC,LU1829219390,ETFS,23/07/2019,France,GBP,MAIN MARKET,,ETFS,ETEU
CATP,MULTI UNITS LUXEMBOURG,AMUNDI MSCI WORLD CATHOLIC PRINCIPLES,LU2216829809,ETFS,25/04/2025,France,USD,MAIN MARKET,,ETFS,ETEU
CB5,MULTI UNITS LUXEMBOURG,AMUNDI STOXX EUROPE 600 BANKS ACC,LU1834983477,ETFS,05/06/2024,France,GBX,MAIN MARKET,,ETFS,ETEU
CH5,MULTI UNITS LUXEMBOURG,AMUNDI STOXX EUROPE 600 HEALTHCARE ACC,LU1834986900,ETFS,05/06/2024,France,GBX,MAIN MARKET,,ETFS,ETEU
CLIM,MULTI UNITS LUXEMBOURG,AMUNDI GLOBAL AGGREGATE GREEN BOND ACC,LU1563454310,ETFS,17/03/2017,France,GBP,MAIN MARKET,,ETFS,ETEL
CLMU,MULTI UNITS LUXEMBOURG,AMUNDI GLOBAL AGGREGATE GREEN BOND ACC,LU1563454310,ETFS,27/08/2019,France,USD,MAIN MARKET,,ETF2,EFEL
CRPX,MULTI UNITS LUXEMBOURG,AMUNDI EUR CORPORATE BOND CLIMATE PAB C,LU1829219127,ETFS,26/10/2018,France,GBX,MAIN MARKET,,ETFS,ETEL
CSH2,MULTI UNITS LUXEMBOURG,AMUNDI SMART OVERNIGHT RETURN GBP HEDGED,LU1230136894,ETFS,10/06/2015,France,GBX,MAIN MARKET,,ETFS,ETEU
DAXX,MULTI UNITS LUXEMBOURG,AMUNDI DAX II UCITS ETF ACC,LU0252633754,ETFS,27/08/2014,France,GBX,MAIN MARKET,,ETFS,ETEU
DIGE,MULTI UNITS LUXEMBOURG,AMUNDI MSCI DIGITAL ECONOMY UCITS ETF A,LU2023678878,ETFS,30/04/2020,France,USD,MAIN MARKET,,ETF2,EFEU
DTEC,MULTI UNITS LUXEMBOURG,AMUNDI GLOBAL MEMORY CHIPS UCITS ETF ACC,LU2023678282,ETFS,30/04/2020,France,GBP,MAIN MARKET,,ETFS,ETEU
E127,MULTI UNITS LUXEMBOURG,AMUNDI CORE EMERGING MARKETS SWAP ETF D,LU2573966905,ETFS,24/03/2023,France,GBP,MAIN MARKET,,ETFS,ETEN
EART,MULTI UNITS LUXEMBOURG,AMUNDI EURO GOVERNMENT GREEN BOND ACC,LU2356220926,ETFS,15/07/2021,France,GBP,MAIN MARKET,,ETFS,ETEL
EASD,MULTI UNITS LUXEMBOURG,AMUNDI MSCI EASTERN EUROPE EX RUSSIA DIS,LU2090063160,ETFS,28/04/2026,France,USD,MAIN MARKET,,ETFS,ETEU
EAST,MULTI UNITS LUXEMBOURG,AMUNDI MSCI EASTERN EUROPE EX RUSSIA ACC,LU1900066462,ETFS,28/04/2026,France,USD,MAIN MARKET,,ETFS,ETEU
EBUY,MULTI UNITS LUXEMBOURG,AMUNDI MSCI DIGITAL ECONOMY UCITS ETF A,LU2023678878,ETFS,30/04/2020,France,GBP,MAIN MARKET,,ETFS,ETEU
EDIV,MULTI UNITS LUXEMBOURG,AMUNDI S&P EUROZONE DIVIDEND ARISTOCRAT,LU0959210781,ETFS,31/08/2021,France,GBP,MAIN MARKET,,ETFS,ETEU
ELCR,MULTI UNITS LUXEMBOURG,AMUNDI MSCI SMART MOBILITY UCITS ETF,LU2023679090,ETFS,30/04/2020,France,GBP,MAIN MARKET,,ETFS,ETEU
ELLE,MULTI UNITS LUXEMBOURG,AMUNDI GLOBAL GENDER EQUALITY ACC,LU1691909508,ETFS,12/12/2017,France,USD,MAIN MARKET,,ETFS,ETEU
EMXC,MULTI UNITS LUXEMBOURG,AMUNDI MSCI EMERGING EX CHINA ETF ACC,LU2009202107,ETFS,10/07/2019,France,USD,MAIN MARKET,,ETFS,ETEU
EMXN,MULTI UNITS LUXEMBOURG,AMUNDI MSCI EM EX CHINA UCITS ETF ACC,LU2009202107,ETFS,19/11/2024,France,GBP,MAIN MARKET,,ETF2,EFEN
EPAB,MULTI UNITS LUXEMBOURG,AMUNDI S&P EUROZONE CLIMATE PAB A,LU2195226068,ETFS,17/12/2020,France,USD,MAIN MARKET,,ETFS,ETEU
EQSU,MULTI UNITS LUXEMBOURG,AMUNDI S&P 500 EQUAL-WEIGHT UCITS ETF,LU2991918421,ETFS,25/04/2025,France,GBP,MAIN MARKET,,ETFS,ETEU
ESGL,MULTI UNITS LUXEMBOURG,AMUNDI MSCI EUROPE ESG SELECTION ACC,LU1940199711,ETFS,12/11/2019,France,GBP,MAIN MARKET,,ETFS,ETEU
FEDF,MULTI UNITS LUXEMBOURG,AMUNDI FED FUNDS US DOLLAR CASH ACC,LU1233598447,ETFS,10/07/2015,France,USD,MAIN MARKET,,ETFS,ETEU
FEDG,MULTI UNITS LUXEMBOURG,AMUNDI FED FUNDS US DOLLAR CASH ACC,LU1233598447,ETFS,10/07/2015,France,GBX,MAIN MARKET,,ETF2,EFEU
FINW,MULTI UNITS LUXEMBOURG,AMUNDI MSCI WORLD FINANCIALS ETFUSD ACC,LU0533033071,ETFS,27/09/2010,France,USD,MAIN MARKET,Open-ended investment companies,ETFS,ETLL
GEND,MULTI UNITS LUXEMBOURG,AMUNDI GLOBAL GENDER EQUALITY ACC,LU1691909508,ETFS,14/02/2018,France,GBP,MAIN MARKET,,ETF2,EFEU
GENY,MULTI UNITS LUXEMBOURG,AMUNDI MSCI MILLENNIALS UCITS ETF ACC,LU2023678449,ETFS,30/04/2020,France,USD,MAIN MARKET,,ETF2,EFEU
GHYA,MULTI UNITS LUXEMBOURG,AMUNDI CORE EUR HIGH YIELD BOND GBP HEDG,LU3206575048,ETFS,13/01/2026,France,GBP,MAIN MARKET,,ETFS,ETEL
GIL5,MULTI UNITS LUXEMBOURG,AMUNDI UK GOVERNMENT BOND 0-5Y DIST,LU1439943090,ETFS,05/08/2016,France,GBP,MAIN MARKET,,ETFS,ETEL
GILH,MULTI UNITS LUXEMBOURG,AMUNDI CORE UK GOVERNMENT ETF USD H A,LU3019781460,ETFS,26/06/2025,France,USD,MAIN MARKET,,ETFS,ETEL
GILI,MULTI UNITS LUXEMBOURG,AMUNDI UK GOVERNMENT INFLATION-LINKED BO,LU1407893301,ETFS,14/10/2016,France,GBX,MAIN MARKET,,ETFS,ETEU
GILS,MULTI UNITS LUXEMBOURG,AMUNDI CORE UK GOVERNMENT BOND ETF DIST,LU1407892592,ETFS,14/10/2016,France,GBX,MAIN MARKET,,ETFS,ETEU
GISG,MULTI UNITS LUXEMBOURG,AMUNDI GLO GOV INFLINK BOND 1-10YGBP HDG,LU1910940425,ETFS,22/04/2021,France,GBP,MAIN MARKET,,ETFS,ETEL
GIST,MULTI UNITS LUXEMBOURG,AMUNDI GLOBAL GOV INF-LINK BOND 1-10Y,LU1910939849,ETFS,12/03/2019,France,USD,MAIN MARKET,,ETFS,ETEU
GOUD,MULTI UNITS LUXEMBOURG,AMUNDI GLOBAL GOVERNMENT BOND ETF DIST,LU2099288503,ETFS,30/06/2020,France,USD,MAIN MARKET,,ETF2,EFEL
GOVD,MULTI UNITS LUXEMBOURG,AMUNDI GLOBAL GOVERNMENT BOND ETF DIST,LU2099288503,ETFS,30/06/2020,France,GBP,MAIN MARKET,,ETFS,ETEL
HLTW,MULTI UNITS LUXEMBOURG,AMUNDI MSCI WORLD HEALTH CARE USD ACC,LU0533033311,ETFS,27/09/2010,France,USD,MAIN MARKET,Open-ended investment companies,ETFS,ETLL
INFB,MULTI UNITS LUXEMBOURG,AMUNDI US INFL EXP 10Y GBP HDGD DIST,LU2418815390,ETFS,23/12/2021,France,GBP,MAIN MARKET,,ETFS,ETEL
INFG,MULTI UNITS LUXEMBOURG,AMUNDI US INFLATION EXPECTATIONS 10Y ACC,LU1390062831,ETFS,17/05/2016,France,GBX,MAIN MARKET,,ETF2,EFEL
INFL,MULTI UNITS LUXEMBOURG,AMUNDI EURO INFLATION EXPECTATIONS 2-10Y,LU1390062245,ETFS,17/05/2016,France,GBX,MAIN MARKET,,ETFS,ETEL
INFU,MULTI UNITS LUXEMBOURG,AMUNDI US INFLATION EXPECTATIONS 10Y ACC,LU1390062831,ETFS,17/05/2016,France,USD,MAIN MARKET,,ETFS,ETEL
KLMG,MULTI UNITS LUXEMBOURG,AMUNDI GLBL AGG GREEN BOND GBP HDG,LU1563455630,ETFS,18/08/2020,France,GBP,MAIN MARKET,,ETFS,ETEU
KRW,MULTI UNITS LUXEMBOURG,AMUNDI MSCI KOREA UCITS ETF ACC,LU1900066975,ETFS,22/02/2019,France,USD,MAIN MARKET,,ETFS,ETEN
KRWL,MULTI UNITS LUXEMBOURG,AMUNDI MSCI KOREA UCITS ETF ACC,LU1900066975,ETFS,22/02/2019,France,GBX,MAIN MARKET,,ETF2,EFEN
L100,MULTI UNITS LUXEMBOURG,AMUNDI CORE FTSE 100 SWAP UCITS ETF ACC,LU1650492173,ETFS,10/11/2017,France,GBX,MAIN MARKET,,ETFS,ETEL
LAUU,MULTI UNITS LUXEMBOURG,AMUNDI AUSTRALIA S&P/ASX 200 UCITS DIST,LU0496786905,ETFS,19/03/2018,France,USD,MAIN MARKET,,ETFS,ETEU
LCCG,MULTI UNITS LUXEMBOURG,AMUNDI MSCI CHINA UCITS ETF ACC,LU1841731745,ETFS,19/11/2024,France,GBP,MAIN MARKET,,ETF2,EFEN
LCCN,MULTI UNITS LUXEMBOURG,AMUNDI MSCI CHINA UCITS ETF ACC,LU1841731745,ETFS,31/10/2018,France,USD,MAIN MARKET,,ETFS,ETEU
LCJD,MULTI UNITS LUXEMBOURG,AMUNDI CORE MSCI JAPAN UCITS ETF ACC,LU1781541252,ETFS,22/03/2018,France,USD,MAIN MARKET,,ETF2,EFEU
LCJG,MULTI UNITS LUXEMBOURG,AMUNDI CORE MSCI JAPAN ETF GBP H ACC,LU1781541682,ETFS,31/10/2018,France,GBP,MAIN MARKET,,ETFS,ETEU
LCJP,MULTI UNITS LUXEMBOURG,AMUNDI CORE MSCI JAPAN UCITS ETF ACC,LU1781541252,ETFS,22/03/2018,France,GBP,MAIN MARKET,,ETFS,ETEU
LCUK,MULTI UNITS LUXEMBOURG,AMUNDI UK EQUITY ALL CAP DIST,LU1781541096,ETFS,22/03/2018,France,GBP,MAIN MARKET,,ETFS,ETEU
LEMA,MULTI UNITS LUXEMBOURG,AMUNDI CORE EMERGING MARKETS SWAP ETF AC,LU2573967036,ETFS,24/03/2023,France,USD,MAIN MARKET,,ETFS,ETEN
LSPU,MULTI UNITS LUXEMBOURG,AMUNDI CORE S&P 500 SWAP ETF USD DIST,LU0496786657,ETFS,18/05/2010,France,USD,MAIN MARKET,Open-ended investment companies,ETFS,ETFL
LSPX,MULTI UNITS LUXEMBOURG,AMUNDI CORE S&P 500 SWAP ETF USD DIST,LU0496786657,ETFS,18/05/2010,France,GBX,MAIN MARKET,Open-ended investment companies,ETF2,EFL
MFEX,MULTI UNITS LUXEMBOURG,AMUNDI CORE MSCI EMU UCITS ETF DIST,LU1646360971,ETFS,25/07/2018,France,GBP,MAIN MARKET,,ETFS,ETEU
MILL,MULTI UNITS LUXEMBOURG,AMUNDI MSCI MILLENNIALS UCITS ETF ACC,LU2023678449,ETFS,30/04/2020,France,GBP,MAIN MARKET,,ETFS,ETEU
MOBI,MULTI UNITS LUXEMBOURG,AMUNDI MSCI SMART MOBILITY UCITS ETF,LU2023679090,ETFS,30/04/2020,France,USD,MAIN MARKET,,ETF2,EFEU
MTIX,MULTI UNITS LUXEMBOURG,AMUNDI EUR GOV INFLLINKED BOND UCITS ACC,LU1650491282,ETFS,24/11/2017,France,GBX,MAIN MARKET,,ETFS,ETEU
NASD,MULTI UNITS LUXEMBOURG,AMUNDI CORE NASDAQ-100 SWAP UCITS ETF AC,LU1829221024,ETFS,18/01/2019,France,USD,MAIN MARKET,,ETFS,ETEU
NASL,MULTI UNITS LUXEMBOURG,AMUNDI CORE NASDAQ-100 SWAP UCITS ETF AC,LU1829221024,ETFS,18/01/2019,France,GBX,MAIN MARKET,,ETF2,EFEU
PABG,MULTI UNITS LUXEMBOURG,AMUNDI S&P EUROZONE CLIMATE PAB A,LU2195226068,ETFS,28/01/2021,France,GBP,MAIN MARKET,,ETF2,EFEU
PAXG,MULTI UNITS LUXEMBOURG,AMUNDI MSCI PACIFIC EX JAPAN ETF DIST,LU1220245556,ETFS,21/05/2015,France,GBX,MAIN MARKET,,ETF2,EFEU
PAXJ,MULTI UNITS LUXEMBOURG,AMUNDI MSCI PACIFIC EX JAPAN ETF DIST,LU1220245556,ETFS,21/05/2015,France,USD,MAIN MARKET,,ETFS,ETEU
PLAN,MULTI UNITS LUXEMBOURG,AMUNDI CORPORATE PROCEEDS BOND ACC,LU2370241684,ETFS,14/09/2021,France,USD,MAIN MARKET,,ETFS,ETEL
RIOL,MULTI UNITS LUXEMBOURG,AMUNDI MSCI BRAZIL UCITS ETF ACC,LU1900066207,ETFS,15/03/2019,France,GBX,MAIN MARKET,,ETFS,ETEN
RIOU,MULTI UNITS LUXEMBOURG,AMUNDI MSCI BRAZIL UCITS ETF ACC,LU1900066207,ETFS,15/03/2019,France,USD,MAIN MARKET,,ETF2,EFEN
SEMG,MULTI UNITS LUXEMBOURG,AMUNDI MSCI SEMICONDUCTORS UCITS ETF ACC,LU1900066033,ETFS,22/02/2019,France,GBX,MAIN MARKET,,ETF2,EFEN
SEMU,MULTI UNITS LUXEMBOURG,AMUNDI MSCI SEMICONDUCTORS UCITS ETF ACC,LU1900066033,ETFS,22/02/2019,France,USD,MAIN MARKET,,ETFS,ETEN
SGQD,MULTI UNITS LUXEMBOURG,AMUNDI GLOBAL EQUITY QUALITY INCOME ACC,LU0855692520,ETFS,20/12/2012,France,USD,MAIN MARKET,,ETF2,EFEU
SGQL,MULTI UNITS LUXEMBOURG,AMUNDI GLOBAL EQUITY QUALITY INCOME ACC,LU0855692520,ETFS,20/12/2012,France,GBX,MAIN MARKET,,ETFS,ETEU
SGQX,MULTI UNITS LUXEMBOURG,AMUNDI GLOBAL EQUITY QUALITY INCOME GBPH,LU1040688639,ETFS,28/08/2015,France,GBX,MAIN MARKET,,ETFS,ETEU
SMTC,MULTI UNITS LUXEMBOURG,AMUNDI SMART OVERNIGHT RETURN USD HEDGED,LU1248511575,ETFS,24/07/2015,France,USD,MAIN MARKET,,ETFS,ETEA
SP5C,MULTI UNITS LUXEMBOURG,AMUNDI CORE S&P 500 SWAP UCITS ETF ACC,LU1135865084,ETFS,07/07/2017,France,USD,MAIN MARKET,,ETFS,ETEU
SP5G,MULTI UNITS LUXEMBOURG,AMUNDI CORE S&P 500 SWAP ETF GBP HDG D,LU1950341179,ETFS,22/02/2019,France,GBP,MAIN MARKET,,ETFS,ETEU
SP5L,MULTI UNITS LUXEMBOURG,AMUNDI CORE S&P 500 SWAP UCITS ETF ACC,LU1135865084,ETFS,07/07/2017,France,GBP,MAIN MARKET,,ETF2,EFEU
STPH,MULTI UNITS LUXEMBOURG,USCURVE STEEPENING 2-10 MTH HDGGBP - D,LU2018762901,ETFS,06/06/2023,France,GBP,MAIN MARKET,,ETFS,ETEL
STPU,MULTI UNITS LUXEMBOURG,AMUNDI US CURVE STEEPENING 2-10Y ACC,LU2018762653,ETFS,01/08/2019,France,USD,MAIN MARKET,,ETFS,ETEL
TIPA,MULTI UNITS LUXEMBOURG,AMUNDI US TIPS GOV INFLATION-LINKED BOND,LU1452600197,ETFS,14/11/2019,France,USD,MAIN MARKET,,ETFS,ETEL
TIPG,MULTI UNITS LUXEMBOURG,AMUNDI USTIPS GOVINFLATION-LINKED BOND D,LU1452600270,ETFS,18/08/2016,France,GBX,MAIN MARKET,,ETF2,EFEL
TIPH,MULTI UNITS LUXEMBOURG,AMUNDI US TIPS GOVERNMENT INFL GBP HDG,LU1452600601,ETFS,07/03/2017,France,GBP,MAIN MARKET,,ETFS,ETEL
TIPU,MULTI UNITS LUXEMBOURG,AMUNDI USTIPS GOVINFLATION-LINKED BOND D,LU1452600270,ETFS,18/08/2016,France,USD,MAIN MARKET,,ETFS,ETEL
TNOW,MULTI UNITS LUXEMBOURG,AMUNDI MSCI WRLD INFO TECH USD ACC,LU0533033741,ETFS,27/09/2010,France,USD,MAIN MARKET,Open-ended investment companies,ETFS,ETLL
TURU,MULTI UNITS LUXEMBOURG,AMUNDI MSCI TURKEY UCITS ETF ACC,LU1900067601,ETFS,15/03/2019,France,USD,MAIN MARKET,,ETFS,ETEN
U10C,MULTI UNITS LUXEMBOURG,AMUNDI US TREASURY BOND LONG DATED A,LU1407890547,ETFS,16/09/2021,France,USD,MAIN MARKET,,ETFS,ETEL
U10G,MULTI UNITS LUXEMBOURG,AMUNDI US TREASURY BOND LONG DATED D,LU1407890620,ETFS,26/10/2018,France,GBX,MAIN MARKET,,ETF2,EFEL
U127,MULTI UNITS LUXEMBOURG,AMUNDI CORE MSCI EMG MARKT SWAP ETF DIST,LU2573966905,ETFS,24/03/2023,France,USD,MAIN MARKET,,ETF2,EFEN
U13E,MULTI UNITS LUXEMBOURG,AMUNDI US T-BOND 1-3Y UCITS ETF GBP HDG,LU1407887675,ETFS,14/02/2023,France,GBP,MAIN MARKET,,ETFS,ETEL
U13G,MULTI UNITS LUXEMBOURG,AMUNDI US TREASURY BOND 1-3Y UCITS ETF,LU1407887162,ETFS,14/10/2016,France,GBX,MAIN MARKET,,ETF2,EFEU
U37G,MULTI UNITS LUXEMBOURG,AMUNDI US TREASURY BOND 3-7Y UCITS ETF,LU1407888996,ETFS,14/10/2016,France,GBX,MAIN MARKET,,ETF2,EFEL
U37H,MULTI UNITS LUXEMBOURG,AMUNDI US T-BOND 3-7Y UCITS ETF GBP HDG,LU1407889457,ETFS,22/11/2022,France,GBP,MAIN MARKET,,ETFS,ETEL
U71G,MULTI UNITS LUXEMBOURG,AMUNDI US TREASURY BOND 7-10Y UCITS ETF,LU1407888053,ETFS,27/06/2016,France,GBX,MAIN MARKET,,ETF2,EFEU
U71H,MULTI UNITS LUXEMBOURG,AMUNDI US T-BOND 7-10Y UCITS ETF EUR HDG,LU1407888483,ETFS,22/11/2022,France,GBP,MAIN MARKET,,ETFS,ETEL
UH10,MULTI UNITS LUXEMBOURG,AMUNDI US T-BOND LONG DATED GBP HDG,LU1407891271,ETFS,22/11/2022,France,GBP,MAIN MARKET,,ETFS,ETEL
UNIC,MULTI UNITS LUXEMBOURG,AMUNDI GLOBAL MEMORY CHIPS UCITS ETF ACC,LU2023678282,ETFS,30/04/2020,France,USD,MAIN MARKET,,ETF2,EFEU
US10,MULTI UNITS LUXEMBOURG,AMUNDI US TREASURY BOND LONG DATED D,LU1407890620,ETFS,26/10/2018,France,USD,MAIN MARKET,,ETFS,ETEL
US13,MULTI UNITS LUXEMBOURG,AMUNDI US TREASURY BOND 1-3Y UCITS ETF,LU1407887162,ETFS,14/10/2016,France,USD,MAIN MARKET,,ETFS,ETEU
US37,MULTI UNITS LUXEMBOURG,AMUNDI US TREASURY BOND 3-7Y UCITS ETF,LU1407888996,ETFS,14/10/2016,France,USD,MAIN MARKET,,ETFS,ETEL
US71,MULTI UNITS LUXEMBOURG,AMUNDI US TREASURY BOND 7-10Y UCITS ETF,LU1407888053,ETFS,27/06/2016,France,USD,MAIN MARKET,,ETFS,ETEU
XCO2,MULTI UNITS LUXEMBOURG,AMUNDI GLOBAL AGGREGATE PROCEEDS 1-10Y C,LU1981859819,ETFS,08/12/2020,France,GBP,MAIN MARKET,,ETFS,ETEU
XCOG,MULTI UNITS LUXEMBOURG,AMUNDI GLOBAL AGGREGATE PROCEEDS GBP H,LU1981860585,ETFS,26/05/2022,France,GBP,MAIN MARKET,,ETFS,ETEL
XCOU,MULTI UNITS LUXEMBOURG,AMUNDI GLOBAL AGGREGATE PROCEEDS USD H,LU1981860239,ETFS,26/05/2022,France,USD,MAIN MARKET,,ETFS,ETEL
BPDG,NORDEA ETF ICAV,NORDEA BETAPLUS GLOB DEV SUST EQ USD ACC,IE00060Z4AE1,ETFS,29/09/2025,Ireland,GBP,MAIN MARKET,,EUE2,UEA4
BPDU,NORDEA ETF ICAV,NORDEA BETAPLUS GLOB DEV SUST EQ USD ACC,IE00060Z4AE1,ETFS,29/09/2025,Ireland,USD,MAIN MARKET,,EUET,UEA2
BPGG,NORDEA ETF ICAV,NORDEA BETAPLUS GLOB SUST EQ USD ACC,IE000ASNLWH9,ETFS,29/09/2025,Ireland,GBP,MAIN MARKET,,EUE2,UEA4
BPGU,NORDEA ETF ICAV,NORDEA BETAPLUS GLOB SUST EQ USD ACC,IE000ASNLWH9,ETFS,29/09/2025,Ireland,USD,MAIN MARKET,,EUET,UEA2
5HED,OSSIAM IRL ICAV,OSSIAM ETF SHILLER ESG LC US SECTOR USD,IE00BF92LR56,ETFS,13/06/2018,Ireland,USD,MAIN MARKET,,EUET,UEA2
5HEP,OSSIAM IRL ICAV,OSSIAM ETF SHILLER ESG LC US SECTOR GBX,IE00BF92LR56,ETFS,13/06/2018,Ireland,GBX,MAIN MARKET,,EUE2,UEA4
5OGU,OSSIAM LUX,OSSIAM SB CAPE GLOBAL SECTOR VALUE - USD,LU2555926372,ETFS,16/02/2023,Luxembourg,USD,MAIN MARKET,,ETFS,ETEU
CAPE,OSSIAM LUX,OSSIAM ETF SHILLER BARCLAYS CAPE EU-EUR,LU1079842321,ETFS,16/02/2015,Luxembourg,EUR,MAIN MARKET,,ETFS,ETEU
CAPU,OSSIAM LUX,OSSIAM ETF SHILLER BARCLAYS CAPE US-GBP,LU1079841513,ETFS,21/07/2015,Luxembourg,GBX,MAIN MARKET,,ETF2,EFEU
EUMV,OSSIAM LUX,OSSIAM ISTOXX EURP MIN VAR NR ETF,LU0599612842,ETFS,12/07/2011,Luxembourg,EUR,MAIN MARKET,,ETFS,ETEA
L6EW,OSSIAM LUX,OSSIAM STOXX EUROPE 600 EW NR ETF (GBP),LU0599613147,ETFS,12/07/2011,Luxembourg,GBX,MAIN MARKET,,ETF2,EFEU
LCPE,OSSIAM LUX,OSSIAM ETF SHILLER BARCLAYS CAPE EU-GBP,LU1079842321,ETFS,16/02/2015,Luxembourg,GBX,MAIN MARKET,,ETF2,EFEU
LEMV,OSSIAM LUX,OSSIAM ISTOXX EURP MIN VAR NR ETF (GBP),LU0599612842,ETFS,12/07/2011,Luxembourg,GBX,MAIN MARKET,,ETF2,ETMU
S6EW,OSSIAM LUX,OSSIAM STOXX EUROPE 600 EW NR ETF,LU0599613147,ETFS,12/07/2011,Luxembourg,EUR,MAIN MARKET,,ETFS,ETEU
UCAP,OSSIAM LUX,OSSIAM ETF SHILLER BARCLAYS CAPE US-USD,LU1079841513,ETFS,21/07/2015,Luxembourg,USD,MAIN MARKET,,ETFS,ETEU
CALF,PACER ETFS ICAV,PACER US SMALL CAP CASH COWS UCITS ETF,IE000W7N50J7,ETFS,28/04/2025,Ireland,GBP,MAIN MARKET,,EUET,UET7
COWZ,PACER ETFS ICAV,PACER US CASH COWS 100 UCITS ETF,IE000IL7PZ05,ETFS,28/02/2025,Ireland,GBP,MAIN MARKET,,EUET,UET7
GCOW,PACER ETFS ICAV,PACER GLOBAL CASH COWS DIVIDEND UCITS ET,IE000E909O74,ETFS,28/02/2025,Ireland,GBP,MAIN MARKET,,EUET,UET7
ICOW,PACER ETFS ICAV,PACER DEV MKTS INTL CASH COWS 100 ETF,IE000UD0O069,ETFS,28/02/2025,Ireland,GBP,MAIN MARKET,,EUET,UET7
PCL0,PALMER SQUARE UCITS ICAV,PS EUR CLO SENIOR DEBT INDEX EUR ACC,IE000JTHNWF0,ETFS,16/09/2025,Ireland,EUR,MAIN MARKET,,EUET,UET3
PCLS,PALMER SQUARE UCITS ICAV,PS EUR CLO SENIOR DEBT INDEX EUR ACC,IE000JTHNWF0,ETFS,16/09/2025,Ireland,GBP,MAIN MARKET,,EUE2,UE2C
PDWD,PICTET ICAV,PICTET AI WORLD EQUITY ETF USD DIST,IE00043ZI3D8,ETFS,02/07/2026,Ireland,USD,MAIN MARKET,,EUET,UEA2
PDWX,PICTET ICAV,PICTET AI WORLD EX US EQ ETF USD DIST,IE000RYWBSX8,ETFS,02/07/2026,Ireland,USD,MAIN MARKET,,EUET,UEA2
PQUS,PICTET ICAV,PICTET AI US EQUITY ETF USD ACC,IE000DWHL026,ETFS,02/07/2026,Ireland,USD,MAIN MARKET,,EUET,UEA2
PQWD,PICTET ICAV,PICTET AI WORLD EQUITY ETF USD ACC,IE000JBZXFH0,ETFS,02/07/2026,Ireland,USD,MAIN MARKET,,EUET,UEA2
PQWP,PICTET ICAV,PICTET AI WORLD EQUITY ETF USD ACC - GBP,IE000JBZXFH0,ETFS,31/07/2026,Ireland,GBP,MAIN MARKET,,EUE2,UEA4
PQWX,PICTET ICAV,PICTET AI WORLD EX US EQ ETF USD ACC,IE000MS76E73,ETFS,02/07/2026,Ireland,USD,MAIN MARKET,,EUET,UEA2
EMLB,PIMCO ETFS PUBLIC LIMITED COMPANY,PIMCO ADV EM LOCAL BOND UCITS USD AC,IE00B4P11460,ETFS,22/09/2011,Ireland,USD,MAIN MARKET,,EUET,UET7
EMLI,PIMCO ETFS PUBLIC LIMITED COMPANY,PIMCO ADV EM LOCAL BOND UCITS USD IN,IE00BH3X8336,ETFS,27/01/2014,Ireland,USD,MAIN MARKET,,EUET,UET7
EMLP,PIMCO ETFS PUBLIC LIMITED COMPANY,PIMCO ADV EM LOCAL BOND UCITS GBP AC,IE00B4P11460,ETFS,01/10/2013,Ireland,GBP,MAIN MARKET,,EUE2,UE2G
GOVI,PIMCO ETFS PUBLIC LIMITED COMPANY,PIMCO ADV GLB GOVT BOND USD ACC,IE000Y2B34V0,ETFS,17/12/2025,Ireland,USD,MAIN MARKET,,EUET,UEA2
GOVS,PIMCO ETFS PUBLIC LIMITED COMPANY,PIMCO ADV GLB GOVT BOND GBP HDG INC,IE000J46YVX2,ETFS,17/12/2025,Ireland,GBP,MAIN MARKET,,EUET,UEA2
GOVZ,PIMCO ETFS PUBLIC LIMITED COMPANY,PIMCO ADV GLB GOVT BOND GBP HDG ACC,IE000KXNPEV8,ETFS,17/12/2025,Ireland,GBP,MAIN MARKET,,EUET,UEA2
LDCU,PIMCO ETFS PUBLIC LIMITED COMPANY,PIMCO ADV US LOW DUR CORP BOND UCITS IN,IE00BP9F2H18,ETFS,28/11/2014,Ireland,USD,MAIN MARKET,,EUET,UET7
MINT,PIMCO ETFS PUBLIC LIMITED COMPANY,PIMCO US SHORT MATURITY UCITS USD IN,IE00B67B7N93,ETFS,24/02/2011,Ireland,USD,MAIN MARKET,,EUET,UET7
MIST,PIMCO ETFS PUBLIC LIMITED COMPANY,PIMCO US SHORT MATURITY UCITS GBP AC,IE00BK9YKZ79,ETFS,14/10/2019,Ireland,GBP,MAIN MARKET,,EUET,UET7
QUID,PIMCO ETFS PUBLIC LIMITED COMPANY,PIMCO STERL SHORT MATURITY UCITS GBP IN,IE00B622SG73,ETFS,15/06/2011,Ireland,GBP,MAIN MARKET,,EUET,UET7
SSHY,PIMCO ETFS PUBLIC LIMITED COMPANY,PIMCO ADV US HY CORP BOND GBP IN,IE00B7N3YW49,ETFS,15/03/2013,Ireland,GBP,MAIN MARKET,,EUE2,UE2G
STEA,PIMCO ETFS PUBLIC LIMITED COMPANY,PIMCO ADV US HY CORP BOND EUR AC,IE00BD26N851,ETFS,18/12/2017,Ireland,EUR,MAIN MARKET,,EUET,UET7
STHE,PIMCO ETFS PUBLIC LIMITED COMPANY,PIMCO ADV US HY CORP BOND EUR IN,IE00BF8HV600,ETFS,18/10/2013,Ireland,EUR,MAIN MARKET,,EUET,UET7
STHS,PIMCO ETFS PUBLIC LIMITED COMPANY,PIMCO ADV US HY CORP BOND GBP HDG IN,IE00BYXVWC37,ETFS,20/11/2015,Ireland,GBP,MAIN MARKET,,EUET,UET7
STHY,PIMCO ETFS PUBLIC LIMITED COMPANY,PIMCO ADV US HY CORP BOND USD IN,IE00B7N3YW49,ETFS,16/03/2012,Ireland,USD,MAIN MARKET,,EUET,UET7
STYC,PIMCO ETFS PUBLIC LIMITED COMPANY,PIMCO ADV US HY CORP BOND USD AC,IE00BVZ6SQ11,ETFS,18/05/2015,Ireland,USD,MAIN MARKET,,EUET,UET7
SPLU,PIMCO FUNDS: GLOBAL INVESTORS SERIES PLC,PIMCO ADV STOCKSPLUS US LGE CAP ETF USD,IE000KR2IEH1,ETFS,24/07/2026,Ireland,USD,MAIN MARKET,,EUET,UEA2
3DCB,ROBECO UCITS ICAV,ROBECO 3D GL ENHANCED INDX CREDITS ACC,IE000JJMOWY0,ETFS,30/01/2026,Ireland,GBP,MAIN MARKET,,EUE2,UEA4
3DCE,ROBECO UCITS ICAV,ROBECO 3D EUR ENHANCED INDX CREDITS ACC,IE000PUAKZP8,ETFS,30/01/2026,Ireland,GBP,MAIN MARKET,,EUET,UEA2
3DCG,ROBECO UCITS ICAV,ROBECO 3D GL ENHANCED INDX CREDITS ACC,IE000JJMOWY0,ETFS,30/01/2026,Ireland,USD,MAIN MARKET,,EUET,UEA2
3DEG,ROBECO UCITS ICAV,ROBECO 3D EU EQUITY ACC,IE0007WLHX89,ETFS,27/11/2024,Ireland,GBP,MAIN MARKET,,EUET,UEA2
3DGD,ROBECO UCITS ICAV,ROBECO 3D GLOBAL EQUITY USD DIS,IE00042EX8S2,ETFS,30/01/2026,Ireland,USD,MAIN MARKET,,EUET,UEA2
3DGG,ROBECO UCITS ICAV,ROBECO 3D GLOBAL EQUITY ACC,IE000Q8N7WY1,ETFS,27/11/2024,Ireland,GBP,MAIN MARKET,,EUE2,UEA4
3DGH,ROBECO UCITS ICAV,ROBECO 3D GLOBAL EQUITY GBP(H) ACC,IE0001CEGCP5,ETFS,02/12/2025,Ireland,GBP,MAIN MARKET,,EUET,UEA2
3DGL,ROBECO UCITS ICAV,ROBECO 3D GLOBAL EQUITY ACC,IE000Q8N7WY1,ETFS,27/11/2024,Ireland,USD,MAIN MARKET,,EUET,UEA2
3DUG,ROBECO UCITS ICAV,ROBECO 3D US EQUITY ACC,IE000XERHYF0,ETFS,27/11/2024,Ireland,GBP,MAIN MARKET,,EUE2,UEA4
3DUH,ROBECO UCITS ICAV,ROBECO 3D US EQUITY GBP(H) ACC,IE000DEXCOR7,ETFS,31/07/2025,Ireland,GBP,MAIN MARKET,,EUET,UEA2
3DUS,ROBECO UCITS ICAV,ROBECO 3D US EQUITY ACC,IE000XERHYF0,ETFS,27/11/2024,Ireland,USD,MAIN MARKET,,EUET,UEA2
RDTG,ROBECO UCITS ICAV,ROBECO DYN THEME MACH ACC,IE000VG2WCW5,ETFS,27/11/2024,Ireland,GBP,MAIN MARKET,,EUE2,UEA4
RDYN,ROBECO UCITS ICAV,ROBECO DYN THEME MACH ACC,IE000VG2WCW5,ETFS,27/11/2024,Ireland,USD,MAIN MARKET,,EUET,UEA2
REM3,ROBECO UCITS ICAV,ROBECO 3D EM EQUITY ACC,IE0002Z12PN9,ETFS,24/04/2025,Ireland,USD,MAIN MARKET,,EUET,UEA2
REMD,ROBECO UCITS ICAV,ROBECO 3D EM EQUITY USD DIS,IE00063T9YS5,ETFS,30/01/2026,Ireland,USD,MAIN MARKET,,EUET,UEA2
REMG,ROBECO UCITS ICAV,ROBECO 3D EM EQUITY ACC,IE0002Z12PN9,ETFS,24/04/2025,Ireland,GBP,MAIN MARKET,,EUE2,UEA4
RGSB,ROBECO UCITS ICAV,ROBECO NXTGEN GL SMLL-CAP EQT USD ACC,IE000OHXGWO8,ETFS,27/02/2026,Ireland,GBP,MAIN MARKET,,EUE2,UEA4
RGSC,ROBECO UCITS ICAV,ROBECO NXTGEN GL SMLL-CAP EQT USD ACC,IE000OHXGWO8,ETFS,27/02/2026,Ireland,USD,MAIN MARKET,,EUET,UEA2
RHYB,ROBECO UCITS ICAV,ROBECO GLOBAL DYNAMIC HIGH YIELD USD ACC,IE000LW5CCQ4,ETFS,30/01/2026,Ireland,GBP,MAIN MARKET,,EUE2,UEA4
RHYE,ROBECO UCITS ICAV,ROBECO EUR DYNAMIC HIGH YIELD EUR ACC,IE0000LTAD82,ETFS,30/01/2026,Ireland,GBP,MAIN MARKET,,EUET,UEA2
RHYG,ROBECO UCITS ICAV,ROBECO GLOBAL DYNAMIC HIGH YIELD USD ACC,IE000LW5CCQ4,ETFS,30/01/2026,Ireland,USD,MAIN MARKET,,EUET,UEA2
SAEG,SCHRODER ETFS ICAV,SCHRODER GLB EQUITY ACTIVE ETF ACC USD,IE000BNLRWE6,ETFS,29/09/2025,Ireland,GBP,MAIN MARKET,,EUE2,UEA4
SAGE,SCHRODER ETFS ICAV,SCHRODER GLB EQUITY ACTIVE ETF ACC USD,IE000BNLRWE6,ETFS,29/09/2025,Ireland,USD,MAIN MARKET,,EUET,UEA2
SECA,SCHRODER ETFS ICAV,SCHRODER GLB EQUITY CUSTOM AETF ACC USD,IE000GML9HQ4,ETFS,27/01/2026,Ireland,USD,MAIN MARKET,,EUET,UEA2
SEUS,SCHRODER ETFS ICAV,SCHRODER US EQUITY ACTIVE ETF ACC USD,IE0003OZJ573,ETFS,07/05/2026,Ireland,GBP,MAIN MARKET,,EUE2,UEA4
SGIB,SCHRODER ETFS ICAV,SCHRODER GLB IG CORP BOND AETF ACC GBP H,IE000AVUROO8,ETFS,13/11/2025,Ireland,GBP,MAIN MARKET,,EUET,UEA2
SGIG,SCHRODER ETFS ICAV,SCHRODER GLB IG CORP BOND AETF ACC USD,IE000FGFJT15,ETFS,29/09/2025,Ireland,USD,MAIN MARKET,,EUET,UEA2
SUSE,SCHRODER ETFS ICAV,SCHRODER US EQUITY ACTIVE ETF ACC USD,IE0003OZJ573,ETFS,07/05/2026,Ireland,USD,MAIN MARKET,,EUET,UEA2
CDCE,SSGA SPDR ETFS EUROPE II PLC,SS SPDR MSCI EUROPE CONS DIS UCITS ETF,IE00BKWQ0C77,ETFS,04/04/2022,Ireland,GBP,MAIN MARKET,,EUE2,UE2K
CDIS,SSGA SPDR ETFS EUROPE II PLC,SS SPDR MSCI EUROPE CONS DIS UCITS ETF,IE00BKWQ0C77,ETFS,09/12/2014,Ireland,EUR,MAIN MARKET,,EUET,UETY
COMB,SSGA SPDR ETFS EUROPE II PLC,SS SPDR COMMODITY UCITS GBP HDG (ACC),IE000M8NCUC9,ETFS,21/05/2026,Ireland,GBP,MAIN MARKET,,EUET,UET7
CSPE,SSGA SPDR ETFS EUROPE II PLC,SS SPDR MSCI EUROPE CONSUMER STAPLES ETF,IE00BKWQ0D84,ETFS,04/04/2022,Ireland,GBP,MAIN MARKET,,EUE2,UE2K
CSTP,SSGA SPDR ETFS EUROPE II PLC,SS SPDR MSCI EUROPE CONSUMER STAPLES ETF,IE00BKWQ0D84,ETFS,09/12/2014,Ireland,EUR,MAIN MARKET,,EUET,UETY
DEFV,SSGA SPDR ETFS EUROPE II PLC,SS SPDR S&P EUROPE DEF VISION ETF ACC,IE0008GRJRO8,ETFS,05/06/2025,Ireland,USD,MAIN MARKET,,EUET,UETY
ECLO,SSGA SPDR ETFS EUROPE II PLC,SS BLACKSTONE EURO AAA CLO UCITS ETF,IE000VU9AUN9,ETFS,25/09/2025,Ireland,GBP,MAIN MARKET,,EUET,UEA2
ECLP,SSGA SPDR ETFS EUROPE II PLC,SS BLACKSTONE EURO AAA CLO UCITS ETF,IE000Q8ZHWI1,ETFS,19/03/2026,Ireland,GBP,MAIN MARKET,,EUET,UEA2
EMH5,SSGA SPDR ETFS EUROPE II PLC,SS SPDR ICE BOFA 0-5 YR US GOV BOND UCIT,IE00BP46NG52,ETFS,17/11/2014,Ireland,USD,MAIN MARKET,,EUET,UETY
ENGE,SSGA SPDR ETFS EUROPE II PLC,SS SPDR MSCI EUROPE ENERGY UCITS ETF,IE00BKWQ0F09,ETFS,04/04/2022,Ireland,GBP,MAIN MARKET,,EUE2,UE2K
ENGW,SSGA SPDR ETFS EUROPE II PLC,SS SPDR MSCI WORLD ENERGY UCITS ETF,IE00BYTRR863,ETFS,04/04/2022,Ireland,GBP,MAIN MARKET,,EUE2,UE2K
ENGY,SSGA SPDR ETFS EUROPE II PLC,SS SPDR MSCI EUR ENE 35/20 CAP UCITS ETF,IE00BKWQ0F09,ETFS,09/12/2014,Ireland,EUR,MAIN MARKET,,EUET,UETY
ERO,SSGA SPDR ETFS EUROPE II PLC,SS SPDR MSCI EUROPE UCITS ETF,IE00BKWQ0Q14,ETFS,09/12/2014,Ireland,GBP,MAIN MARKET,,EUET,UETY
EVAL,SSGA SPDR ETFS EUROPE II PLC,SS SPDR MSCI EUROPE VALUE ETF,IE00BSPLC306,ETFS,20/02/2015,Ireland,GBP,MAIN MARKET,,EUET,UETY
FNCE,SSGA SPDR ETFS EUROPE II PLC,SS SPDR MSCI EUROPE FINANCIALS UCITS ETF,IE00BKWQ0G16,ETFS,04/04/2022,Ireland,GBP,MAIN MARKET,,EUE2,UE2K
FNCL,SSGA SPDR ETFS EUROPE II PLC,SS SPDR MSCI EUROPE FINANCIALS UCITS ETF,IE00BKWQ0G16,ETFS,09/12/2014,Ireland,EUR,MAIN MARKET,,EUET,UETY
FNCW,SSGA SPDR ETFS EUROPE II PLC,SS SPDR MSCI WORLD FINANCIALS UCITS ETF,IE00BYTRR970,ETFS,04/04/2022,Ireland,GBP,MAIN MARKET,,EUE2,UE2K
GCVB,SSGA SPDR ETFS EUROPE II PLC,SS SPDR FTSE GLOBAL CONV BOND UCITS ETF,IE00BNH72088,ETFS,16/10/2014,Ireland,USD,MAIN MARKET,,EUET,UETY
GCVG,SSGA SPDR ETFS EUROPE II PLC,SS SPDR FTSE GLOB CONV BOND GBP HDG DIST,IE00BDT6FT30,ETFS,02/02/2022,Ireland,GBP,MAIN MARKET,,EUET,UETY
GCVU,SSGA SPDR ETFS EUROPE II PLC,SS SPDR FTSE GLOBAL CONVERTIBLE USD HDG,IE000W566ZX2,ETFS,12/06/2026,Ireland,USD,MAIN MARKET,,EUET,UET7
GIN,SSGA SPDR ETFS EUROPE II PLC,SS SPDR MORNINGSTAR GLOB INFRA ETF,IE00BQWJFQ70,ETFS,16/04/2015,Ireland,GBP,MAIN MARKET,,EUE2,UE2K
GLCB,SSGA SPDR ETFS EUROPE II PLC,SS SPDR FTSE GLOBAL CONV BOND UCITS ETF,IE00BNH72088,ETFS,24/05/2018,Ireland,GBP,MAIN MARKET,,EUE2,UE2K
GXLC,SSGA SPDR ETFS EUROPE II PLC,SS SPDR S&P US COMM SERV UCITS ETF,IE00BFWFPX50,ETFS,17/08/2018,Ireland,GBP,MAIN MARKET,,EUE2,UE2K
GXLE,SSGA SPDR ETFS EUROPE II PLC,SS SPDR S&P US ENERGY UCITS ETF,IE00BWBXM492,ETFS,04/04/2022,Ireland,GBP,MAIN MARKET,,EUE2,UE2K
GXLF,SSGA SPDR ETFS EUROPE II PLC,SS SPDR S&P US FINANCIALS UCITS ETF,IE00BWBXM500,ETFS,04/04/2022,Ireland,GBP,MAIN MARKET,,EUE2,UE2K
GXLK,SSGA SPDR ETFS EUROPE II PLC,SS SPDR S&P US TECHNOLOGY UCITS ETF,IE00BWBXM948,ETFS,04/04/2022,Ireland,GBP,MAIN MARKET,,EUE2,UE2K
GXLV,SSGA SPDR ETFS EUROPE II PLC,SS SPDR S&P US HEALTH CARE UCITS ETF,IE00BWBXM617,ETFS,04/04/2022,Ireland,GBP,MAIN MARKET,,EUE2,UE2K
HEAE,SSGA SPDR ETFS EUROPE II PLC,SS SPDR MSCI EUROPE HEALTH CARE UCITSETF,IE00BKWQ0H23,ETFS,04/04/2022,Ireland,GBP,MAIN MARKET,,EUE2,UE2K
HEAW,SSGA SPDR ETFS EUROPE II PLC,SS SPDR MSCI WORLD HEALTH CARE UCITS ETF,IE00BYTRRB94,ETFS,04/04/2022,Ireland,GBP,MAIN MARKET,,EUE2,UE2K
HLTH,SSGA SPDR ETFS EUROPE II PLC,SS SPDR MSCI EUROPE HEALTH CARE UCITSETF,IE00BKWQ0H23,ETFS,09/12/2014,Ireland,EUR,MAIN MARKET,,EUET,UETY
ITEC,SSGA SPDR ETFS EUROPE II PLC,SS SPDR MSCI EUROPE TECHNOLOGY UCITS ETF,IE00BKWQ0K51,ETFS,09/12/2014,Ireland,EUR,MAIN MARKET,,EUET,UETY
MAGI,SSGA SPDR ETFS EUROPE II PLC,SS SPDR MORNINGSTAR GLOB INFRA ETF,IE00BQWJFQ70,ETFS,16/04/2015,Ireland,USD,MAIN MARKET,,EUET,UETY
MTRL,SSGA SPDR ETFS EUROPE II PLC,SS SPDR MSCI EUROPE MATERIALS UCITS ETF,IE00BKWQ0L68,ETFS,09/12/2014,Ireland,EUR,MAIN MARKET,,EUET,UETY
NDUS,SSGA SPDR ETFS EUROPE II PLC,SS SPDR MSCI EUROPE INDUSTRIALS UCITSETF,IE00BKWQ0J47,ETFS,09/12/2014,Ireland,EUR,MAIN MARKET,,EUET,UETY
R2SC,SSGA SPDR ETFS EUROPE II PLC,SS SPDR RUSSELL 2000 US SMALL CAP ETF,IE00BJ38QD84,ETFS,02/07/2014,Ireland,GBP,MAIN MARKET,,EUE2,UE2K
R2US,SSGA SPDR ETFS EUROPE II PLC,SS SPDR RUSSELL 2000 US SMALL CAP ETF,IE00BJ38QD84,ETFS,02/07/2014,Ireland,USD,MAIN MARKET,,EUET,UETY
SCMD,SSGA SPDR ETFS EUROPE II PLC,SS SPDR COMMODITY UCITS ETF (ACC),IE0006HIE7H2,ETFS,23/04/2026,Ireland,GBP,MAIN MARKET,,EUE2,UE2G
SCOM,SSGA SPDR ETFS EUROPE II PLC,SS SPDR COMMODITY UCITS ETF (ACC),IE0006HIE7H2,ETFS,23/04/2026,Ireland,USD,MAIN MARKET,,EUET,UET7
SEMH,SSGA SPDR ETFS EUROPE II PLC,SS SPDR ICE BOFA 0-5 YR US GOV BOND UCIT,IE00BP46NG52,ETFS,17/11/2014,Ireland,GBP,MAIN MARKET,,EUE2,UE2K
SUKC,SSGA SPDR ETFS EUROPE II PLC,SS SPDR BLOOM 0-5 YEAR GBP CORP BOND ETF,IE00BCBJF711,ETFS,19/02/2014,Ireland,GBP,MAIN MARKET,,EUET,UETY
SXLB,SSGA SPDR ETFS EUROPE II PLC,SS SPDR S&P US MATERIALS UCITS ETF,IE00BWBXM831,ETFS,09/07/2015,Ireland,USD,MAIN MARKET,,EUET,UETY
SXLC,SSGA SPDR ETFS EUROPE II PLC,SS SPDR S&P US COMM SERV UCITS ETF,IE00BFWFPX50,ETFS,17/08/2018,Ireland,USD,MAIN MARKET,,EUET,UETY
SXLE,SSGA SPDR ETFS EUROPE II PLC,SS SPDR S&P US ENERGY UCITS ETF,IE00BWBXM492,ETFS,09/07/2015,Ireland,USD,MAIN MARKET,,EUET,UETY
SXLF,SSGA SPDR ETFS EUROPE II PLC,SS SPDR S&P US FINANCIALS UCITS ETF,IE00BWBXM500,ETFS,09/07/2015,Ireland,USD,MAIN MARKET,,EUET,UETY
SXLI,SSGA SPDR ETFS EUROPE II PLC,SS SPDR S&P US INDUSTRIALS UCITS ETF,IE00BWBXM724,ETFS,09/07/2015,Ireland,USD,MAIN MARKET,,EUET,UETY
SXLK,SSGA SPDR ETFS EUROPE II PLC,SS SPDR S&P US TECHNOLOGY UCITS ETF,IE00BWBXM948,ETFS,09/07/2015,Ireland,USD,MAIN MARKET,,EUET,UETY
SXLP,SSGA SPDR ETFS EUROPE II PLC,SS SPDR S&P US CONSUMER STAPLES UCITSETF,IE00BWBXM385,ETFS,09/07/2015,Ireland,USD,MAIN MARKET,,EUET,UETY
SXLU,SSGA SPDR ETFS EUROPE II PLC,SS SPDR S&P US UTILITIES UCITS ETF,IE00BWBXMB69,ETFS,09/07/2015,Ireland,USD,MAIN MARKET,,EUET,UETY
SXLV,SSGA SPDR ETFS EUROPE II PLC,SS SPDR S&P US HEALTH CARE UCITS ETF,IE00BWBXM617,ETFS,09/07/2015,Ireland,USD,MAIN MARKET,,EUET,UETY
SXLY,SSGA SPDR ETFS EUROPE II PLC,SS SPDR S&P US CONSUMER DIS UCITS ETF,IE00BWBXM278,ETFS,09/07/2015,Ireland,USD,MAIN MARKET,,EUET,UETY
TECW,SSGA SPDR ETFS EUROPE II PLC,SS SPDR MSCI WORLD TECHNOLOGY UCITS ETF,IE00BYTRRD19,ETFS,04/04/2022,Ireland,GBP,MAIN MARKET,,EUE2,UE2K
TELE,SSGA SPDR ETFS EUROPE II PLC,SS SPDR MSCI EUROPE COMM SERV UCITS ETF,IE00BKWQ0N82,ETFS,09/12/2014,Ireland,EUR,MAIN MARKET,,EUET,UETY
USSC,SSGA SPDR ETFS EUROPE II PLC,SS SPDR MSCI USASMCAP VALUE WEIGHTED ETF,IE00BSPLC413,ETFS,20/02/2015,Ireland,USD,MAIN MARKET,,EUET,UETY
USVL,SSGA SPDR ETFS EUROPE II PLC,SS SPDR MSCI USA VALUE ETF,IE00BSPLC520,ETFS,20/02/2015,Ireland,USD,MAIN MARKET,,EUET,UETY
UTIL,SSGA SPDR ETFS EUROPE II PLC,SS SPDR MSCI EUROPE UTILITIES UCITS ETF,IE00BKWQ0P07,ETFS,09/12/2014,Ireland,EUR,MAIN MARKET,,EUET,UETY
UVAL,SSGA SPDR ETFS EUROPE II PLC,SS SPDR MSCI USA VALUE ETF,IE00BSPLC520,ETFS,20/02/2015,Ireland,GBP,MAIN MARKET,,EUE2,UE2K
VALW,SSGA SPDR ETFS EUROPE II PLC,SS SPDR MSCI WLD VAL,IE00BJXRT813,ETFS,04/09/2020,Ireland,GBP,MAIN MARKET,,EUE2,UE2K
WCOD,SSGA SPDR ETFS EUROPE II PLC,SS SPDR MSCI WORLD CONS DIS UCITS ETF,IE00BYTRR640,ETFS,04/05/2016,Ireland,USD,MAIN MARKET,,EUET,UETY
WCOS,SSGA SPDR ETFS EUROPE II PLC,SS SPDR MSCI WORLD CONS STAP UCITS ETF,IE00BYTRR756,ETFS,04/05/2016,Ireland,USD,MAIN MARKET,,EUET,UETY
WDSC,SSGA SPDR ETFS EUROPE II PLC,SS SPDR MSCI WORLD SMALL CAP UCITS ETF,IE00BCBJG560,ETFS,29/11/2013,Ireland,USD,MAIN MARKET,,EUET,UETY
WFIN,SSGA SPDR ETFS EUROPE II PLC,SS SPDR MSCI WORLD FINANCIALS UCITS ETF,IE00BYTRR970,ETFS,04/05/2016,Ireland,USD,MAIN MARKET,,EUET,UETY
WHEA,SSGA SPDR ETFS EUROPE II PLC,SS SPDR MSCI WORLD HEALTH CARE UCITS ETF,IE00BYTRRB94,ETFS,04/05/2016,Ireland,USD,MAIN MARKET,,EUET,UETY
WMAT,SSGA SPDR ETFS EUROPE II PLC,SS SPDR MSCI WORLD MATERIALS UCITS ETF,IE00BYTRRF33,ETFS,04/05/2016,Ireland,USD,MAIN MARKET,,EUET,UETY
WNDU,SSGA SPDR ETFS EUROPE II PLC,SS SPDR MSCI WORLD INDUSTRIALS UCITS ETF,IE00BYTRRC02,ETFS,04/05/2016,Ireland,USD,MAIN MARKET,,EUET,UETY
WNRG,SSGA SPDR ETFS EUROPE II PLC,SS SPDR MSCI WORLD ENERGY UCITS ETF,IE00BYTRR863,ETFS,04/05/2016,Ireland,USD,MAIN MARKET,,EUET,UETY
WOSC,SSGA SPDR ETFS EUROPE II PLC,SS SPDR MSCI WORLD SMALL CAP UCITS ETF,IE00BCBJG560,ETFS,29/11/2013,Ireland,GBP,MAIN MARKET,,EUE2,UE2K
WSCD,SSGA SPDR ETFS EUROPE II PLC,SS SPDR MSCI WOR SMALL CAP UCITS ETF DIS,IE000SU1VJ03,ETFS,26/03/2025,Ireland,USD,MAIN MARKET,,EUET,UETY
WTEC,SSGA SPDR ETFS EUROPE II PLC,SS SPDR MSCI WORLD TECHNOLOGY UCITS ETF,IE00BYTRRD19,ETFS,04/05/2016,Ireland,USD,MAIN MARKET,,EUET,UETY
WTEL,SSGA SPDR ETFS EUROPE II PLC,SS SPDR MSCI WORLD COMM SERVE UCITS ETF,IE00BYTRRG40,ETFS,04/05/2016,Ireland,USD,MAIN MARKET,,EUET,UETY
WUTI,SSGA SPDR ETFS EUROPE II PLC,SS SPDR MSCI WORLD UTILITIES UCITS ETF,IE00BYTRRH56,ETFS,04/05/2016,Ireland,USD,MAIN MARKET,,EUET,UETY
WVAL,SSGA SPDR ETFS EUROPE II PLC,SS SPDR MSCI WLD VAL,IE00BJXRT813,ETFS,04/09/2020,Ireland,USD,MAIN MARKET,,EUET,UETY
500X,SSGA SPDR ETFS EUROPE I PLC,SS SPDR S&P 500 LEADERS UCITS ETF,IE00BH4GPZ28,ETFS,08/01/2024,Ireland,USD,MAIN MARKET,,EUET,UETY
ACWD,SSGA SPDR ETFS EUROPE I PLC,SS SPDR MSCI ALL COUNTRY WOR UCITS ETF$,IE00B44Z5B48,ETFS,26/07/2011,Ireland,USD,MAIN MARKET,,EUET,UETY
ACWI,SSGA SPDR ETFS EUROPE I PLC,SS SPDR MSCI ALL COUNTRY WORLD UCITS ETF,IE00B44Z5B48,ETFS,26/07/2011,Ireland,GBP,MAIN MARKET,,EUE2,UE2K
ASDV,SSGA SPDR ETFS EUROPE I PLC,SS SPDR S&P PAN ASIA DIVIDEND UCITS ETF,IE00B9KNR336,ETFS,17/05/2013,Ireland,USD,MAIN MARKET,,EUET,UETY
EDVD,SSGA SPDR ETFS EUROPE I PLC,SS SPDR S&P EMER MARKETS DVD UCIT ETF $,IE00B6YX5B26,ETFS,20/10/2011,Ireland,USD,MAIN MARKET,,EUE2,UE2K
EMAD,SSGA SPDR ETFS EUROPE I PLC,SPDR MSCI EM ASIA UCITS ETF $,IE00B466KX20,ETFS,26/07/2011,Ireland,USD,MAIN MARKET,,EUET,UETY
EMDD,SSGA SPDR ETFS EUROPE I PLC,SS SPDR BLOOM EM LOCAL BOND UCITS $,IE00B4613386,ETFS,26/07/2011,Ireland,USD,MAIN MARKET,,EUET,UETY
EMDL,SSGA SPDR ETFS EUROPE I PLC,SS SPDR BLOOM EM LOCAL BOND UCITS $,IE00B4613386,ETFS,26/07/2011,Ireland,GBP,MAIN MARKET,,EUE2,UE2K
EMDV,SSGA SPDR ETFS EUROPE I PLC,SS SPDR S&P EMER MARKETS DVDND UCIT ETF,IE00B6YX5B26,ETFS,20/10/2011,Ireland,GBP,MAIN MARKET,,EUET,UETY
EMRD,SSGA SPDR ETFS EUROPE I PLC,SPDR MSCI EMERGING MARKETS UCITS ETF $,IE00B469F816,ETFS,26/07/2011,Ireland,USD,MAIN MARKET,,EUET,UETY
EMSD,SSGA SPDR ETFS EUROPE I PLC,SPDR MSCI EMRG MRKTS SM CAP UCITS ETF $,IE00B48X4842,ETFS,26/07/2011,Ireland,USD,MAIN MARKET,,EUET,UETY
EMSM,SSGA SPDR ETFS EUROPE I PLC,SS SPDR MSCI EMER MARKETS SMALL CAP ETF,IE00B48X4842,ETFS,26/07/2011,Ireland,GBP,MAIN MARKET,,EUE2,UE2K
EU13,SSGA SPDR ETFS EUROPE I PLC,SS SPDR BLOOM 1-3 YR EURO GOV UCITS ETF,IE00B6YX5F63,ETFS,09/12/2014,Ireland,EUR,MAIN MARKET,,EUET,UETY
EUCO,SSGA SPDR ETFS EUROPE I PLC,SS SPDR BLOOM EURO CORP BOND UCITS ETF,IE00B3T9LM79,ETFS,09/12/2014,Ireland,EUR,MAIN MARKET,,EUET,UETY
EUDI,SSGA SPDR ETFS EUROPE I PLC,SS SPDR S&P EURO DIVID ARISTOCRATS ETF,IE00B5M1WJ87,ETFS,01/03/2012,Ireland,EUR,MAIN MARKET,,EUE2,UE2K
EUDV,SSGA SPDR ETFS EUROPE I PLC,SS SPDR S&P EURO DIVID ARISTOCRATS ETF£,IE00B5M1WJ87,ETFS,01/03/2012,Ireland,GBP,MAIN MARKET,,EUET,UETY
FTAD,SSGA SPDR ETFS EUROPE I PLC,SS SPDR FTSE UK ALLSHARES UCITS ETF DIST,IE00BD5FCF91,ETFS,30/04/2018,Ireland,GBP,MAIN MARKET,,EUET,UETY
FTAL,SSGA SPDR ETFS EUROPE I PLC,SS SPDR FTSE UK ALL-SHARE UCITS ETF,IE00B7452L46,ETFS,01/03/2012,Ireland,GBP,MAIN MARKET,,EUET,UETY
GBDV,SSGA SPDR ETFS EUROPE I PLC,SS SPDR S&P GLOBAL DIVIDEND UCITS ETF,IE00B9CQXS71,ETFS,17/05/2013,Ireland,GBP,MAIN MARKET,,EUE2,UE2K
GBRE,SSGA SPDR ETFS EUROPE I PLC,SS SPDR DOWJONES GLOB REAL EST UCITS ETF,IE00B8GF1M35,ETFS,26/10/2012,Ireland,GBP,MAIN MARKET,,EUE2,UE2K
GEDV,SSGA SPDR ETFS EUROPE I PLC,SS SPDR S&P GLOBAL DIV ARIST SCREEN DIST,IE00BYTH5S21,ETFS,08/06/2021,Ireland,USD,MAIN MARKET,,EUET,UETY
GLAB,SSGA SPDR ETFS EUROPE I PLC,SS SPDR BLOOM GBL AGG £HDG UCITS ETF,IE00BF1QPJ56,ETFS,16/02/2018,Ireland,GBP,MAIN MARKET,,EUET,UETY
GLAD,SSGA SPDR ETFS EUROPE I PLC,SS SPDR BLOOM GBLAGG BD $HDG UCITS (ACC),IE00BKC94M46,ETFS,11/10/2019,Ireland,USD,MAIN MARKET,,EUET,UETY
GLAG,SSGA SPDR ETFS EUROPE I PLC,SS SPDR BLOOM GLOBAL AGG UCITS ETF,IE00B43QJJ40,ETFS,30/01/2018,Ireland,USD,MAIN MARKET,,EUET,UETY
GLAU,SSGA SPDR ETFS EUROPE I PLC,SS SPDR BLOOM GBL AGG $HDG UCITS ETF,IE00BF1QPH33,ETFS,16/02/2018,Ireland,USD,MAIN MARKET,,EUET,UETY
GLBL,SSGA SPDR ETFS EUROPE I PLC,SS SPDR BLOOM GLOBAL AGG UCITS ETF,IE00B43QJJ40,ETFS,30/01/2018,Ireland,GBP,MAIN MARKET,,EUE2,UE2K
GLDV,SSGA SPDR ETFS EUROPE I PLC,SS SPDR S&P GLOBAL DIVIDEND UCITS ETF,IE00B9CQXS71,ETFS,17/05/2013,Ireland,USD,MAIN MARKET,,EUET,UETY
GLRA,SSGA SPDR ETFS EUROPE I PLC,SS SPDR DJ GLOBAL RE UCITS ETF (ACC),IE00BH4GR342,ETFS,18/10/2019,Ireland,USD,MAIN MARKET,,EUET,UETY
GLRE,SSGA SPDR ETFS EUROPE I PLC,SS SPDR DOWJONES GLOB REAL EST UCITS ETF,IE00B8GF1M35,ETFS,26/10/2012,Ireland,USD,MAIN MARKET,,EUET,UETY
GLTL,SSGA SPDR ETFS EUROPE I PLC,SS SPDR BLOOM 15+ YEAR GILT UCITS ETF,IE00B6YX5L24,ETFS,21/05/2012,Ireland,GBP,MAIN MARKET,,EUET,UETY
GLTS,SSGA SPDR ETFS EUROPE I PLC,SS SPDR BLOOM 1-5 YEAR GILT UCITS ETF,IE00B6YX5K17,ETFS,21/05/2012,Ireland,GBP,MAIN MARKET,,EUET,UETY
GLTY,SSGA SPDR ETFS EUROPE I PLC,SS SPDR BLOOM UK GILT UCITS ET,IE00B3W74078,ETFS,21/05/2012,Ireland,GBP,MAIN MARKET,,EUET,UETY
IMID,SSGA SPDR ETFS EUROPE I PLC,SS SPDR MSCI ALL COUN WOR INV MRKT ETF $,IE00B3YLTY66,ETFS,26/07/2011,Ireland,USD,MAIN MARKET,,EUET,UETY
IUCB,SSGA SPDR ETFS EUROPE I PLC,SS SPDR BLOOM 1-10 US CORP BD UCITS ETF,IE00BYV12Y75,ETFS,22/02/2016,Ireland,USD,MAIN MARKET,,EUET,UETY
JNKE,SSGA SPDR ETFS EUROPE I PLC,SS SPDR BLOOM EURO HY BOND UCITS,IE00B6YX5M31,ETFS,08/02/2012,Ireland,EUR,MAIN MARKET,,EUET,UETY
JNKS,SSGA SPDR ETFS EUROPE I PLC,SS SPDR BBARC 0-5 YR US HIGH YIELD BOND,IE00B99FL386,ETFS,23/09/2013,Ireland,GBP,MAIN MARKET,,EUE2,UE2K
JPJP,SSGA SPDR ETFS EUROPE I PLC,SS SPDR MSCI JAPAN UCITS ETF,IE00BZ0G8B96,ETFS,02/12/2015,Ireland,GBP,MAIN MARKET,,EUET,UETY
KSAB,SSGA SPDR ETFS EUROPE I PLC,SS SPDRJPMORGANSAUDIARABIA AGGRE BONDACC,IE000QRDCYW2,ETFS,13/12/2024,Ireland,USD,MAIN MARKET,,EUET,UETY
LOWV,SSGA SPDR ETFS EUROPE I PLC,SS SPDR S&P 500 LOW VOLATILITY UCITS ETF,IE00B802KR88,ETFS,05/10/2012,Ireland,USD,MAIN MARKET,,EUET,UETY
LUSC,SSGA SPDR ETFS EUROPE I PLC,SS SPDR BLOOM 10+ US CORP BD UCITS ETF,IE00BZ0G8860,ETFS,04/12/2015,Ireland,USD,MAIN MARKET,,EUET,UETY
LUTR,SSGA SPDR ETFS EUROPE I PLC,SS SPDR BLOOM 10+ US TRSY BD UCITS ETF,IE00BYSZ5V04,ETFS,22/02/2016,Ireland,USD,MAIN MARKET,,EUET,UETY
PADV,SSGA SPDR ETFS EUROPE I PLC,SS SPDR S&P PAN ASIA DIVIDEND UCITS ETF,IE00B9KNR336,ETFS,17/05/2013,Ireland,GBP,MAIN MARKET,,EUE2,UE2K
QDEV,SSGA SPDR ETFS EUROPE I PLC,SS SPDR S&P DEVELOPED QUAL ARISTOCRATS,IE000IISJT64,ETFS,10/12/2024,Ireland,USD,MAIN MARKET,,EUET,UETY
QUS5,SSGA SPDR ETFS EUROPE I PLC,SS SPDR S&P 500 QUALITY ARISTOCRATS,IE000FJJZA01,ETFS,10/12/2024,Ireland,USD,MAIN MARKET,,EUET,UETY
SAQL,SSGA SPDR ETFS EUROPE I PLC,SS SAUDI ARABIA ENH ACT EQTY UCITS (ACC),IE0002LI4M98,ETFS,20/04/2026,Ireland,USD,MAIN MARKET,,EUET,UEA2
SEEG,SSGA SPDR ETFS EUROPE I PLC,SS SPDR BLOOM 0-3 YEAR EURO CORPORATE B,IE0005HG1US8,ETFS,11/03/2024,Ireland,GBP,MAIN MARKET,,EUET,UETY
SEUC,SSGA SPDR ETFS EUROPE I PLC,SS SPDR BLOOM 0-3 EURO CORPORATE BOND,IE00BC7GZW19,ETFS,02/09/2013,Ireland,EUR,MAIN MARKET,,EUET,UETY
SJHY,SSGA SPDR ETFS EUROPE I PLC,SS SPDRBLOOMBSASBUSHIGHYIELDCORPORATEESG,IE0004TYCC17,ETFS,09/05/2024,Ireland,USD,MAIN MARKET,,EUET,UETY
SJNK,SSGA SPDR ETFS EUROPE I PLC,SS SPDR BBARC 0-5 YR US HIGH YIELD BOND,IE00B99FL386,ETFS,23/09/2013,Ireland,USD,MAIN MARKET,,EUET,UETY
SPPG,SSGA SPDR ETFS EUROPE I PLC,SS SPDR S&P 500 GBP HDG UCITS ETF (DIST),IE00BYYW2S15,ETFS,28/08/2025,Ireland,GBP,MAIN MARKET,,EUET,UETY
SPPY,SSGA SPDR ETFS EUROPE I PLC,SS SPDR S&P 500 LEADERS UCITS ETF,IE00BH4GPZ28,ETFS,08/01/2024,Ireland,GBP,MAIN MARKET,,EUE2,UE2K
SPX4,SSGA SPDR ETFS EUROPE I PLC,SS SPDR S&P 400 US MID CAP UCITS ETF,IE00B4YBJ215,ETFS,04/04/2022,Ireland,GBP,MAIN MARKET,,EUE2,UE2K
SPX5,SSGA SPDR ETFS EUROPE I PLC,SS SPDR S&P 500 UCITS ETF,IE00B6YX5C33,ETFS,21/03/2012,Ireland,GBP,MAIN MARKET,,EUET,UETY
SPXL,SSGA SPDR ETFS EUROPE I PLC,SS SPDR S&P 500 UCITS ETF (ACC),IE000XZSV718,ETFS,02/11/2023,Ireland,GBP,MAIN MARKET,,EUE2,UE2K
SPY4,SSGA SPDR ETFS EUROPE I PLC,SS SPDR S&P 400 US MID CAP UCITS ETF,IE00B4YBJ215,ETFS,02/02/2012,Ireland,USD,MAIN MARKET,,EUET,UETY
SPY5,SSGA SPDR ETFS EUROPE I PLC,SS SPDR S&P 500 UCITS ETF,IE00B6YX5C33,ETFS,21/03/2012,Ireland,USD,MAIN MARKET,,EUE2,UE2K
SPYL,SSGA SPDR ETFS EUROPE I PLC,SS SPDR S&P 500 UCITS ETF (ACC),IE000XZSV718,ETFS,02/11/2023,Ireland,USD,MAIN MARKET,,EUET,UETY
SUEC,SSGA SPDR ETFS EUROPE I PLC,SS SPDR BLOOM 0-3 YEAR EURO CORPORATE B,IE000CLH1Z98,ETFS,11/03/2024,Ireland,USD,MAIN MARKET,,EUET,UETY
SUSC,SSGA SPDR ETFS EUROPE I PLC,SS SPDR BLOOM 0-3 US CORPORATE BOND,IE00BC7GZX26,ETFS,02/09/2013,Ireland,USD,MAIN MARKET,,EUET,UETY
SUSD,SSGA SPDR ETFS EUROPE I PLC,SS SPDR BLOOM 0-3 US CORPORATE BOND,IE00BC7GZX26,ETFS,02/09/2013,Ireland,GBP,MAIN MARKET,,EUE2,UE2K
SUUC,SSGA SPDR ETFS EUROPE I PLC,SS SPDR BLOOM 0-3 YEAR EURO CORPORATE B,IE000P4KWPY3,ETFS,11/03/2024,Ireland,USD,MAIN MARKET,,EUET,UETY
SWLD,SSGA SPDR ETFS EUROPE I PLC,SS SPDR MSCI WORLD UCITS ETF,IE00BFY0GT14,ETFS,04/03/2019,Ireland,GBP,MAIN MARKET,,EUE2,UE2K
SWLH,SSGA SPDR ETFS EUROPE I PLC,SS SPDR MSCI WORLD GBP HDG UCITS ETF,IE0005POVJH8,ETFS,21/07/2023,Ireland,GBP,MAIN MARKET,,EUET,UETY
SWRD,SSGA SPDR ETFS EUROPE I PLC,SS SPDR MSCI WORLD UCITS ETF,IE00BFY0GT14,ETFS,04/03/2019,Ireland,USD,MAIN MARKET,,EUET,UETY
SWSC,SSGA SPDR ETFS EUROPE I PLC,SS WORLD SMALL CAP ENH ACTIVE EQ UCITS,IE000F2IX674,ETFS,29/01/2026,Ireland,USD,MAIN MARKET,,EUET,UEA2
TIPS,SSGA SPDR ETFS EUROPE I PLC,SS SPDR BLOOM US TIPS UCITS ETF,IE00BZ0G8977,ETFS,04/12/2015,Ireland,USD,MAIN MARKET,,EUET,UETY
TIPX,SSGA SPDR ETFS EUROPE I PLC,SS SPDR BLOOM US TIPS UCITS ETF,IE00090GHHQ4,ETFS,26/02/2026,Ireland,USD,MAIN MARKET,,EUET,UETY
TRA3,SSGA SPDR ETFS EUROPE I PLC,SS SPDR BLOOM 1-3 US TREASURY BOND,IE000ZMFFPP4,ETFS,26/02/2026,Ireland,USD,MAIN MARKET,,EUET,UETY
TRA5,SSGA SPDR ETFS EUROPE I PLC,SS SPDR BLOOM 3-7 US TRSY BD UCITS ETF,IE000191HKF0,ETFS,26/02/2026,Ireland,USD,MAIN MARKET,,EUET,UETY
TRAX,SSGA SPDR ETFS EUROPE I PLC,SS SPDR BLOOM 7-10 US TRSY BD UCITS ETF,IE000K22VCJ6,ETFS,26/02/2026,Ireland,USD,MAIN MARKET,,EUET,UETY
TRAY,SSGA SPDR ETFS EUROPE I PLC,SS SPDR BLOOM US TREAS BOND ETF,IE000QB5HJC8,ETFS,26/02/2026,Ireland,USD,MAIN MARKET,,EUET,UETY
TRS3,SSGA SPDR ETFS EUROPE I PLC,SS SPDR BLOOM 1-3 US TREASURY BOND,IE00BC7GZJ81,ETFS,02/09/2013,Ireland,USD,MAIN MARKET,,EUET,UETY
TRS5,SSGA SPDR ETFS EUROPE I PLC,SS SPDR BLOOM 3-7 US TRSY BD UCITS ETF,IE00BYSZ5R67,ETFS,22/02/2016,Ireland,USD,MAIN MARKET,,EUET,UETY
TRSX,SSGA SPDR ETFS EUROPE I PLC,SS SPDR BLOOM 7-10 US TRSY BD UCITS ETF,IE00BYSZ5T81,ETFS,22/02/2016,Ireland,USD,MAIN MARKET,,EUET,UETY
TRSY,SSGA SPDR ETFS EUROPE I PLC,SS SPDR BLOOM US TREAS BOND ETF,IE00B44CND37,ETFS,26/07/2011,Ireland,USD,MAIN MARKET,,EUET,UETY
TSY3,SSGA SPDR ETFS EUROPE I PLC,SS SPDR BLOOM 1-3 US TREASURY BOND,IE00BC7GZJ81,ETFS,02/09/2013,Ireland,GBP,MAIN MARKET,,EUE2,UE2K
UDVD,SSGA SPDR ETFS EUROPE I PLC,SS SPDR S&P US DIVID ARISTOCRATS ETF $,IE00B6YX5D40,ETFS,20/10/2011,Ireland,USD,MAIN MARKET,,EUE2,UE2K
UEDV,SSGA SPDR ETFS EUROPE I PLC,SS SPDR S&P US DIV ARIST SCREENED DIST,IE00BYTH5R14,ETFS,08/06/2021,Ireland,USD,MAIN MARKET,,EUET,UETY
UKCO,SSGA SPDR ETFS EUROPE I PLC,SS SPDR BLOOM STERLI CORP BOND UCITS ETF,IE00B4694Z11,ETFS,21/05/2012,Ireland,GBP,MAIN MARKET,,EUET,UETY
UKDV,SSGA SPDR ETFS EUROPE I PLC,SS SPDR S&P UK DIVID ARISTOCRAT UCIT ETF,IE00B6S2Z822,ETFS,01/03/2012,Ireland,GBP,MAIN MARKET,,EUET,UETY
USAG,SSGA SPDR ETFS EUROPE I PLC,SS SPDR BLOOM US AGG BOND UCITS ETF,IE00B459R192,ETFS,26/07/2011,Ireland,USD,MAIN MARKET,,EUET,UETY
USC5,SSGA SPDR ETFS EUROPE I PLC,SS SPDR BBG 1-5 US CORP ETF ACC,IE0002H3JQ66,ETFS,18/08/2025,Ireland,USD,MAIN MARKET,,EUET,UETY
USCR,SSGA SPDR ETFS EUROPE I PLC,SS SPDR BB USCORP SCORED UCITS ETF (ACC),IE00BLF7VX27,ETFS,27/10/2020,Ireland,USD,MAIN MARKET,,EUET,UETY
USDV,SSGA SPDR ETFS EUROPE I PLC,SS SPDR S&P US DIVID ARISTOCRATS UCITETF,IE00B6YX5D40,ETFS,20/10/2011,Ireland,GBP,MAIN MARKET,,EUET,UETY
USLV,SSGA SPDR ETFS EUROPE I PLC,SS SPDR S&P 500 LOW VOLATILITY UCITS ETF,IE00B802KR88,ETFS,05/10/2012,Ireland,GBP,MAIN MARKET,,EUE2,UE2K
USTY,SSGA SPDR ETFS EUROPE I PLC,SS SPDR BLOOM US TREAS BOND ETF,IE00B44CND37,ETFS,18/09/2015,Ireland,GBP,MAIN MARKET,,EUE2,UE2K
UTIP,SSGA SPDR ETFS EUROPE I PLC,SS SPDR BLOOM US TIPS UCITS ETF,IE00BZ0G8977,ETFS,04/12/2015,Ireland,GBP,MAIN MARKET,,EUE2,UE2K
4UBB,UBS (IRL) ETF PLC,UBS CORE MSCI USA UCITS ETF USD ACC,IE00BD4TXS21,ETFS,29/01/2026,Ireland,USD,MAIN MARKET,,EUET,UET7
5ESG,UBS (IRL) ETF PLC,UBS S&P 500 SCORED & SCRND ETF HGBP DIS,IE00BHXMHR72,ETFS,12/04/2019,Ireland,GBX,MAIN MARKET,,ETFS,ETEU
AUAD,UBS (IRL) ETF PLC,UBS MSCI AUSTRALIA ETF AUD DIS,IE00BD4TY345,ETFS,21/09/2017,Ireland,GBX,MAIN MARKET,,ETFS,ETEU
AUGA,UBS (IRL) ETF PLC,UBS MSCI AUSTRALIA ETF HGBP ACC,IE00BXDZNQ90,ETFS,03/12/2015,Ireland,GBX,MAIN MARKET,,ETFS,ETEU
AUST,UBS (IRL) ETF PLC,UBS MSCI AUSTRALIA ETF AUD ACC,IE00BD4TY451,ETFS,13/12/2024,Ireland,USD,MAIN MARKET,,EUET,UETY
AWSG,UBS (IRL) ETF PLC,UBS MSCI ACWI SRI ETF HGBP DIS,IE00BDR55B48,ETFS,04/01/2018,Ireland,GBX,MAIN MARKET,,ETFS,ETEU
AWSR,UBS (IRL) ETF PLC,UBS MSCI ACWI SRI ETF HUSD ACC,IE00BDR55703,ETFS,04/01/2018,Ireland,USD,MAIN MARKET,,ETFS,ETEU
CT5,UBS (IRL) ETF PLC,UBS S&P 500 CLIM. TRAN ESG ETF USD ACC,IE000S4A5WE2,ETFS,28/03/2024,Ireland,GBX,MAIN MARKET,,EUET,UET3
CT5G,UBS (IRL) ETF PLC,UBS S&P 500 CLIM. TRAN ESG ETF HGBP DIS,IE00049BN7O1,ETFS,28/03/2024,Ireland,GBX,MAIN MARKET,,EUET,UET3
GENE,UBS (IRL) ETF PLC,UBS GLOBAL GENDER EQUALITY ETF USD ACC,IE00BDR5GV14,ETFS,03/07/2018,Ireland,GBX,MAIN MARKET,,ETFS,ETEU
GENG,UBS (IRL) ETF PLC,UBS GLOBAL GENDER EQUALITY ETF HGBP ACC,IE00BDR5H297,ETFS,03/07/2018,Ireland,GBX,MAIN MARKET,,ETFS,ETEU
INDE,UBS (IRL) ETF PLC,UBS MSCI INDIA UNIVERSAL UCITS ETF USD D,IE000MZFIJ99,ETFS,27/02/2026,Ireland,GBX,MAIN MARKET,,EUET,UET7
PEX,UBS (IRL) ETF PLC,UBS MSCI PACIFIC EX JAP IMI SRI ETF USD,IE000BKMMHF9,ETFS,21/07/2022,Ireland,GBX,MAIN MARKET,,EUET,UET3
QQQA,UBS (IRL) ETF PLC,UBS NASDAQ-100 ETF USD ACC,IE000SB4G4I4,ETFS,28/03/2025,Ireland,GBX,MAIN MARKET,,EUET,UET7
QQQE,UBS (IRL) ETF PLC,UBS NASDAQ-100 ETF USD DIS,IE0003RQ9F90,ETFS,21/03/2025,Ireland,GBX,MAIN MARKET,,EUET,UET7
QQQG,UBS (IRL) ETF PLC,UBS NASDAQ-100 UCITS ETF HGBP ACC,IE000G6J9EE6,ETFS,27/11/2025,Ireland,GBX,MAIN MARKET,,EUET,UET7
S5ED,UBS (IRL) ETF PLC,UBS S&P 500 ESG ELITE ETF USD DIS,IE00BLSN7N96,ETFS,25/02/2025,Ireland,GBX,MAIN MARKET,,EUET,UET7
S5EE,UBS (IRL) ETF PLC,UBS S&P 500 ESG ELITE ETF USD ACC,IE00BLSN7P11,ETFS,12/03/2021,Ireland,GBX,MAIN MARKET,,EUET,UET7
S5EG,UBS (IRL) ETF PLC,UBS S&P 500 ESG ELITE ETF HGBP DIS,IE00BLSN7X94,ETFS,12/03/2021,Ireland,GBX,MAIN MARKET,,EUET,UET7
S5SD,UBS (IRL) ETF PLC,UBS S&P 500 SCORED & SCRND ETF USD DIS,IE00BHXMHK04,ETFS,12/04/2019,Ireland,GBX,MAIN MARKET,,ETFS,ETEU
S5UA,UBS (IRL) ETF PLC,UBS CORE S&P 500 UCITS ETF USD ACC,IE00BD4TXW66,ETFS,08/08/2025,Ireland,GBX,MAIN MARKET,,EUET,UET7
S5UH,UBS (IRL) ETF PLC,UBS CORE S&P 500 UCITS ETF USD ACC,IE00BD4TXW66,ETFS,29/01/2026,Ireland,HKD,MAIN MARKET,,EUE2,UE2K
S5UU,UBS (IRL) ETF PLC,UBS CORE S&P 500 UCITS ETF USD ACC,IE00BD4TXW66,ETFS,29/01/2026,Ireland,USD,MAIN MARKET,,EUE3,UE3D
SPDA,UBS (IRL) ETF PLC,UBS S&P USA DIV ARISTO ESGELITE ETF USD,IE000JQ2IJD3,ETFS,30/06/2023,Ireland,GBX,MAIN MARKET,,ETFS,ETEL
SRIA,UBS (IRL) ETF PLC,UBS MSCI USA SOCIALLY RESPONSIBLE ACC,IE00BJXT3C94,ETFS,07/10/2025,Ireland,GBX,MAIN MARKET,,EUET,UET7
SRIU,UBS (IRL) ETF PLC,UBS MSCI USA SRI ETF USD DIS,IE00BJXT3B87,ETFS,13/05/2020,Ireland,GBX,MAIN MARKET,,ETFS,ETEN
SRIW,UBS (IRL) ETF PLC,UBS MSCI WORLD SRI ETF USD DIS,IE00BK72HH44,ETFS,13/05/2020,Ireland,GBX,MAIN MARKET,,ETFS,ETEN
SRUG,UBS (IRL) ETF PLC,UBS MSCI USA SRI ETF HGBP DIS,IE00BJXT3H40,ETFS,13/05/2020,Ireland,GBX,MAIN MARKET,,ETFS,ETEN
SRWG,UBS (IRL) ETF PLC,UBS MSCI WORLD SRI ETF HGBP DIS,IE00BK72HN04,ETFS,13/05/2020,Ireland,GBX,MAIN MARKET,,ETFS,ETEN
UB0A,UBS (IRL) ETF PLC,UBS CORE MSCI USA ETF HGBP ACC,IE00BYQ00Y50,ETFS,03/08/2017,Ireland,GBX,MAIN MARKET,,ETFS,ETEU
UC03,UBS (IRL) ETF PLC,UBS CORE MSCI USA ETF USD DIS,IE00B77D4428,ETFS,09/01/2014,Ireland,USD,MAIN MARKET,,ETF2,EFEU
UC04,UBS (IRL) ETF PLC,UBS CORE MSCI USA ETF USD DIS,IE00B77D4428,ETFS,28/06/2012,Ireland,GBX,MAIN MARKET,,ETFS,ETEN
UC07,UBS (IRL) ETF PLC,UBS MSCI USA VALUE ETF USD DIS,IE00B78JSG98,ETFS,28/06/2012,Ireland,GBX,MAIN MARKET,,ETFS,ETEN
UC13,UBS (IRL) ETF PLC,UBS CORE S&P 500 ETF USD DIS,IE00B7K93397,ETFS,28/06/2012,Ireland,GBX,MAIN MARKET,,ETFS,ETEN
UC95,UBS (IRL) ETF PLC,UBS MSCI USA LOW VOL ETF USD DIS,IE00BX7RQY03,ETFS,23/09/2015,Ireland,GBX,MAIN MARKET,,ETFS,ETEU
UC96,UBS (IRL) ETF PLC,UBS MSCI USA PRIME VAL SCRND ETF USD,IE00BX7RR706,ETFS,23/09/2015,Ireland,GBX,MAIN MARKET,,ETFS,ETEU
UC99,UBS (IRL) ETF PLC,UBS MSCI USA QUAL. SCRND ETF USD DIS,IE00BX7RRJ27,ETFS,23/09/2015,Ireland,GBX,MAIN MARKET,,ETFS,ETEU
UKSA,UBS (IRL) ETF PLC,UBS MSCI UNITED KINGDOM SRI ACC,IE00BMP3HM86,ETFS,18/11/2025,Ireland,GBX,MAIN MARKET,,EUET,UET7
UKSR,UBS (IRL) ETF PLC,UBS MSCI UK IMI SRI ETF GBP DIS,IE00BMP3HN93,ETFS,29/10/2014,Ireland,GBX,MAIN MARKET,,ETFS,ETEU
UMC,UBS (IRL) ETF PLC,UBS MSCI USA MEGA CAP UCITS ETF USD A,IE000YCD1TY0,ETFS,09/09/2025,Ireland,GBX,MAIN MARKET,,EUET,UET7
UPVL,UBS (IRL) ETF PLC,UBS MSCI USA PRIME VAL SCRND ETF HGBP,IE00BXDZNH00,ETFS,03/02/2016,Ireland,GBX,MAIN MARKET,,ETFS,ETEU
UQLT,UBS (IRL) ETF PLC,UBS MSCI USA QUAL. SCRND ETF HGBP DIS,IE00BXDZNK39,ETFS,03/02/2016,Ireland,GBX,MAIN MARKET,,ETFS,ETEU
USFM,UBS (IRL) ETF PLC,UBS MSCI USA SELECT MIX ETF USD DIS,IE00BDGV0308,ETFS,17/05/2017,Ireland,GBX,MAIN MARKET,,ETFS,ETEU
USPG,UBS (IRL) ETF PLC,UBS CORE S&P 500 ETF HGBP DIS,IE00BD34DL14,ETFS,08/11/2016,Ireland,GBX,MAIN MARKET,,ETFS,ETEU
UXMC,UBS (IRL) ETF PLC,UBS MSCI USA EX MEGA CAP UCITS ETF USD A,IE0004993469,ETFS,09/09/2025,Ireland,GBX,MAIN MARKET,,EUET,UET7
WDGA,UBS (IRL) ETF PLC,UBS CORE MSCI WORLD UCITS ETF HGBP ACC,IE000QBKT4V0,ETFS,08/08/2025,Ireland,GBX,MAIN MARKET,,EUET,UET7
WOMC,UBS (IRL) ETF PLC,UBS MSCI WORLD MEGA CAP UCITS ETF USD A,IE000RTQ5X23,ETFS,09/09/2025,Ireland,GBX,MAIN MARKET,,EUET,UET7
WRDA,UBS (IRL) ETF PLC,UBS CORE MSCI WORLD ETF USD ACC,IE00BD4TXV59,ETFS,01/02/2024,Ireland,GBX,MAIN MARKET,,EUET,UET3
WRDB,UBS (IRL) ETF PLC,UBS CORE MSCI WORLD UCITS ETF USD ACC,IE00BD4TXV59,ETFS,29/01/2026,Ireland,USD,MAIN MARKET,,EUE2,UE2G
WRDD,UBS (IRL) ETF PLC,UBS CORE MSCI WORLD ETF USD DIS,IE00B7KQ7B66,ETFS,01/02/2024,Ireland,GBX,MAIN MARKET,,EUET,UET3
WRDG,UBS (IRL) ETF PLC,UBS CORE MSCI WORLD ETF HGBP DIS,IE000KLSD4Y8,ETFS,26/04/2024,Ireland,GBX,MAIN MARKET,,EUET,UET7
WRDK,UBS (IRL) ETF PLC,UBS CORE MSCI WORLD UCITS ETF USD ACC,IE00BD4TXV59,ETFS,29/01/2026,Ireland,HKD,MAIN MARKET,,EUE3,UE3D
WSCR,UBS (IRL) ETF PLC,UBS MSCI WORLD SMAL CAP SRI ETF USD DIS,IE00BKSCBW67,ETFS,23/08/2021,Ireland,GBX,MAIN MARKET,,EUET,UET7
WXMC,UBS (IRL) ETF PLC,UBS MSCI WORLD EX MEGA CAP UCITS ETF ACC,IE0002THYAT9,ETFS,09/09/2025,Ireland,GBX,MAIN MARKET,,EUET,UET7
BCCU,UBS (IRL) FUND SOLUTIONS PLC,UBS BBG COMMODITY CMCI SF ETF USD ACC,IE00BYYLVH00,ETFS,15/06/2017,Ireland,USD,MAIN MARKET,,ETFS,ETEU
CCUA,UBS (IRL) FUND SOLUTIONS PLC,UBS CMCI COMMODITY CARRY SF ETF USD ACC,IE00BKFB6L02,ETFS,24/01/2020,Ireland,GBX,MAIN MARKET,,ETFS,ETEU
CDTR,UBS (IRL) FUND SOLUTIONS PLC,UBS CMCI FUT. COMMODITY SF ETF USD ACC,IE000WJCYGB4,ETFS,13/06/2023,Ireland,GBX,MAIN MARKET,,ETFS,ETEN
CNUA,UBS (IRL) FUND SOLUTIONS PLC,UBS MSCI CHINA A SF ETF USD ACC,IE00BKFB6K94,ETFS,27/02/2020,Ireland,GBX,MAIN MARKET,,ETFS,ETEU
CXAP,UBS (IRL) FUND SOLUTIONS PLC,UBS CMCI EX-AGRICULTURE SF ETF USD ACC,IE00BZ2GV965,ETFS,10/05/2016,Ireland,GBX,MAIN MARKET,,ETF2,EFEU
CXAU,UBS (IRL) FUND SOLUTIONS PLC,UBS CMCI EX-AGRICULTURE SF ETF USD ACC,IE00BZ2GV965,ETFS,10/05/2016,Ireland,USD,MAIN MARKET,,ETFS,ETEU
GBPO,UBS (IRL) FUND SOLUTIONS PLC,UBS GBP OVERNIGHT RATE SF UCITS ETF GBP,IE000WNEYKM1,ETFS,11/06/2025,Ireland,GBX,MAIN MARKET,,ETFS,ETEL
INDA,UBS (IRL) FUND SOLUTIONS PLC,UBS MSCI INDIA SF UCITS ETF USD ACC,IE000N70F6V6,ETFS,27/02/2026,Ireland,GBX,MAIN MARKET,,EUET,UET7
S5EQ,UBS (IRL) FUND SOLUTIONS PLC,UBS S&P 500 EQUAL WEIGHT SF ETF USD ACC,IE0008GBXCA4,ETFS,11/03/2025,Ireland,GBX,MAIN MARKET,,EUET,UET7
S5EW,UBS (IRL) FUND SOLUTIONS PLC,UBS S&P 500 EQUAL WEIGHT SF ETF USD DIS,IE000OAZZ3X6,ETFS,07/03/2025,Ireland,GBX,MAIN MARKET,,ETFS,ETEU
UC14,UBS (IRL) FUND SOLUTIONS PLC,UBS CMCI COMPOSITE SF ETF USD ACC,IE00B53H0131,ETFS,28/11/2013,Ireland,USD,MAIN MARKET,,ETF2,EFEN
UC15,UBS (IRL) FUND SOLUTIONS PLC,UBS CMCI COMPOSITE SF ETF USD ACC,IE00B53H0131,ETFS,14/06/2013,Ireland,GBX,MAIN MARKET,,ETFS,ETEN
UC48,UBS (IRL) FUND SOLUTIONS PLC,UBS MSCI AC ASIA EXJAPAN SF ETF USD ACC,IE00B7WK2W23,ETFS,23/06/2017,Ireland,GBX,MAIN MARKET,,ETFS,ETEU
UC90,UBS (IRL) FUND SOLUTIONS PLC,UBS CMCI COMPOSITE SF ETF HGBP ACC,IE00B50XJX92,ETFS,10/03/2015,Ireland,GBX,MAIN MARKET,,ETFS,ETEU
UD06,UBS (IRL) FUND SOLUTIONS PLC,UBS BBG COMMODITY CMCI SF ETF HGBP ACC,IE00BF0V4615,ETFS,06/03/2018,Ireland,GBX,MAIN MARKET,,ETFS,ETEU
UD07,UBS (IRL) FUND SOLUTIONS PLC,UBS BBG COMMODITY CMCI SF ETF USD ACC,IE00BYYLVH00,ETFS,06/03/2018,Ireland,GBX,MAIN MARKET,,ETF2,EFEU
UD08,UBS (IRL) FUND SOLUTIONS PLC,UBS CMCI EX-AGRICULTURE SF ETF HGBP ACC,IE00BYT5CX00,ETFS,06/03/2018,Ireland,GBX,MAIN MARKET,,ETFS,ETEU
USDO,UBS (IRL) FUND SOLUTIONS PLC,UBS USD OVERNIGHT RATE SF UCITS ETF USD,IE000QVOGR82,ETFS,11/06/2025,Ireland,USD,MAIN MARKET,,ETFS,ETEL
BSUS,UBS (LUX) FUND SOLUTIONS,UBS BBG MSCI US LQ CRP SUS ETF HGBP DIS,LU1215461598,ETFS,28/09/2018,Luxembourg,GBX,MAIN MARKET,,ETFS,ETEU
CANA,UBS (LUX) FUND SOLUTIONS,UBS MSCI CANADA ETF CAD ACC,LU0950672807,ETFS,13/12/2024,Luxembourg,USD,MAIN MARKET,,EUET,UETY
CBS5,UBS (LUX) FUND SOLUTIONS,UBS BBG MSCI US LQ CRP 1-5 SUS ETF USD,LU2408467723,ETFS,28/04/2022,Luxembourg,GBX,MAIN MARKET,,ETFS,ETEU
CBSE,UBS (LUX) FUND SOLUTIONS,UBS BBG MSCI EUR.AR.LQ.CRP SUS ETF EUR,LU1484799769,ETFS,31/01/2017,Luxembourg,GBX,MAIN MARKET,,ETFS,ETEU
CHSU,UBS (LUX) FUND SOLUTIONS,UBS CORE MSCI EUROPE UCITS ETF EUR ACC,LU0950668524,ETFS,29/01/2026,Luxembourg,USD,MAIN MARKET,,EUE2,UE2K
CHTE,UBS (LUX) FUND SOLUTIONS,UBS SOLACTIVE CHINA TECH ETF USD ACC,LU2265794276,ETFS,17/01/2022,Luxembourg,GBX,MAIN MARKET,,EUET,UET3
CHTU,UBS (LUX) FUND SOLUTIONS,UBS SOLACTIVE CHINA TECHNOLOGY ETF ACC,LU2265794276,ETFS,31/10/2025,Luxembourg,USD,MAIN MARKET,,EUE2,UE2C
CLOH,UBS (LUX) FUND SOLUTIONS,UBS EUR AAA CLO UCITS ETF HGBP DIS,LU3028243718,ETFS,15/07/2025,Luxembourg,GBX,MAIN MARKET,,EUET,UEA2
CLOU,UBS (LUX) FUND SOLUTIONS,UBS EUR AAA CLO UCITS ETF HUSD DIS,LU3028243981,ETFS,23/09/2025,Luxembourg,USD,MAIN MARKET,,EUET,UEA2
CNSG,UBS (LUX) FUND SOLUTIONS,UBS MSCI CHINA UNIVERSAL ETF USD DIS,LU1953188833,ETFS,08/08/2019,Luxembourg,GBX,MAIN MARKET,,ETFS,ETEU
EGOG,UBS (LUX) FUND SOLUTIONS,UBS JPM GLBL GOV ESG LQ BOND ETF HGBP,LU1974694637,ETFS,21/10/2020,Luxembourg,GBX,MAIN MARKET,,ETFS,ETEU
EGOV,UBS (LUX) FUND SOLUTIONS,UBS JPM GLBL GOV ESG LQ BOND ETF USD,LU1974693662,ETFS,18/10/2019,Luxembourg,GBX,MAIN MARKET,,ETFS,ETEU
EII1,UBS (LUX) FUND SOLUTIONS,UBS BBG EURO INFLATION LINKED 1-10 EUR A,LU1645380442,ETFS,30/07/2025,Luxembourg,GBX,MAIN MARKET,,EUET,UETY
EMIG,UBS (LUX) FUND SOLUTIONS,UBS JPM USD EM IG SCRND DIV BND ETF USD,LU1974695790,ETFS,08/08/2019,Luxembourg,GBX,MAIN MARKET,,ETFS,ETEU
EMLO,UBS (LUX) FUND SOLUTIONS,UBS JPM EM MLTI-ENH.LCL CCY BND ETF USD,LU1720938841,ETFS,11/09/2018,Luxembourg,GBX,MAIN MARKET,,ETFS,ETEU
EMSR,UBS (LUX) FUND SOLUTIONS,UBS MSCI EM SOCIALLY RESPONSIBLE UCITS E,LU1048313974,ETFS,15/10/2025,Luxembourg,GBX,MAIN MARKET,,EUET,UETY
EUFM,UBS (LUX) FUND SOLUTIONS,UBS MSCI EMU SELECT MIX ETF EUR ACC,LU1804202403,ETFS,09/07/2018,Luxembourg,GBX,MAIN MARKET,,ETFS,ETEU
EURD,UBS (LUX) FUND SOLUTIONS,UBS CORE MSCI EUROPE UCITS ETF USD ACC,LU3254395307,ETFS,06/03/2026,Luxembourg,USD,MAIN MARKET,,EUET,UET7
EUSR,UBS (LUX) FUND SOLUTIONS,UBS MSCI EMU SRI ETF HGBP DIS,LU1280300853,ETFS,06/05/2020,Luxembourg,GBX,MAIN MARKET,,ETFS,ETEN
GLCD,UBS (LUX) FUND SOLUTIONS,UBS BBG MSCI GLOBAL LIQUID CORP SUS GBPH,LU3259261470,ETFS,10/03/2026,Luxembourg,GBX,MAIN MARKET,,EUET,UET3
HKDU,UBS (LUX) FUND SOLUTIONS,UBS MSCI HONG KONG UCITS ETF (HKD) A-DIS,LU1169827224,ETFS,10/12/2025,Luxembourg,USD,MAIN MARKET,,EUET,UET7
JPNA,UBS (LUX) FUND SOLUTIONS,UBS CORE MSCI JAPAN UCITS ETF JPY ACC,LU0950671825,ETFS,29/01/2026,Luxembourg,USD,MAIN MARKET,,EUE2,UE2G
JPNH,UBS (LUX) FUND SOLUTIONS,UBS CORE MSCI JAPAN UCITS ETF JPY ACC,LU0950671825,ETFS,29/01/2026,Luxembourg,HKD,MAIN MARKET,,EUET,UET7
JPSO,UBS (LUX) FUND SOLUTIONS,UBS MSCI JAPAN SOCIALLY RESPONSIBLE UCIT,LU1230563022,ETFS,15/10/2025,Luxembourg,GBX,MAIN MARKET,,EUET,UETY
JPSR,UBS (LUX) FUND SOLUTIONS,UBS MSCI JAPAN SRI ETF JPY DIS,LU1230561679,ETFS,28/08/2015,Luxembourg,GBX,MAIN MARKET,,ETFS,ETEU
JT13,UBS (LUX) FUND SOLUTIONS,UBS BBG JAPAN TREASURY 1-3 ETF JPY ACC,LU2098179695,ETFS,18/01/2022,Luxembourg,GBX,MAIN MARKET,,ETFS,ETEU
MDB1,UBS (LUX) FUND SOLUTIONS,UBS SUST DEVELOPMENT BANK BONDS 1-5 ACC,LU3065087333,ETFS,05/12/2025,Luxembourg,USD,MAIN MARKET,,EUET,UETY
MDBG,UBS (LUX) FUND SOLUTIONS,UBS SUST DEV BANK BONDS ETF HGBP DIS,LU1852212023,ETFS,06/05/2020,Luxembourg,GBX,MAIN MARKET,,ETFS,ETEN
MDBU,UBS (LUX) FUND SOLUTIONS,UBS SUST DEV BANK BONDS ETF USD DIS,LU1852212965,ETFS,15/11/2018,Luxembourg,GBX,MAIN MARKET,,ETFS,ETEU
MESR,UBS (LUX) FUND SOLUTIONS,UBS MSCI EUROPE SRI ETF EUR ACC,LU2206597804,ETFS,22/07/2024,Luxembourg,GBX,MAIN MARKET,,EUET,UET3
MJPU,UBS (LUX) FUND SOLUTIONS,UBS CORE MSCI JAPAN UCITS ETF USD ACC,LU3254394912,ETFS,06/03/2026,Luxembourg,USD,MAIN MARKET,,EUET,UET7
MSEA,UBS (LUX) FUND SOLUTIONS,UBS CORE MSCI EUROPE UCITS ETF EUR ACC,LU0950668524,ETFS,08/08/2025,Luxembourg,GBX,MAIN MARKET,,EUET,UET7
MSEH,UBS (LUX) FUND SOLUTIONS,UBS CORE MSCI EUROPE UCITS ETF EUR ACC,LU0950668524,ETFS,29/01/2026,Luxembourg,HKD,MAIN MARKET,,EUE3,UE3F
SBEG,UBS (LUX) FUND SOLUTIONS,UBS BBG USD EM SOVEREIGN ETF HGBP DIS,LU1324516480,ETFS,10/05/2016,Luxembourg,GBX,MAIN MARKET,,ETFS,ETEU
SBEM,UBS (LUX) FUND SOLUTIONS,UBS BBG USD EM SOVEREIGN ETF USD DIS,LU1324516050,ETFS,10/02/2016,Luxembourg,GBX,MAIN MARKET,,ETFS,ETEU
SDBG,UBS (LUX) FUND SOLUTIONS,UBS SUST DEV BANK BONDS 1-5 HGBP ACC,LU3065099932,ETFS,31/10/2025,Luxembourg,GBX,MAIN MARKET,,EUET,UETY
SDBH,UBS (LUX) FUND SOLUTIONS,UBS SUST DEVELOP BANK BONDS 1-5 HGBP DIS,LU3065096839,ETFS,19/01/2026,Luxembourg,GBX,MAIN MARKET,,EUET,UETY
SDBU,UBS (LUX) FUND SOLUTIONS,UBS SUST DEVELOP BANK BONDS 1-5 USD DIS,LU3065084744,ETFS,19/01/2026,Luxembourg,USD,MAIN MARKET,,EUET,UETY
SEMC,UBS (LUX) FUND SOLUTIONS,UBS JPM USD EM DIV BOND 1-5 ETF USD DIS,LU1645385839,ETFS,13/11/2017,Luxembourg,GBX,MAIN MARKET,,ETFS,ETEU
T10A,UBS (LUX) FUND SOLUTIONS,UBS BBG TIPS 10+ UCITS ETF HGBP ACC,LU1459803216,ETFS,17/06/2025,Luxembourg,GBX,MAIN MARKET,,EUET,UETY
T10G,UBS (LUX) FUND SOLUTIONS,UBS BBG TIPS 10+ ETF HGBP DIS,LU1459803133,ETFS,07/02/2019,Luxembourg,GBX,MAIN MARKET,,ETFS,ETEU
UB00,UBS (LUX) FUND SOLUTIONS,UBS CORE EURO STOXX 50 UCITS ETF EUR DIS,LU0136234068,ETFS,28/11/2013,Luxembourg,EUR,MAIN MARKET,,ETF2,EFEU
UB01,UBS (LUX) FUND SOLUTIONS,UBS CORE EURO STOXX 50 ETF EUR DIS,LU0136234068,ETFS,28/06/2012,Luxembourg,GBX,MAIN MARKET,,ETFS,ETEN
UB02,UBS (LUX) FUND SOLUTIONS,UBS CORE MSCI JAPAN ETF JPY DIS,LU0136240974,ETFS,28/06/2012,Luxembourg,GBX,MAIN MARKET,,ETFS,ETEN
UB03,UBS (LUX) FUND SOLUTIONS,UBS FTSE 100 ETF GBP DIS,LU0136242590,ETFS,28/06/2012,Luxembourg,GBX,MAIN MARKET,,ETFS,ETEN
UB06,UBS (LUX) FUND SOLUTIONS,UBS CORE MSCI EMU ETF EUR DIS,LU0147308422,ETFS,28/06/2012,Luxembourg,GBX,MAIN MARKET,,ETFS,ETEN
UB0D,UBS (LUX) FUND SOLUTIONS,UBS CORE MSCI JAPAN ETF HGBP DIS,LU1169822340,ETFS,03/08/2017,Luxembourg,GBX,MAIN MARKET,,ETFS,ETEU
UB0E,UBS (LUX) FUND SOLUTIONS,UBS CORE MSCI EMU ETF HGBP ACC,LU1169820138,ETFS,03/08/2017,Luxembourg,GBX,MAIN MARKET,,ETFS,ETEU
UB0F,UBS (LUX) FUND SOLUTIONS,UBS CORE MSCI EMU ETF HGBP DIS,LU1169819981,ETFS,03/08/2017,Luxembourg,GBX,MAIN MARKET,,ETFS,ETEU
UB12,UBS (LUX) FUND SOLUTIONS,UBS CORE MSCI EUROPE ETF EUR DIS,LU0446734104,ETFS,11/06/2012,Luxembourg,GBX,MAIN MARKET,,EUET,UET7
UB17,UBS (LUX) FUND SOLUTIONS,UBS MSCI EMU VALUE ETF EUR DIS,LU0446734369,ETFS,28/06/2012,Luxembourg,GBX,MAIN MARKET,,ETFS,ETEN
UB20,UBS (LUX) FUND SOLUTIONS,UBS MSCI PACIFIC EX JAPAN ETF USD DIS,LU0446734526,ETFS,28/06/2012,Luxembourg,GBX,MAIN MARKET,,ETFS,ETEN
UB23,UBS (LUX) FUND SOLUTIONS,UBS MSCI CANADA ETF CAD DIS,LU0446734872,ETFS,28/06/2012,Luxembourg,GBX,MAIN MARKET,,ETFS,ETEN
UB30,UBS (LUX) FUND SOLUTIONS,UBS CORE MSCI EM ETF USD DIS,LU0480132876,ETFS,28/11/2013,Luxembourg,USD,MAIN MARKET,,ETF2,EFEU
UB32,UBS (LUX) FUND SOLUTIONS,UBS CORE MSCI EM ETF USD DIS,LU0480132876,ETFS,28/06/2012,Luxembourg,GBX,MAIN MARKET,,ETFS,ETEN
UB39,UBS (LUX) FUND SOLUTIONS,UBS MSCI EMU SRI ETF EUR DIS,LU0629460675,ETFS,28/06/2012,Luxembourg,GBX,MAIN MARKET,,ETFS,ETEN
UB45,UBS (LUX) FUND SOLUTIONS,UBS MSCI PACIFIC SRI ETF USD DIS,LU0629460832,ETFS,28/06/2012,Luxembourg,GBX,MAIN MARKET,,ETFS,ETEN
UB69,UBS (LUX) FUND SOLUTIONS,UBS MSCI EMU SMALL CAP ETF EUR DIS,LU0671493277,ETFS,28/06/2012,Luxembourg,GBX,MAIN MARKET,,ETFS,ETEN
UB74,UBS (LUX) FUND SOLUTIONS,UBS CORE BBG US TRSRY 1-3 ETF USD DIS,LU0721552544,ETFS,28/06/2012,Luxembourg,GBX,MAIN MARKET,,ETFS,ETEN
UB82,UBS (LUX) FUND SOLUTIONS,UBS CORE BBG US TRSRY 1-10 ETF USD DIS,LU0721552973,ETFS,28/06/2012,Luxembourg,GBX,MAIN MARKET,,ETFS,ETEN
UBIF,UBS (LUX) FUND SOLUTIONS,UBS CORE BBG EURO INFL 1-10 ETF EUR DIS,LU1645380368,ETFS,13/11/2017,Luxembourg,GBX,MAIN MARKET,,ETFS,ETEU
UBTA,UBS (LUX) FUND SOLUTIONS,UBS BBG TIPS 10+ UCITS ETF USD ACC,LU1459802838,ETFS,17/06/2025,Luxembourg,GBX,MAIN MARKET,,EUET,UETY
UBTL,UBS (LUX) FUND SOLUTIONS,UBS BBG TIPS 10+ ETF USD DIS,LU1459802754,ETFS,25/11/2016,Luxembourg,GBX,MAIN MARKET,,ETFS,ETEU
UBTP,UBS (LUX) FUND SOLUTIONS,UBS CORE BBG TIPS 1-10 ETF HGBP ACC,LU1459801947,ETFS,25/11/2016,Luxembourg,GBX,MAIN MARKET,,ETFS,ETEU
UBTS,UBS (LUX) FUND SOLUTIONS,UBS CORE BBG TIPS 1-10 ETF USD DIS,LU1459801434,ETFS,25/11/2016,Luxembourg,GBX,MAIN MARKET,,ETFS,ETEU
UBXX,UBS (LUX) FUND SOLUTIONS,UBS JPM USD EM DIV.BOND 1-5 ETF HGBP,LU1645386647,ETFS,02/03/2018,Luxembourg,GBX,MAIN MARKET,,ETFS,ETEU
UC44,UBS (LUX) FUND SOLUTIONS,UBS MSCI WORLD SRI ETF USD DIS,LU0629459743,ETFS,21/09/2012,Luxembourg,GBX,MAIN MARKET,,ETFS,ETEU
UC46,UBS (LUX) FUND SOLUTIONS,UBS MSCI USA SRI ETF USD DIS,LU0629460089,ETFS,21/09/2012,Luxembourg,GBX,MAIN MARKET,,ETFS,ETEU
UC55,UBS (LUX) FUND SOLUTIONS,UBS MSCI WORLD ETF USD DIS,LU0340285161,ETFS,10/07/2013,Luxembourg,GBX,MAIN MARKET,,ETFS,ETEU
UC63,UBS (LUX) FUND SOLUTIONS,UBS MSCI UNITED KINGDOM ETF GBP DIS,LU0937836467,ETFS,28/11/2013,Luxembourg,GBX,MAIN MARKET,,ETFS,ETEU
UC64,UBS (LUX) FUND SOLUTIONS,UBS MSCI UNITED KINGDOM ETF GBP ACC,LU0950670850,ETFS,28/11/2013,Luxembourg,GBX,MAIN MARKET,,ETFS,ETEU
UC65,UBS (LUX) FUND SOLUTIONS,UBS CORE MSCI JAPAN ETF JPY DIS,LU0136240974,ETFS,28/11/2013,Luxembourg,USD,MAIN MARKET,,ETF2,EFEU
UC67,UBS (LUX) FUND SOLUTIONS,UBS MSCI USA ETF USD DIS,LU0136234654,ETFS,23/09/2014,Luxembourg,USD,MAIN MARKET,,ETFS,ETEU
UC68,UBS (LUX) FUND SOLUTIONS,UBS MSCI WORLD ETF USD DIS,LU0340285161,ETFS,28/11/2013,Luxembourg,USD,MAIN MARKET,,ETF2,EFEU
UC76,UBS (LUX) FUND SOLUTIONS,UBS CORE BBG US LIQ. CORP ETF USD DIS,LU1048316647,ETFS,10/11/2014,Luxembourg,USD,MAIN MARKET,,ETFS,ETEU
UC79,UBS (LUX) FUND SOLUTIONS,UBS MSCI EM SRI UCITS ETF USD DIS,LU1048313891,ETFS,23/09/2014,Luxembourg,GBX,MAIN MARKET,,ETFS,ETEU
UC81,UBS (LUX) FUND SOLUTIONS,UBS BBG US LIQ. CORP 1-5 ETF USD DIS,LU1048314949,ETFS,05/12/2014,Luxembourg,GBX,MAIN MARKET,,ETFS,ETEU
UC82,UBS (LUX) FUND SOLUTIONS,UBS BBG US LIQ. CORP 1-5 ETF HGBP DIS,LU1048315326,ETFS,05/12/2014,Luxembourg,GBX,MAIN MARKET,,ETFS,ETEU
UC84,UBS (LUX) FUND SOLUTIONS,UBS CORE BBG US LIQ. CORP ETF USD DIS,LU1048316647,ETFS,10/11/2014,Luxembourg,GBX,MAIN MARKET,,ETF2,EFEU
UC85,UBS (LUX) FUND SOLUTIONS,UBS CORE BBG US LIQ. CORP ETF HGBP DIS,LU1048317298,ETFS,10/11/2014,Luxembourg,GBX,MAIN MARKET,,ETFS,ETEU
UC86,UBS (LUX) FUND SOLUTIONS,UBS BBG US LIQ. CORP 1-5 ETF USD DIS,LU1048314949,ETFS,05/12/2014,Luxembourg,USD,MAIN MARKET,,ETF2,EFEU
UC87,UBS (LUX) FUND SOLUTIONS,UBS MSCI CANADA ETF HGBP ACC,LU1130156323,ETFS,06/03/2015,Luxembourg,GBX,MAIN MARKET,,ETFS,ETEU
UC93,UBS (LUX) FUND SOLUTIONS,UBS MSCI SWITZERLAND 20/35 ETF HGBP ACC,LU1169830525,ETFS,11/06/2015,Luxembourg,GBX,MAIN MARKET,,ETFS,ETEU
UC94,UBS (LUX) FUND SOLUTIONS,UBS MSCI SWITZERLAND 20/35 ETF HGBP DIS,LU1169830442,ETFS,11/06/2015,Luxembourg,GBX,MAIN MARKET,,ETFS,ETEU
UC97,UBS (LUX) FUND SOLUTIONS,UBS BBG MSCI US LQ CRP SUS ETF USD DIS,LU1215461085,ETFS,01/09/2015,Luxembourg,USD,MAIN MARKET,,ETFS,ETEU
UC98,UBS (LUX) FUND SOLUTIONS,UBS BBG MSCI US LQ CRP SUS ETF USD DIS,LU1215461085,ETFS,01/09/2015,Luxembourg,GBX,MAIN MARKET,,ETF2,EFEU
UD02,UBS (LUX) FUND SOLUTIONS,UBS MSCI EMU LOW VOL ETF EUR DIS,LU1215454460,ETFS,23/09/2015,Luxembourg,GBX,MAIN MARKET,,ETFS,ETEU
UD03,UBS (LUX) FUND SOLUTIONS,UBS MSCI EMU PRIME VALUE SCRND ETF EUR,LU1215452928,ETFS,23/09/2015,Luxembourg,GBX,MAIN MARKET,,ETFS,ETEU
UD04,UBS (LUX) FUND SOLUTIONS,UBS MSCI EMU QUALITY SCRND ETF EUR DIS,LU1215451524,ETFS,23/09/2015,Luxembourg,GBX,MAIN MARKET,,ETFS,ETEU
UIMA,UBS (LUX) FUND SOLUTIONS,UBS CORE MSCI EUROPE UCITS ETF EUR DIS,LU0446734104,ETFS,24/03/2026,Luxembourg,HKD,MAIN MARKET,,EUE2,UE2K
UTYP,UBS (LUX) FUND SOLUTIONS,UBS USD TREAS YIELD PLUS UCITS ETF USD D,LU3079567130,ETFS,19/09/2025,Luxembourg,GBX,MAIN MARKET,,EUET,UEA2
TDGB,VANECK ETFS N.V.,VANECK MORNINGSTAR DM DIVIDEND UCITS ETF,NL0011683594,ETFS,18/01/2019,Netherlands,GBP,MAIN MARKET,,ETF2,EFEN
TDIV,VANECK ETFS N.V.,VANECK MORNINGSTAR DM DIVIDEND UCITS ETF,NL0011683594,ETFS,18/01/2019,Netherlands,USD,MAIN MARKET,,ETFS,ETEN
TEET,VANECK ETFS N.V.,VANECK EUROPEAN EW SCREENED UCITS ETF,NL0010731816,ETFS,18/01/2019,Netherlands,USD,MAIN MARKET,,ETFS,ETEN
TEGB,VANECK ETFS N.V.,VANECK EUROPEAN EW SCREENED UCITS ETF,NL0010731816,ETFS,18/01/2019,Netherlands,GBP,MAIN MARKET,,ETF2,EFEN
TREG,VANECK ETFS N.V.,VANECK GLOBAL REAL ESTATE UCITS ETF,NL0009690239,ETFS,18/01/2019,Netherlands,GBP,MAIN MARKET,,ETF2,EFEN
TRET,VANECK ETFS N.V.,VANECK GLOBAL REAL ESTATE UCITS ETF,NL0009690239,ETFS,18/01/2019,Netherlands,USD,MAIN MARKET,,ETFS,ETEN
TSGB,VANECK ETFS N.V.,VANECK WORLD EW SCREENED UCITS ETF,NL0010408704,ETFS,18/01/2019,Netherlands,GBP,MAIN MARKET,,ETF2,EFEN
TSWE,VANECK ETFS N.V.,VANECK WORLD EW SCREENED UCITS ETF,NL0010408704,ETFS,18/01/2019,Netherlands,USD,MAIN MARKET,,ETFS,ETEN
ANGB,VANECK UCITS ETFS PLC,VANECK US FALLEN ANGEL HY BOND UCITS ETF,IE000J6CHW80,ETFS,06/09/2023,Ireland,GBP,MAIN MARKET,,EUE2,UE2C
CEBG,VANECK UCITS ETFS PLC,VANECK NEW CHINA UCITS ETF,IE0000H445G8,ETFS,29/09/2021,Ireland,GBP,MAIN MARKET,,EUE2,UE2C
CNEW,VANECK UCITS ETFS PLC,VANECK NEW CHINA UCITS ETF,IE0000H445G8,ETFS,29/09/2021,Ireland,USD,MAIN MARKET,,EUET,UET3
CURE,VANECK UCITS ETFS PLC,VANECK GENOMICS & HEALTHCARE UCITS ETF,IE000B9PQW54,ETFS,07/09/2022,Ireland,USD,MAIN MARKET,,EUET,UET3
CURG,VANECK UCITS ETFS PLC,VANECK GENOMICS & HEALTHCARE UCITS ETF,IE000B9PQW54,ETFS,07/09/2022,Ireland,GBP,MAIN MARKET,,EUE2,UE2C
CYBG,VANECK UCITS ETFS PLC,VANECK MEDICAL ROBOTICS BIONIC UCITS ETF,IE0005TF96I9,ETFS,07/12/2022,Ireland,GBP,MAIN MARKET,,EUE2,UE2C
CYBO,VANECK UCITS ETFS PLC,VANECK MEDICAL ROBOTICS BIONIC UCITS ETF,IE0005TF96I9,ETFS,07/12/2022,Ireland,USD,MAIN MARKET,,EUET,UET3
DAGB,VANECK UCITS ETFS PLC,VANECK CRYPTO AND BLOCKCHAIN UCITS ETF,IE00BMDKNW35,ETFS,06/05/2021,Ireland,GBP,MAIN MARKET,,EUE2,UE2C
DAPP,VANECK UCITS ETFS PLC,VANECK CRYPTO AND BLOCKCHAIN UCITS ETF,IE00BMDKNW35,ETFS,06/05/2021,Ireland,USD,MAIN MARKET,,EUET,UET3
DFNG,VANECK UCITS ETFS PLC,VANECK DEFENSE UCITS ETF,IE000YYE6WK5,ETFS,05/04/2023,Ireland,GBP,MAIN MARKET,,EUE2,UE2C
DFNS,VANECK UCITS ETFS PLC,VANECK DEFENSE UCITS ETF,IE000YYE6WK5,ETFS,05/04/2023,Ireland,USD,MAIN MARKET,,EUET,UET3
EMGB,VANECK UCITS ETFS PLC,VANECK JPM EM LOCAL CURR BOND UCITS ETF,IE00BDS67326,ETFS,14/06/2017,Ireland,GBP,MAIN MARKET,,EUE2,UE2C
EMLC,VANECK UCITS ETFS PLC,VANECK JPM EM LOCAL CURR BOND UCITS ETF,IE00BDS67326,ETFS,20/04/2017,Ireland,USD,MAIN MARKET,,EUET,UET3
ESGB,VANECK UCITS ETFS PLC,VANECK VIDEO GAMING AND ESPORT UCITS ETF,IE00BYWQWR46,ETFS,26/06/2019,Ireland,GBP,MAIN MARKET,,EUE2,UE2C
ESPO,VANECK UCITS ETFS PLC,VANECK VIDEO GAMING AND ESPORT UCITS ETF,IE00BYWQWR46,ETFS,26/06/2019,Ireland,USD,MAIN MARKET,,EUET,UET3
GDGB,VANECK UCITS ETFS PLC,VANECK GOLD MINERS UCITS ETF,IE00BQQP9F84,ETFS,14/06/2017,Ireland,GBP,MAIN MARKET,,EUE2,UE2C
GDIG,VANECK UCITS ETFS PLC,VANECK S&P GLOBAL MINING UCITS ETF,IE00BDFBTQ78,ETFS,23/04/2018,Ireland,USD,MAIN MARKET,,EUET,UET3
GDX,VANECK UCITS ETFS PLC,VANECK GOLD MINERS UCITS ETF,IE00BQQP9F84,ETFS,15/04/2015,Ireland,USD,MAIN MARKET,,EUET,UET3
GDXJ,VANECK UCITS ETFS PLC,VANECK JUNIOR GOLD MINERS UCITS ETF,IE00BQQP9G91,ETFS,15/04/2015,Ireland,USD,MAIN MARKET,,EUET,UET3
GFA,VANECK UCITS ETFS PLC,VANECK GLOBAL FALLEN ANGEL HY BOND ETF,IE00BF540Z61,ETFS,23/03/2018,Ireland,USD,MAIN MARKET,,EUET,UET3
GFGB,VANECK UCITS ETFS PLC,VANECK GLOBAL FALLEN ANGEL HY BOND ETF,IE00BF540Z61,ETFS,23/03/2018,Ireland,GBP,MAIN MARKET,,EUE2,UE2C
GIGB,VANECK UCITS ETFS PLC,VANECK S&P GLOBAL MINING UCITS ETF,IE00BDFBTQ78,ETFS,23/04/2018,Ireland,GBP,MAIN MARKET,,EUE2,UE2C
GJGB,VANECK UCITS ETFS PLC,VANECK JUNIOR GOLD MINERS UCITS ETF,IE00BQQP9G91,ETFS,14/06/2017,Ireland,GBP,MAIN MARKET,,EUE2,UE2C
GOAT,VANECK UCITS ETFS PLC,VANECK MSTAR GLOBAL WIDE MOAT UCITS ETF,IE00BL0BMZ89,ETFS,09/07/2020,Ireland,USD,MAIN MARKET,,EUET,UET3
GOGB,VANECK UCITS ETFS PLC,VANECK MSTAR GLOBAL WIDE MOAT UCITS ETF,IE00BL0BMZ89,ETFS,09/07/2020,Ireland,GBP,MAIN MARKET,,EUE2,UE2C
HDGB,VANECK UCITS ETFS PLC,VANECK HYDROGEN ECONOMY UCITS ETF,IE00BMDH1538,ETFS,31/03/2021,Ireland,GBP,MAIN MARKET,,EUE2,UE2C
HDRO,VANECK UCITS ETFS PLC,VANECK HYDROGEN ECONOMY UCITS ETF,IE00BMDH1538,ETFS,31/03/2021,Ireland,USD,MAIN MARKET,,EUET,UET3
HYEM,VANECK UCITS ETFS PLC,VANECK EMERGING MARKET HY BOND UCITS ETF,IE00BF541080,ETFS,23/03/2018,Ireland,USD,MAIN MARKET,,EUET,UET3
HYGB,VANECK UCITS ETFS PLC,VANECK EMERGING MARKET HY BOND UCITS ETF,IE00BF541080,ETFS,23/03/2018,Ireland,GBP,MAIN MARKET,,EUE2,UE2C
JEDG,VANECK UCITS ETFS PLC,VANECK SPACE INNOVATORS UCITS ETF,IE000YU9K6K2,ETFS,29/06/2022,Ireland,GBP,MAIN MARKET,,EUE2,UE2C
JEDI,VANECK UCITS ETFS PLC,VANECK SPACE INNOVATORS UCITS ETF,IE000YU9K6K2,ETFS,29/06/2022,Ireland,USD,MAIN MARKET,,EUET,UET3
MOAT,VANECK UCITS ETFS PLC,VANECK MSTAR US ESG WIDE MOAT UCITS ETF,IE00BQQP9H09,ETFS,28/10/2015,Ireland,USD,MAIN MARKET,,EUET,UET3
MOGB,VANECK UCITS ETFS PLC,VANECK MSTAR US ESG WIDE MOAT UCITS ETF,IE00BQQP9H09,ETFS,14/06/2017,Ireland,GBP,MAIN MARKET,,EUE2,UE2C
MOTU,VANECK UCITS ETFS PLC,VANECK MORNINGSTAR US WIDE MOAT UCITS,IE0007I99HX7,ETFS,17/01/2024,Ireland,USD,MAIN MARKET,,EUET,UET3
MOTV,VANECK UCITS ETFS PLC,VANECK MORNINGSTAR US WIDE MOAT UCITS,IE0007I99HX7,ETFS,17/01/2024,Ireland,GBP,MAIN MARKET,,EUE2,UE2C
NUCG,VANECK UCITS ETFS PLC,VANECK URANIUM AND NUCLEAR UCITS ETF,IE000M7V94E1,ETFS,10/02/2023,Ireland,GBP,MAIN MARKET,,EUE2,UE2C
NUCL,VANECK UCITS ETFS PLC,VANECK URANIUM AND NUCLEAR UCITS ETF,IE000M7V94E1,ETFS,10/02/2023,Ireland,USD,MAIN MARKET,,EUET,UET3
OIGB,VANECK UCITS ETFS PLC,VANECK OIL SERVICES UCITS ETF,IE000NXF88S1,ETFS,05/04/2023,Ireland,GBP,MAIN MARKET,,EUE2,UE2C
OIHV,VANECK UCITS ETFS PLC,VANECK OIL SERVICES UCITS ETF,IE000NXF88S1,ETFS,05/04/2023,Ireland,USD,MAIN MARKET,,EUET,UET3
PIKA,VANECK UCITS ETFS PLC,VANECK ELECTRIFICATION UCITS ETF,IE000YYVSM16,ETFS,03/06/2026,Ireland,USD,MAIN MARKET,,EUET,UET3
PIKG,VANECK UCITS ETFS PLC,VANECK ELECTRIFICATION UCITS ETF,IE000YYVSM16,ETFS,03/06/2026,Ireland,GBP,MAIN MARKET,,EUE2,UE2C
QNTG,VANECK UCITS ETFS PLC,VANECK QUANTUM COMPUTING UCITS ETF,IE0007Y8Y157,ETFS,27/05/2025,Ireland,GBP,MAIN MARKET,,EUE2,UE2C
QNTM,VANECK UCITS ETFS PLC,VANECK QUANTUM COMPUTING UCITS ETF,IE0007Y8Y157,ETFS,27/05/2025,Ireland,USD,MAIN MARKET,,EUET,UET3
REGB,VANECK UCITS ETFS PLC,VANECK RARE EARTH STR METALS UCITS ETF,IE0002PG6CA6,ETFS,29/09/2021,Ireland,GBP,MAIN MARKET,,EUE2,UE2C
REMX,VANECK UCITS ETFS PLC,VANECK RARE EARTH STR METALS UCITS ETF,IE0002PG6CA6,ETFS,29/09/2021,Ireland,USD,MAIN MARKET,,EUET,UET3
REUG,VANECK UCITS ETFS PLC,VANECK CIRCULAR ECONOMY UCITS ETF,IE0001J5A2T9,ETFS,26/10/2022,Ireland,GBP,MAIN MARKET,,EUE2,UE2C
REUS,VANECK UCITS ETFS PLC,VANECK CIRCULAR ECONOMY UCITS ETF,IE0001J5A2T9,ETFS,26/10/2022,Ireland,USD,MAIN MARKET,,EUET,UET3
SMGB,VANECK UCITS ETFS PLC,VANECK SEMICONDUCTOR UCITS ETF,IE00BMC38736,ETFS,03/12/2020,Ireland,GBP,MAIN MARKET,,EUE2,UE2C
SMH,VANECK UCITS ETFS PLC,VANECK SEMICONDUCTOR UCITS ETF,IE00BMC38736,ETFS,03/12/2020,Ireland,USD,MAIN MARKET,,EUET,UET3
SMOT,VANECK UCITS ETFS PLC,VANECK MORNINGSTAR US SMID MOAT UCITS,IE000SBU19F7,ETFS,17/01/2024,Ireland,USD,MAIN MARKET,,EUET,UET3
SMTV,VANECK UCITS ETFS PLC,VANECK MORNINGSTAR US SMID MOAT UCITS,IE000SBU19F7,ETFS,17/01/2024,Ireland,GBP,MAIN MARKET,,EUE2,UE2C
TDUK,VANECK UCITS ETFS PLC,VANECK DIVIDEND LEADERS EX-US UCITS ETF,IE000QYDXKV5,ETFS,23/04/2026,Ireland,GBP,MAIN MARKET,,EUE2,UE2C
TDVX,VANECK UCITS ETFS PLC,VANECK DIVIDEND LEADERS EX-US UCITS ETF,IE000QYDXKV5,ETFS,23/04/2026,Ireland,USD,MAIN MARKET,,EUET,UET3
USFA,VANECK UCITS ETFS PLC,VANECK US FALLEN ANGEL HY BOND UCITS ETF,IE000J6CHW80,ETFS,06/09/2023,Ireland,USD,MAIN MARKET,,EUET,UET3
VEGB,VANECK UCITS ETFS PLC,VANECK SUSTAIN FUTURE OF FOOD UCITS ETF,IE0005B8WVT6,ETFS,29/06/2022,Ireland,GBP,MAIN MARKET,,EUE2,UE2C
VEGI,VANECK UCITS ETFS PLC,VANECK SUSTAIN FUTURE OF FOOD UCITS ETF,IE0005B8WVT6,ETFS,29/06/2022,Ireland,USD,MAIN MARKET,,EUET,UET3
V3AA,VANGUARD FUNDS PLC,VANGUARD ESG GLOBL ALL CAP UCITS ETF ACC,IE00BNG8L278,ETFS,25/03/2021,Ireland,USD,MAIN MARKET,,EUET,UETY
V3AB,VANGUARD FUNDS PLC,VANGUARD ESG GLOBL ALL CAP UCITS ETF ACC,IE00BNG8L278,ETFS,25/03/2021,Ireland,GBP,MAIN MARKET,,EUE2,UE2K
V3AL,VANGUARD FUNDS PLC,VANGUARD ESG GLOBL ALL CAP UCITS ETF DIS,IE00BNG8L385,ETFS,25/03/2021,Ireland,USD,MAIN MARKET,,EUET,UETY
V3AM,VANGUARD FUNDS PLC,VANGUARD ESG GLOBL ALL CAP UCITS ETF DIS,IE00BNG8L385,ETFS,25/03/2021,Ireland,GBP,MAIN MARKET,,EUE2,UE2K
V3EA,VANGUARD FUNDS PLC,VGI ESG DEV EUR ALL CAP ETF (EUR) ACC,IE000QUOSE01,ETFS,18/08/2022,Ireland,GBP,MAIN MARKET,,EUET,UETY
V3EL,VANGUARD FUNDS PLC,VGI ESG DEV EUR ALL CAP ETF (EUR) DIST,IE000NRGX9M3,ETFS,18/08/2022,Ireland,GBP,MAIN MARKET,,EUET,UETY
V3GD,VANGUARD FUNDS PLC,VANGUARD ESG GLBL CORP UCITS ETF USH DIS,IE00BNDS1X14,ETFS,25/05/2021,Ireland,USD,MAIN MARKET,,EUET,UETY
V3GP,VANGUARD FUNDS PLC,VANGUARD ESG GLBL CORP UCITS ETF GBH DIS,IE00BNDS1V99,ETFS,25/05/2021,Ireland,GBP,MAIN MARKET,,EUET,UETY
V3GS,VANGUARD FUNDS PLC,VANGUARD ESG GLBL CORP UCITS ETF GBH ACC,IE00BNDS1T77,ETFS,25/05/2021,Ireland,GBP,MAIN MARKET,,EUET,UETY
V3GU,VANGUARD FUNDS PLC,VANGUARD ESG GLBL CORP UCITS ETF USH ACC,IE00BNDS1W07,ETFS,25/05/2021,Ireland,USD,MAIN MARKET,,EUET,UETY
V3MA,VANGUARD FUNDS PLC,VGI ESG EM ALL CAP ETF (USD) ACC,IE000KPJJWM6,ETFS,13/10/2022,Ireland,USD,MAIN MARKET,,EUET,UETY
V3MB,VANGUARD FUNDS PLC,VGI ESG EM ALL CAP ETF (USD) ACC,IE000KPJJWM6,ETFS,13/10/2022,Ireland,GBP,MAIN MARKET,,EUE2,UE2K
V3ML,VANGUARD FUNDS PLC,VGI ESG EM ALL CAP ETF (USD) DIST,IE0001VXZTV7,ETFS,13/10/2022,Ireland,USD,MAIN MARKET,,EUET,UETY
V3MM,VANGUARD FUNDS PLC,VGI ESG EM ALL CAP ETF (USD) DIST,IE0001VXZTV7,ETFS,13/10/2022,Ireland,GBP,MAIN MARKET,,EUE2,UE2K
V3NA,VANGUARD FUNDS PLC,VGI ESG NORTH AM ALL CAP ETF (USD) ACC,IE000O58J820,ETFS,18/08/2022,Ireland,USD,MAIN MARKET,,EUET,UETY
V3NB,VANGUARD FUNDS PLC,VGI ESG NORTH AM ALL CAP ETF (USD) ACC,IE000O58J820,ETFS,18/08/2022,Ireland,GBP,MAIN MARKET,,EUE2,UE2K
V3NL,VANGUARD FUNDS PLC,VGI ESG NORTH AM ALL CAP ETF (USD) DIST,IE000L2ZNB07,ETFS,18/08/2022,Ireland,USD,MAIN MARKET,,EUET,UETY
V3NM,VANGUARD FUNDS PLC,VGI ESG NORTH AM ALL CAP ETF (USD) DIST,IE000L2ZNB07,ETFS,18/08/2022,Ireland,GBP,MAIN MARKET,,EUE2,UE2K
V3PA,VANGUARD FUNDS PLC,VGI ESG DEV APAC ALL CAP ETF (USD) ACC,IE000GOJO2A3,ETFS,13/10/2022,Ireland,USD,MAIN MARKET,,EUET,UETY
V3PB,VANGUARD FUNDS PLC,VGI ESG DEV APAC ALL CAP ETF (USD) ACC,IE000GOJO2A3,ETFS,13/10/2022,Ireland,GBP,MAIN MARKET,,EUE2,UE2K
V3PL,VANGUARD FUNDS PLC,VGI ESG DEV APAC ALL CAP ETF (USD) DIST,IE0008T6IUX0,ETFS,13/10/2022,Ireland,USD,MAIN MARKET,,EUET,UETY
V3PM,VANGUARD FUNDS PLC,VGI ESG DEV APAC ALL CAP ETF (USD) DIST,IE0008T6IUX0,ETFS,13/10/2022,Ireland,GBP,MAIN MARKET,,EUE2,UE2K
V3RE,VANGUARD FUNDS PLC,VGI ESG EUR CORP BOND ETF (EUR) ACC,IE000QADMYA3,ETFS,17/11/2022,Ireland,GBP,MAIN MARKET,,EUET,UETY
V3RF,VANGUARD FUNDS PLC,VGI ESG EUR CORP BOND ETF (EUR) DIST,IE000F37PGZ3,ETFS,17/11/2022,Ireland,GBP,MAIN MARKET,,EUET,UETY
V3RP,VANGUARD FUNDS PLC,VGI ESG EUR CORP BOND ETF GBP HEDGED ACC,IE000UQLOH05,ETFS,17/11/2022,Ireland,GBP,MAIN MARKET,,EUET,UETY
VAGP,VANGUARD FUNDS PLC,VANGUARD GLOBAL AGGREGATE BD UCITS ETF,IE00BG47KG48,ETFS,20/06/2019,Ireland,GBP,MAIN MARKET,,EUET,UETY
VAGS,VANGUARD FUNDS PLC,VANGUARD GLOBAL AGGREGATE BD UCITS ETF,IE00BG47K971,ETFS,20/06/2019,Ireland,GBP,MAIN MARKET,,EUET,UETY
VAGU,VANGUARD FUNDS PLC,VANGUARD GLOBAL AGGREGATE BD UCITS ETF,IE00BG47KJ78,ETFS,20/06/2019,Ireland,USD,MAIN MARKET,,EUET,UETY
VAPU,VANGUARD FUNDS PLC,VANGUARD FTSE DEVAPAC EXJAPAN UCITS ETF,IE00BK5BQZ41,ETFS,26/09/2019,Ireland,USD,MAIN MARKET,,EUET,UETY
VAPX,VANGUARD FUNDS PLC,VANGUARD FTSE DEV ASIAPAC XJPN UCITS ETF,IE00B9F5YL18,ETFS,22/05/2013,Ireland,GBP,MAIN MARKET,,EUET,UETY
VCPA,VANGUARD FUNDS PLC,VANGUARD USD CORP BD UCITS ETF,IE00BGYWFK87,ETFS,21/02/2019,Ireland,GBP,MAIN MARKET,,EUE2,UE2K
VDCA,VANGUARD FUNDS PLC,VANGUARD USD CORP 1-3 YEAR BD UCITS ETF,IE00BGYWSV06,ETFS,21/02/2019,Ireland,USD,MAIN MARKET,,EUET,UETY
VDCP,VANGUARD FUNDS PLC,VANGUARD USD CORPORATE BOND UCITS ETF,IE00BZ163K21,ETFS,25/02/2016,Ireland,USD,MAIN MARKET,,EUE2,UE2K
VDEA,VANGUARD FUNDS PLC,VANGUARD USD EMG MKTS GOV BD UCITS ETF,IE00BGYWCB81,ETFS,21/02/2019,Ireland,USD,MAIN MARKET,,EUET,UETY
VDEM,VANGUARD FUNDS PLC,VANGUARD FTSE EMERGING MARKETS UCITS ETF,IE00B3VVMM84,ETFS,23/05/2012,Ireland,USD,MAIN MARKET,,EUE2,UE2K
VDET,VANGUARD FUNDS PLC,VANGUARD USD EM GOV'T BOND UCITS ETF,IE00BZ163L38,ETFS,07/12/2016,Ireland,USD,MAIN MARKET,,EUE2,UE2K
VDEV,VANGUARD FUNDS PLC,VANGUARD FTSE DEVELOPED WORLD UCITS ETF,IE00BKX55T58,ETFS,01/10/2014,Ireland,USD,MAIN MARKET,,EUE2,UE2K
VDJP,VANGUARD FUNDS PLC,VANGUARD FTSE JAPAN UCITS ETF,IE00B95PGT31,ETFS,22/05/2013,Ireland,USD,MAIN MARKET,,EUE2,UE2K
VDNR,VANGUARD FUNDS PLC,VANGUARD FTSE NORTH AMERICA UCITS ETF,IE00BKX55R35,ETFS,01/10/2014,Ireland,USD,MAIN MARKET,,EUE2,UE2K
VDPA,VANGUARD FUNDS PLC,VANGUARD USD CORP BD UCITS ETF,IE00BGYWFK87,ETFS,21/02/2019,Ireland,USD,MAIN MARKET,,EUET,UETY
VDPG,VANGUARD FUNDS PLC,VANGUARD FTSE DEVAPAC EXJAPAN UCITS ETF,IE00BK5BQZ41,ETFS,26/09/2019,Ireland,GBP,MAIN MARKET,,EUE2,UE2K
VDPX,VANGUARD FUNDS PLC,VANGUARD FTSE DEV ASIAPAC XJPN UCITS ETF,IE00B9F5YL18,ETFS,22/05/2013,Ireland,USD,MAIN MARKET,,EUE2,UE2K
VDST,VANGUARD FUNDS PLC,VANGUARD U.S. TSY 0-1 YR BOND UCITS ETF,IE00BLRPPV00,ETFS,04/09/2020,Ireland,USD,MAIN MARKET,,EUET,UETY
VDTA,VANGUARD FUNDS PLC,VANGUARD USD TREASURY BD UCITS ETF,IE00BGYWFS63,ETFS,21/02/2019,Ireland,USD,MAIN MARKET,,EUET,UETY
VDTS,VANGUARD FUNDS PLC,VANGUARD USD TRSRY UCITS ETF GBP H DIS,IE000S0PSP47,ETFS,10/02/2022,Ireland,GBP,MAIN MARKET,,EUET,UETY
VDTY,VANGUARD FUNDS PLC,VANGUARD USD TREASURY BOND UCITS ETF,IE00BZ163M45,ETFS,25/02/2016,Ireland,USD,MAIN MARKET,,EUE2,UE2K
VDUC,VANGUARD FUNDS PLC,VANGUARD USDCORP 1-3 YR BOND UCITS ETF,IE00BDD48R20,ETFS,24/05/2018,Ireland,USD,MAIN MARKET,,EUET,UETY
VECA,VANGUARD FUNDS PLC,VANGUARD EUR CORPORATE BD UCITS ETF,IE00BGYWT403,ETFS,21/02/2019,Ireland,GBP,MAIN MARKET,,EUET,UETY
VECP,VANGUARD FUNDS PLC,VANGUARD EUR CORPORATE BOND UCITS ETF,IE00BZ163G84,ETFS,25/02/2016,Ireland,GBP,MAIN MARKET,,EUET,UETY
VECU,VANGUARD FUNDS PLC,VANGUARD EUR CORP BD UCITS ETF USH ACC,IE00BGYWT510,ETFS,10/04/2025,Ireland,USD,MAIN MARKET,,EUET,UETY
VEMA,VANGUARD FUNDS PLC,VANGUARD USD EMG MKTS GOV BD UCITS ETF,IE00BGYWCB81,ETFS,21/02/2019,Ireland,GBP,MAIN MARKET,,EUE2,UE2K
VEMT,VANGUARD FUNDS PLC,VANGUARD USD EM GOV'T BOND UCITS ETF,IE00BZ163L38,ETFS,07/12/2016,Ireland,GBP,MAIN MARKET,,EUET,UETY
VERE,VANGUARD FUNDS PLC,VANGUARD FTSE DEV EUROPE EX UK UCITS ETF,IE00BK5BQY34,ETFS,25/07/2019,Ireland,USD,MAIN MARKET,,EUET,UETY
VERG,VANGUARD FUNDS PLC,VANGUARD FTSE DEV EUROPE EX UK UCITS ETF,IE00BK5BQY34,ETFS,25/07/2019,Ireland,GBP,MAIN MARKET,,EUE2,UE2K
VERX,VANGUARD FUNDS PLC,VANGUARD FTSE DEV EUROPE EXUK UCITS ETF,IE00BKX55S42,ETFS,01/10/2014,Ireland,GBP,MAIN MARKET,,EUET,UETY
VETA,VANGUARD FUNDS PLC,VANGUARD EUR EUROZONE GOVT BD UCITS ETF,IE00BH04GL39,ETFS,21/02/2019,Ireland,GBP,MAIN MARKET,,EUET,UETY
VETY,VANGUARD FUNDS PLC,VANGUARD EUR EUROZONE GOV BOND UCITS ETF,IE00BZ163H91,ETFS,25/02/2016,Ireland,GBP,MAIN MARKET,,EUET,UETY
VEUA,VANGUARD FUNDS PLC,VANGUARD FTSE DEVELOPED EUROPE UCITS ETF,IE00BK5BQX27,ETFS,25/07/2019,Ireland,GBP,MAIN MARKET,,EUE2,UE2K
VEUD,VANGUARD FUNDS PLC,VANGUARD FTSE DEVELOPED EUROPE UCITS ETF,IE00B945VV12,ETFS,28/04/2016,Ireland,USD,MAIN MARKET,,EUE2,UE2K
VEUR,VANGUARD FUNDS PLC,VANGUARD FTSE DEVELOPED EUROPE UCITS ETF,IE00B945VV12,ETFS,22/05/2013,Ireland,GBP,MAIN MARKET,,EUET,UETY
VEVE,VANGUARD FUNDS PLC,VANGUARD FTSE DEVELOPED WORLD UCITS ETF,IE00BKX55T58,ETFS,01/10/2014,Ireland,GBP,MAIN MARKET,,EUET,UETY
VFEA,VANGUARD FUNDS PLC,VANGUARD FTSE EMERGING MARKETS UCITS ETF,IE00BK5BR733,ETFS,26/09/2019,Ireland,USD,MAIN MARKET,,EUET,UETY
VFEG,VANGUARD FUNDS PLC,VANGUARD FTSE EMERGING MARKETS UCITS ETF,IE00BK5BR733,ETFS,26/09/2019,Ireland,GBP,MAIN MARKET,,EUE2,UE2K
VFEM,VANGUARD FUNDS PLC,VANGUARD FTSE EMERGING MARKETS UCITS ETF,IE00B3VVMM84,ETFS,23/05/2012,Ireland,GBP,MAIN MARKET,,EUET,UETY
VGCA,VANGUARD FUNDS PLC,VGI USD CORP 1-3 YR BOND (GBP) DIST,IE00BGYWSZ44,ETFS,04/04/2024,Ireland,GBP,MAIN MARKET,,EUET,UETY
VGED,VANGUARD FUNDS PLC,VANGUARD EUREURZN GOVBD UCITS ETF USHACC,IE00BH04GM46,ETFS,10/04/2025,Ireland,USD,MAIN MARKET,,EUET,UETY
VGER,VANGUARD FUNDS PLC,VANGUARD GERMANY ALL CAP UCITS ETF,IE00BG143G97,ETFS,19/07/2018,Ireland,GBP,MAIN MARKET,,EUET,UETY
VGGP,VANGUARD FUNDS PLC,VANGUARD GLOBAL GOV BD ETF GBP DIST,IE000A2E14U6,ETFS,27/03/2025,Ireland,GBP,MAIN MARKET,,EUET,UETY
VGGS,VANGUARD FUNDS PLC,VANGUARD GLOBAL GOV BD ETF GBP H ACC,IE000AI6QNJ5,ETFS,27/03/2025,Ireland,GBP,MAIN MARKET,,EUET,UETY
VGGU,VANGUARD FUNDS PLC,VANGUARD GLOBAL GOV BD ETF USD H ACC,IE0006YIB0U2,ETFS,27/03/2025,Ireland,USD,MAIN MARKET,,EUET,UETY
VGOV,VANGUARD FUNDS PLC,UK GILT UCITS ETF GBP,IE00B42WWV65,ETFS,23/05/2012,Ireland,GBP,MAIN MARKET,,EUET,UETY
VGPA,VANGUARD FUNDS PLC,VANGUARD USD CORP UCITS ETF GBP H ACC,IE00BGYWFN19,ETFS,27/05/2021,Ireland,GBP,MAIN MARKET,,EUET,UETY
VGVA,VANGUARD FUNDS PLC,VANGUARD U.K GILT UCITS ETF,IE00BH04GW44,ETFS,21/02/2019,Ireland,GBP,MAIN MARKET,,EUET,UETY
VHVE,VANGUARD FUNDS PLC,VANGUARD FTSE DEVELOPED WORLD UCITS ETF,IE00BK5BQV03,ETFS,26/09/2019,Ireland,USD,MAIN MARKET,,EUET,UETY
VHVG,VANGUARD FUNDS PLC,VANGUARD FTSE DEVELOPED WORLD UCITS ETF,IE00BK5BQV03,ETFS,26/09/2019,Ireland,GBP,MAIN MARKET,,EUE2,UE2K
VHYA,VANGUARD FUNDS PLC,VANGUARD FTSE ALLWRLD HIDIVYLD UCITS ETF,IE00BK5BR626,ETFS,26/09/2019,Ireland,USD,MAIN MARKET,,EUET,UETY
VHYD,VANGUARD FUNDS PLC,VANGUARD FTSE WRLD HI DIV YLD UCITS ETF,IE00B8GKDB10,ETFS,22/05/2013,Ireland,USD,MAIN MARKET,,EUE2,UE2K
VHYG,VANGUARD FUNDS PLC,VANGUARD FTSE ALLWRLD HIDIVYLD UCITS ETF,IE00BK5BR626,ETFS,26/09/2019,Ireland,GBP,MAIN MARKET,,EUE2,UE2K
VHYL,VANGUARD FUNDS PLC,VANGUARD FTSE WRLD HI DIV YLD UCITS ETF,IE00B8GKDB10,ETFS,22/05/2013,Ireland,GBP,MAIN MARKET,,EUET,UETY
VITD,VANGUARD FUNDS PLC,VANGUARD USTSY3-7YRBD UCITS ETF USDDIST,IE000128BSS1,ETFS,06/11/2025,Ireland,USD,MAIN MARKET,,EUET,UETY
VITS,VANGUARD FUNDS PLC,VANGUARD USTSY3-7YRBD UCITS ETF USDACC,IE000VZ8BBU9,ETFS,06/11/2025,Ireland,USD,MAIN MARKET,,EUET,UETY
VJPA,VANGUARD FUNDS PLC,VANGUARD FTSE JAPAN UCITS ETF,IE00BFMXYX26,ETFS,26/09/2019,Ireland,USD,MAIN MARKET,,EUET,UETY
VJPB,VANGUARD FUNDS PLC,VANGUARD FTSE JAPAN UCITS ETF,IE00BFMXYX26,ETFS,26/09/2019,Ireland,GBP,MAIN MARKET,,EUE2,UE2K
VJPN,VANGUARD FUNDS PLC,VANGUARD FTSE JAPAN UCITS ETF,IE00B95PGT31,ETFS,22/05/2013,Ireland,GBP,MAIN MARKET,,EUET,UETY
VJPU,VANGUARD FUNDS PLC,VANGUARD FTSE JAPAN UCITS ETF,IE00BFMXZJ56,ETFS,04/02/2020,Ireland,USD,MAIN MARKET,,EUET,UETY
VLDP,VANGUARD FUNDS PLC,VANGUARD USTSY7-10YRBD UCITS ETF USDDIST,IE000U882CN5,ETFS,06/11/2025,Ireland,USD,MAIN MARKET,,EUET,UETY
VLDS,VANGUARD FUNDS PLC,VANGUARD USTSY7-10YRBD UCITS ETF USDACC,IE000UXDT343,ETFS,06/11/2025,Ireland,USD,MAIN MARKET,,EUET,UETY
VMID,VANGUARD FUNDS PLC,VANGUARD FTSE 250 UCITS ETF,IE00BKX55Q28,ETFS,01/10/2014,Ireland,GBP,MAIN MARKET,,EUET,UETY
VMIG,VANGUARD FUNDS PLC,VANGUARD FTSE 250 UCITS ETF,IE00BFMXVQ44,ETFS,16/05/2019,Ireland,GBP,MAIN MARKET,,EUET,UETY
VNRA,VANGUARD FUNDS PLC,VANGUARD FTSE NORTH AMERICA UCITS ETF,IE00BK5BQW10,ETFS,25/07/2019,Ireland,USD,MAIN MARKET,,EUET,UETY
VNRG,VANGUARD FUNDS PLC,VANGUARD FTSE NORTH AMERICA UCITS ETF,IE00BK5BQW10,ETFS,25/07/2019,Ireland,GBP,MAIN MARKET,,EUE2,UE2K
VNRT,VANGUARD FUNDS PLC,VANGUARD FTSE NORTH AMERICA UCITS ETF,IE00BKX55R35,ETFS,01/10/2014,Ireland,GBP,MAIN MARKET,,EUET,UETY
VRGD,VANGUARD FUNDS PLC,RUSSELL 1000 US GROWTH ETF USD DIS,IE000EJFRI08,ETFS,09/07/2026,Ireland,USD,MAIN MARKET,,EUET,UETY
VRGG,VANGUARD FUNDS PLC,RUSSELL 1000 US GROWTH ETF USD ACC,IE000J7AY5Y3,ETFS,09/07/2026,Ireland,GBP,MAIN MARKET,,EUE2,UE2K
VRGU,VANGUARD FUNDS PLC,RUSSELL 1000 US GROWTH ETF USD ACC,IE000J7AY5Y3,ETFS,09/07/2026,Ireland,USD,MAIN MARKET,,EUET,UETY
VRMA,VANGUARD FUNDS PLC,RUSSELL US MC ETF USD ACC,IE000650M1V4,ETFS,09/07/2026,Ireland,USD,MAIN MARKET,,EUET,UETY
VRMD,VANGUARD FUNDS PLC,RUSSELL US MC ETF USD DIS,IE000X4K3704,ETFS,09/07/2026,Ireland,USD,MAIN MARKET,,EUET,UETY
VRMG,VANGUARD FUNDS PLC,RUSSELL US MC ETF USD ACC,IE000650M1V4,ETFS,09/07/2026,Ireland,GBP,MAIN MARKET,,EUE2,UE2K
VRSA,VANGUARD FUNDS PLC,RUSSELL 2000 US SC ETF USACC,IE000GTBEXG4,ETFS,09/07/2026,Ireland,USD,MAIN MARKET,,EUET,UETY
VRSD,VANGUARD FUNDS PLC,RUSSELL 2000 US SC ETF USDIS,IE000LRGEN55,ETFS,09/07/2026,Ireland,USD,MAIN MARKET,,EUET,UETY
VRSG,VANGUARD FUNDS PLC,RUSSELL 2000 US SC ETF USACC,IE000GTBEXG4,ETFS,09/07/2026,Ireland,GBP,MAIN MARKET,,EUE2,UE2K
VRVA,VANGUARD FUNDS PLC,RUSSELL 1000 US VALUE ETF USD ACC,IE000US24HF4,ETFS,09/07/2026,Ireland,USD,MAIN MARKET,,EUET,UETY
VRVD,VANGUARD FUNDS PLC,RUSSELL 1000 US VALUE ETF USD DIS,IE000ELFEBZ3,ETFS,09/07/2026,Ireland,USD,MAIN MARKET,,EUET,UETY
VRVG,VANGUARD FUNDS PLC,RUSSELL 1000 US VALUE ETF USD ACC,IE000US24HF4,ETFS,09/07/2026,Ireland,GBP,MAIN MARKET,,EUE2,UE2K
VSCA,VANGUARD FUNDS PLC,VANGUARD USD CORP 1-3 YEAR BD UCITS ETF,IE00BGYWSV06,ETFS,21/02/2019,Ireland,GBP,MAIN MARKET,,EUE2,UE2K
VUAA,VANGUARD FUNDS PLC,VANGUARD S&P 500 UCITS ETF,IE00BFMXXD54,ETFS,16/05/2019,Ireland,USD,MAIN MARKET,,EUET,UETY
VUAG,VANGUARD FUNDS PLC,VANGUARD S&P 500 UCITS ETF,IE00BFMXXD54,ETFS,16/05/2019,Ireland,GBP,MAIN MARKET,,EUE2,UE2K
VUCP,VANGUARD FUNDS PLC,VANGUARD USD CORPORATE BOND UCITS ETF,IE00BZ163K21,ETFS,25/02/2016,Ireland,GBP,MAIN MARKET,,EUET,UETY
VUDS,VANGUARD FUNDS PLC,VANGUARD USTSY1-3YRBD UCITS ETF USDACC,IE000H3Q3AF6,ETFS,06/11/2025,Ireland,USD,MAIN MARKET,,EUET,UETY
VUDY,VANGUARD FUNDS PLC,VANGUARD USTSY1-3YRBD UCITS ETF USDDIST,IE000GU6MFI0,ETFS,06/11/2025,Ireland,USD,MAIN MARKET,,EUET,UETY
VUKE,VANGUARD FUNDS PLC,VANGUARD FTSE 100 UCITS ETF,IE00B810Q511,ETFS,23/05/2012,Ireland,GBP,MAIN MARKET,,EUET,UETY
VUKG,VANGUARD FUNDS PLC,VANGUARD FTSE 100 UCITS ETF,IE00BFMXYP42,ETFS,16/05/2019,Ireland,GBP,MAIN MARKET,,EUET,UETY
VUSA,VANGUARD FUNDS PLC,VANGUARD S&P 500 UCITS ETF,IE00B3XXRP09,ETFS,23/05/2012,Ireland,GBP,MAIN MARKET,,EUET,UETY
VUSC,VANGUARD FUNDS PLC,VANGUARD USDCORP 1-3 YR BOND UCITS ETF,IE00BDD48R20,ETFS,24/05/2018,Ireland,GBP,MAIN MARKET,,EUE2,UE2K
VUSD,VANGUARD FUNDS PLC,VANGUARD S&P 500 UCITS ETF,IE00B3XXRP09,ETFS,23/05/2012,Ireland,USD,MAIN MARKET,,EUE2,UE2K
VUTA,VANGUARD FUNDS PLC,VANGUARD USD TREASURY BD UCITS ETF,IE00BGYWFS63,ETFS,21/02/2019,Ireland,GBP,MAIN MARKET,,EUE2,UE2K
VUTY,VANGUARD FUNDS PLC,VANGUARD USD TREASURY BOND UCITS ETF,IE00BZ163M45,ETFS,25/02/2016,Ireland,GBP,MAIN MARKET,,EUET,UETY
VWCG,VANGUARD FUNDS PLC,VANGUARD FTSE DEVELOPED EUROPE UCITS ETF,IE00BK5BQX27,ETFS,25/07/2019,Ireland,USD,MAIN MARKET,,EUET,UETY
VWRA,VANGUARD FUNDS PLC,VANGUARD FTSE ALL-WORLD UCITS ETF,IE00BK5BQT80,ETFS,25/07/2019,Ireland,USD,MAIN MARKET,,EUET,UETY
VWRD,VANGUARD FUNDS PLC,VANGUARD FTSE ALL-WORLD UCITS ETF,IE00B3RBWM25,ETFS,23/05/2012,Ireland,USD,MAIN MARKET,,EUE2,UE2K
VWRL,VANGUARD FUNDS PLC,VANGUARD FTSE ALL-WORLD UCITS ETF,IE00B3RBWM25,ETFS,23/05/2012,Ireland,GBP,MAIN MARKET,,EUET,UETY
VWRP,VANGUARD FUNDS PLC,VANGUARD FTSE ALL-WORLD UCITS ETF,IE00BK5BQT80,ETFS,25/07/2019,Ireland,GBP,MAIN MARKET,,EUE2,UE2K
CAKD,WAYSTONE ETF ICAV,CALAMOS AUTOCALLABLE INCOME ETF USD DIS,IE000ZDPZL69,ETFS,28/04/2026,Ireland,USD,MAIN MARKET,,EUET,UET3
CAKE,WAYSTONE ETF ICAV,CALAMOS AUTOCALLABLE INCOME ETF USD ACC,IE000DHZXD61,ETFS,28/04/2026,Ireland,USD,MAIN MARKET,,EUET,UET3
CAKG,WAYSTONE ETF ICAV,CALAMOS AUTOCALLABLE INCOME ETF USD DIS,IE000ZDPZL69,ETFS,28/04/2026,Ireland,GBP,MAIN MARKET,,EUE2,UE2C
CAKS,WAYSTONE ETF ICAV,CALAMOS AUTOCALLABLE INCOME ETF USD ACC,IE000DHZXD61,ETFS,28/04/2026,Ireland,GBP,MAIN MARKET,,EUE2,UE2C
DJIW,WAYSTONE ETF ICAV,WAHED DOW JONES ISLAMIC WORLD UCITS ETF,IE00073MUWT4,ETFS,19/01/2026,Ireland,USD,MAIN MARKET,,EUET,UEA2
FLPE,WAYSTONE ETF ICAV,NORTHERN TRUST LISTED PRIV EQ UCITS ETF,IE0008ZGI5C1,ETFS,07/02/2022,Ireland,GBP,MAIN MARKET,,EUET,UET7
SPWI,WAYSTONE ETF ICAV,WAHED S&P 500 SHARIAH UCITS ETF,IE000QF8TEK7,ETFS,19/01/2026,Ireland,USD,MAIN MARKET,,EUET,UEA2
BKCN,WISDOMTREE ISSUER ICAV,WT BLOCKCHAIN UCITS ETF,IE000940RNE6,ETFS,14/09/2022,Ireland,GBX,MAIN MARKET,,EUE2,UE2G
CCBO,WISDOMTREE ISSUER ICAV,WISDOMTREE AT1 COCO BOND UCITS ETF - USD,IE00BZ0XVF52,ETFS,17/05/2018,Ireland,USD,MAIN MARKET,,EUET,UET7
CHRG,WISDOMTREE ISSUER ICAV,WT BATTERY SOLUTIONS UCITS ETF - USD ACC,IE00BKLF1R75,ETFS,02/03/2020,Ireland,GBX,MAIN MARKET,,EUE2,UE2G
COCB,WISDOMTREE ISSUER ICAV,WT AT1 COCO BOND UCITS ETF USD ACC,IE00BZ0XVG69,ETFS,17/05/2018,Ireland,USD,MAIN MARKET,,EUET,UET7
CODO,WISDOMTREE ISSUER ICAV,WT AT1 COCO BOND UCITS ETF - USD HEDGED,IE00BFNNN012,ETFS,24/08/2018,Ireland,USD,MAIN MARKET,,EUET,UET7
COGO,WISDOMTREE ISSUER ICAV,WT AT1 COCO BOND UCITS ETF - GBP HEDGED,IE00BFNNN459,ETFS,24/08/2018,Ireland,GBX,MAIN MARKET,,EUET,UET7
COMX,WISDOMTREE ISSUER ICAV,WISDOMTREE PCOM UCITS ETF USD ACC,IE00BKY4W127,ETFS,06/12/2021,Ireland,GBX,MAIN MARKET,,EUE2,UE2G
CYSE,WISDOMTREE ISSUER ICAV,WT CYBERSECURITY UCITS ETF - USD ACC,IE00BLPK3577,ETFS,28/01/2021,Ireland,GBX,MAIN MARKET,,EUE2,UE2E
DEM,WISDOMTREE ISSUER ICAV,WT EMERGING MARKETS HIGH DIV UCITS,IE00BQQ3Q067,ETFS,19/11/2014,Ireland,GBX,MAIN MARKET,,EUET,UET3
DEMD,WISDOMTREE ISSUER ICAV,WT EMERGING MARKETS HIGH DIV UCITS,IE00BQQ3Q067,ETFS,19/11/2014,Ireland,USD,MAIN MARKET,,EUE2,UE2C
DEMR,WISDOMTREE ISSUER ICAV,WT EMERGING MARKETS HIGH DIV UCITS ACC,IE00BDF12W49,ETFS,08/11/2016,Ireland,USD,MAIN MARKET,,EUET,UET7
DEMS,WISDOMTREE ISSUER ICAV,WT EMERGING MARKETS HIGH DIV UCITS ACC,IE00BDF12W49,ETFS,08/11/2016,Ireland,GBX,MAIN MARKET,,EUE2,UE2G
DFE,WISDOMTREE ISSUER ICAV,WISDOMTREE EUROPE SMALLCAP DIV UCITS ETF,IE00BQZJC527,ETFS,24/10/2014,Ireland,GBX,MAIN MARKET,,EUET,UET7
DFEA,WISDOMTREE ISSUER ICAV,WT SMCAP DIV - ACC,IE00BDF16114,ETFS,08/11/2016,Ireland,EUR,MAIN MARKET,,EUET,UET7
DFEE,WISDOMTREE ISSUER ICAV,WISDOMTREE EUROPE SMALLCAP DIV UCITS ETF,IE00BQZJC527,ETFS,11/11/2014,Ireland,EUR,MAIN MARKET,,EUE2,UE2G
DFEP,WISDOMTREE ISSUER ICAV,WT SMCAP DIV - ACC,IE00BDF16114,ETFS,08/11/2016,Ireland,GBX,MAIN MARKET,,EUE2,UE2G
DGRA,WISDOMTREE ISSUER ICAV,WT US QUAL DIV GROWTH UCITS ETF - USD,IE00BZ56RG20,ETFS,08/06/2016,Ireland,USD,MAIN MARKET,,EUET,UET7
DGRB,WISDOMTREE ISSUER ICAV,WT US QUALITY DIVIDEND GROWTH UCITS ETF,IE000IGMB3E1,ETFS,07/08/2023,Ireland,GBX,MAIN MARKET,,EUET,UET7
DGRG,WISDOMTREE ISSUER ICAV,WT US QUAL DIV GROWTH UCITS ETF - USD,IE00BZ56RG20,ETFS,08/06/2016,Ireland,GBX,MAIN MARKET,,EUE2,UE2G
DGRP,WISDOMTREE ISSUER ICAV,WT US QD GROWTH UCITS ETF - USD,IE00BZ56RD98,ETFS,08/11/2016,Ireland,GBX,MAIN MARKET,,EUE2,UE2G
DGRW,WISDOMTREE ISSUER ICAV,WT US QD GROWTH UCITS ETF - USD,IE00BZ56RD98,ETFS,08/11/2016,Ireland,USD,MAIN MARKET,,EUET,UET7
DGSD,WISDOMTREE ISSUER ICAV,WT EMERGING MARKETS SMALLCAP DIV UCITS,IE00BQZJBM26,ETFS,19/11/2014,Ireland,USD,MAIN MARKET,,EUE2,UE2C
DGSE,WISDOMTREE ISSUER ICAV,WT EMERGING MARKETS SMALLCAP DIV UCITS,IE00BQZJBM26,ETFS,19/11/2014,Ireland,GBX,MAIN MARKET,,EUET,UET3
DGXU,WISDOMTREE ISSUER ICAV,WT GLB XUS QLY DV GWTH UCITS ETF EUR ACC,IE000X7DRW38,ETFS,24/09/2025,Ireland,USD,MAIN MARKET,,EUE3,UE3D
DHS,WISDOMTREE ISSUER ICAV,WISDOMTREE US HIGH DIV UCITS ETF,IE00BQZJBQ63,ETFS,24/10/2014,Ireland,GBX,MAIN MARKET,,EUET,UET7
DHSA,WISDOMTREE ISSUER ICAV,WT US HIGH DIV UCITS ETF ACC,IE00BD6RZT93,ETFS,08/11/2016,Ireland,USD,MAIN MARKET,,EUET,UET7
DHSD,WISDOMTREE ISSUER ICAV,WISDOMTREE US HIGH DIV UCITS ETF,IE00BQZJBQ63,ETFS,11/11/2014,Ireland,USD,MAIN MARKET,,EUE2,UE2G
DHSG,WISDOMTREE ISSUER ICAV,WISDOMTREE USE EFT - GBP HEDGED,IE00BD6RZZ53,ETFS,08/11/2016,Ireland,GBX,MAIN MARKET,,EUET,UET7
DHSP,WISDOMTREE ISSUER ICAV,WT US HIGH DIV UCITS ETF ACC,IE00BD6RZT93,ETFS,08/11/2016,Ireland,GBX,MAIN MARKET,,EUE2,UE2G
DIVW,WISDOMTREE ISSUER ICAV,WT GLOBAL HIGH DIV UCITS ETF - USD ACC,IE000CO65C82,ETFS,02/07/2026,Ireland,USD,MAIN MARKET,,EUET,UET7
DVWG,WISDOMTREE ISSUER ICAV,WT GLOBAL HIGH DIV UCITS ETF - USD ACC,IE000CO65C82,ETFS,02/07/2026,Ireland,GBX,MAIN MARKET,,EUE2,UE2G
DXJ,WISDOMTREE ISSUER ICAV,WT JAPAN EQUITY UCITS ETF USD HEDGED,IE00BVXC4854,ETFS,21/05/2015,Ireland,USD,MAIN MARKET,,EUET,UET7
DXJA,WISDOMTREE ISSUER ICAV,WT JAPAN EQUITY UCITS ETF - USD HED ACC,IE00BYQCZD50,ETFS,15/03/2017,Ireland,USD,MAIN MARKET,,EUET,UET7
DXJG,WISDOMTREE ISSUER ICAV,WT JAPAN EQUITY UCITS ETF - USD ACC,IE00BYQCZN58,ETFS,04/11/2015,Ireland,GBX,MAIN MARKET,,EUE2,UE2K
DXJP,WISDOMTREE ISSUER ICAV,WT JAPAN EQUITY UCITS ETF GBP HED,IE00BYQCZF74,ETFS,04/11/2015,Ireland,GBX,MAIN MARKET,,EUET,UET7
DXJZ,WISDOMTREE ISSUER ICAV,WT JAPAN EQUITY UCITS ETF - USD ACC,IE00BYQCZN58,ETFS,04/11/2015,Ireland,USD,MAIN MARKET,,EUET,UETY
EEI,WISDOMTREE ISSUER ICAV,WT EUROPE HIGH DIV UCITS,IE00BQZJBX31,ETFS,24/10/2014,Ireland,GBX,MAIN MARKET,,EUET,UET7
EEIA,WISDOMTREE ISSUER ICAV,WT EUROPE HIGH DIV UCITS ETF ACC,IE00BDF16007,ETFS,08/11/2016,Ireland,EUR,MAIN MARKET,,EUET,UET7
EEIE,WISDOMTREE ISSUER ICAV,WT EUROPE HIGH DIV UCITS,IE00BQZJBX31,ETFS,11/11/2014,Ireland,EUR,MAIN MARKET,,EUE2,UE2G
EEIP,WISDOMTREE ISSUER ICAV,WT EUROPE HIGH DIV UCITS ETF ACC,IE00BDF16007,ETFS,08/11/2016,Ireland,GBX,MAIN MARKET,,EUE2,UE2G
EGRA,WISDOMTREE ISSUER ICAV,WISDOMTREE EZ QD GROW UCITS ETF-EUR ACC,IE00BZ56TQ67,ETFS,05/07/2016,Ireland,EUR,MAIN MARKET,,EUET,UET7
EGRG,WISDOMTREE ISSUER ICAV,WISDOMTREE EZ QD GROW UCITS ETF-EUR ACC,IE00BZ56TQ67,ETFS,05/07/2016,Ireland,GBX,MAIN MARKET,,EUE2,UE2G
EGRP,WISDOMTREE ISSUER ICAV,WISDOMTREE EZ QD GROW UCITS ETF-EUR,IE00BZ56SY76,ETFS,08/11/2016,Ireland,GBX,MAIN MARKET,,EUE2,UE2G
EGRW,WISDOMTREE ISSUER ICAV,WISDOMTREE EZ QD GROW UCITS ETF-EUR,IE00BZ56SY76,ETFS,08/11/2016,Ireland,EUR,MAIN MARKET,,EUET,UET7
EPI,WISDOMTREE ISSUER ICAV,WT INDIA EARNINGS UCITS ETF - USD ACC,IE000VCYXLY9,ETFS,25/02/2026,Ireland,USD,MAIN MARKET,,EUET,UET7
EPIP,WISDOMTREE ISSUER ICAV,WT INDIA EARNINGS UCITS ETF - USD ACC,IE000VCYXLY9,ETFS,25/02/2026,Ireland,GBX,MAIN MARKET,,EUE2,UE2G
EUDF,WISDOMTREE ISSUER ICAV,WT EUROPE DEFENCE UCITS - EUR ACC,IE0002Y8CX98,ETFS,27/03/2025,Ireland,USD,MAIN MARKET,,EUE3,UE3D
GGRA,WISDOMTREE ISSUER ICAV,WT GLBL QUAL DIV GROWTH UCITS ETF - USD,IE00BZ56SW52,ETFS,08/06/2016,Ireland,USD,MAIN MARKET,,EUET,UET7
GGRB,WISDOMTREE ISSUER ICAV,WT GLOBALQUALDIVGROWTH UCITS ETF,IE000LRRPK60,ETFS,23/03/2023,Ireland,GBX,MAIN MARKET,,EUET,UET7
GGRG,WISDOMTREE ISSUER ICAV,WT GLBL QUAL DIV GROWTH UCITS ETF - USD,IE00BZ56SW52,ETFS,08/06/2016,Ireland,GBX,MAIN MARKET,,EUE2,UE2G
GGRP,WISDOMTREE ISSUER ICAV,WT GLOBAL QD GROWTH UCITS ETF - USD,IE00BZ56RN96,ETFS,08/11/2016,Ireland,GBX,MAIN MARKET,,EUE2,UE2G
GGRW,WISDOMTREE ISSUER ICAV,WT GLOBAL QD GROWTH UCITS ETF - USD,IE00BZ56RN96,ETFS,08/11/2016,Ireland,USD,MAIN MARKET,,EUET,UET7
HEDF,WISDOMTREE ISSUER ICAV,WT EUROPE EQUITY UCITS ETF - EUR ACC,IE00BYQCZX56,ETFS,04/11/2015,Ireland,EUR,MAIN MARKET,,EUET,UETY
HEDG,WISDOMTREE ISSUER ICAV,WT EUROPE EQUITY UCITS ETF - EUR ACC,IE00BYQCZX56,ETFS,04/11/2015,Ireland,GBX,MAIN MARKET,,EUE2,UE2K
HEDJ,WISDOMTREE ISSUER ICAV,WT EUROPE EQUITY UCITS ETF USD HED,IE00BVXBH163,ETFS,21/05/2015,Ireland,USD,MAIN MARKET,,EUET,UET7
HEDK,WISDOMTREE ISSUER ICAV,WT EUROPE EQUITY UCITS ETF - USD H ACC,IE00BYQCZP72,ETFS,08/11/2016,Ireland,USD,MAIN MARKET,,EUET,UET7
HEDP,WISDOMTREE ISSUER ICAV,WT EUROPE EQUITY UCITS ETF GBP HED,IE00BYQCZQ89,ETFS,04/11/2015,Ireland,GBX,MAIN MARKET,,EUET,UET7
HEDS,WISDOMTREE ISSUER ICAV,WT EUROPE EQUITY UCITS ETF USD HED ACC,IE00BYQCZP72,ETFS,08/11/2016,Ireland,GBX,MAIN MARKET,,EUE2,UE2G
INTL,WISDOMTREE ISSUER ICAV,WT ART INTELLIGENCE UCITS ETF USD ACC,IE00BDVPNG13,ETFS,05/12/2018,Ireland,GBX,MAIN MARKET,,EUE2,UE2G
KLWD,WISDOMTREE ISSUER ICAV,WT CLOUD COMPUTING UCITS ETF USD ACC,IE00BJGWQN72,ETFS,06/09/2019,Ireland,GBX,MAIN MARKET,,EUE2,UE2G
NCLP,WISDOMTREE ISSUER ICAV,WT URNM AND NCLR ERGY UCITS ETF USD ACC,IE0003BJ2JS4,ETFS,12/03/2025,Ireland,GBX,MAIN MARKET,,EUE2,UE2G
NCLR,WISDOMTREE ISSUER ICAV,WT URNM AND NCLR ERGY UCITS ETF USD ACC,IE0003BJ2JS4,ETFS,12/03/2025,Ireland,USD,MAIN MARKET,,EUET,UET7
NRUC,WISDOMTREE ISSUER ICAV,WT STRATEGIC METALS UCITS ETF - USD ACC,IE0007UE04X9,ETFS,15/01/2025,Ireland,GBX,MAIN MARKET,,EUE2,UE2G
NTSG,WISDOMTREE ISSUER ICAV,WT GLBL EFFICIENT CORE UCITS ETF USD ACC,IE00077IIPQ8,ETFS,13/11/2024,Ireland,USD,MAIN MARKET,,EUET,UET7
NTSX,WISDOMTREE ISSUER ICAV,WISDOMTREE US EFFICIENT CORE UCITS ETF,IE000KF370H3,ETFS,18/10/2023,Ireland,USD,MAIN MARKET,,EUET,UET7
NTSZ,WISDOMTREE ISSUER ICAV,WT EZONE EFFICIENT CORE UCITS - EUR ACC,IE000OV4XWA3,ETFS,08/10/2025,Ireland,EUR,MAIN MARKET,,EUET,UET7
PAIG,WISDOMTREE ISSUER ICAV,WT PHYS AI HUMAN AND DRONES - USD ACC,IE000LCKJ888,ETFS,19/02/2026,Ireland,GBX,MAIN MARKET,,EUE2,UE2G
PCOM,WISDOMTREE ISSUER ICAV,WISDOMTREE PCOM UCITS ETF USD ACC,IE00BKY4W127,ETFS,06/12/2021,Ireland,USD,MAIN MARKET,,EUET,UET7
QGRP,WISDOMTREE ISSUER ICAV,WT US QUALITY GROWTH UCITS ETF,IE000YGEAK03,ETFS,24/04/2024,Ireland,GBX,MAIN MARKET,,EUE2,UE2G
QGRW,WISDOMTREE ISSUER ICAV,WT US QUALITY GROWTH UCITS ETF,IE000YGEAK03,ETFS,24/04/2024,Ireland,USD,MAIN MARKET,,EUET,UET7
QWTM,WISDOMTREE ISSUER ICAV,WT QUANTUM COMPUTING UCITS ETF - USD ACC,IE000W8WMSL2,ETFS,03/09/2025,Ireland,GBX,MAIN MARKET,,EUE2,UE2G
RARE,WISDOMTREE ISSUER ICAV,WT STRATEGIC METALS AND RARE UCITS ETF,IE000KHX9DX6,ETFS,10/04/2024,Ireland,USD,MAIN MARKET,,EUET,UET7
TFRN,WISDOMTREE ISSUER ICAV,WT USD FLOAT RATE TB UCITS ETF USD ACC,IE00BJJYYX67,ETFS,26/03/2019,Ireland,USD,MAIN MARKET,,EUET,UET7
TFRP,WISDOMTREE ISSUER ICAV,WISDOMTREE USD FR T-BOND UCITS ETFUSDACC,IE00BJJYYX67,ETFS,21/02/2023,Ireland,GBX,MAIN MARKET,,EUE2,UE2G
TMGG,WISDOMTREE ISSUER ICAV,WT TECH MEGATRENDS UCITS ETF - USD ACC,IE0007Z28IJ7,ETFS,26/03/2026,Ireland,GBX,MAIN MARKET,,EUE2,UE2G
TMGT,WISDOMTREE ISSUER ICAV,WT TECH MEGATRENDS UCITS ETF - USD ACC,IE0007Z28IJ7,ETFS,26/03/2026,Ireland,USD,MAIN MARKET,,EUET,UET7
UGRW,WISDOMTREE ISSUER ICAV,WT UK QUALITY DIVIDEND GROWTH UCITS ETF,IE0003UH9270,ETFS,22/11/2023,Ireland,GBX,MAIN MARKET,,EUET,UET7
USAX,WISDOMTREE ISSUER ICAV,WT GLB XUS QLY DV GWTH UCITS ETF EUR ACC,IE000X7DRW38,ETFS,24/09/2025,Ireland,GBX,MAIN MARKET,,EUE2,UE2G
USFR,WISDOMTREE ISSUER ICAV,WT USD FLOAT RATE TB UCITS ETF USD,IE00BJFN5P63,ETFS,26/03/2019,Ireland,USD,MAIN MARKET,,EUET,UET7
VLUA,WISDOMTREE ISSUER ICAV,WT US VALUE UCITS ETF - USD ACC,IE000F9AQNW6,ETFS,11/12/2025,Ireland,GBX,MAIN MARKET,,EUE2,UE2G
VLUE,WISDOMTREE ISSUER ICAV,WT EUROPE VALUE UCITS ETF - EUR ACC,IE0005HNE843,ETFS,11/12/2025,Ireland,GBX,MAIN MARKET,,EUE2,UE2G
VLUG,WISDOMTREE ISSUER ICAV,WT GLOBAL VALUE UCITS ETF - USD ACC,IE000D1017N2,ETFS,11/12/2025,Ireland,GBX,MAIN MARKET,,EUE2,UE2G
VOLT,WISDOMTREE ISSUER ICAV,WT BATTERY SOLUTIONS UCITS ETF - USD ACC,IE00BKLF1R75,ETFS,02/03/2020,Ireland,USD,MAIN MARKET,,EUET,UET7
WAGB,WISDOMTREE ISSUER ICAV,WT AI INFRASTRUCTURE UCITS ETF - USD ACC,IE000XHZP7D3,ETFS,11/06/2026,Ireland,GBX,MAIN MARKET,,EUE2,UE2G
WAGI,WISDOMTREE ISSUER ICAV,WT AI INFRASTRUCTURE UCITS ETF - USD ACC,IE000XHZP7D3,ETFS,11/06/2026,Ireland,USD,MAIN MARKET,,EUET,UET7
WBIO,WISDOMTREE ISSUER ICAV,WISDOMTREE BIOREV UCITS ETF USD ACC,IE000O8KMPM1,ETFS,09/12/2021,Ireland,GBX,MAIN MARKET,,EUE2,UE2G
WBLD,WISDOMTREE ISSUER ICAV,WT EU INFRASTRUCTURE UCITS ETF - EUR ACC,IE000AFVONT7,ETFS,18/03/2026,Ireland,EUR,MAIN MARKET,,EUET,UET7
WBLK,WISDOMTREE ISSUER ICAV,WT BLOCKCHAIN UCITS ETF,IE000940RNE6,ETFS,14/09/2022,Ireland,USD,MAIN MARKET,,EUET,UET7
WCBR,WISDOMTREE ISSUER ICAV,WT CYBERSECURITY UCITS ETF - USD ACC,IE00BLPK3577,ETFS,28/01/2021,Ireland,USD,MAIN MARKET,,EUET,UET5
WCLD,WISDOMTREE ISSUER ICAV,WT CLOUD COMPUTING UCITS ETF USD ACC,IE00BJGWQN72,ETFS,06/09/2019,Ireland,USD,MAIN MARKET,,EUET,UET7
WCOA,WISDOMTREE ISSUER ICAV,WT ENHANCED COMMODITY UCITS ETF USD ACC,IE00BYMLZY74,ETFS,04/05/2016,Ireland,USD,MAIN MARKET,,EUET,UET3
WCOB,WISDOMTREE ISSUER ICAV,WT ENHANCED COMMODITY UCITS ETF USD ACC,IE00BYMLZY74,ETFS,04/05/2016,Ireland,GBX,MAIN MARKET,,EUE2,UE2C
WCOG,WISDOMTREE ISSUER ICAV,WT ENHANCED COMMODITY UCITS ETF USD,IE00BZ1GHD37,ETFS,04/05/2016,Ireland,GBX,MAIN MARKET,,EUET,UET3
WCOM,WISDOMTREE ISSUER ICAV,WT ENH COMMODITY UCITS ETF GBP HED ACC,IE00BG88WH84,ETFS,17/08/2018,Ireland,GBX,MAIN MARKET,,EUET,UET7
WDAF,WISDOMTREE ISSUER ICAV,WT ASIA DEFENCE UCITS ETF - USD ACC,IE000017NMH7,ETFS,01/04/2026,Ireland,USD,MAIN MARKET,,EUET,UET3
WDAP,WISDOMTREE ISSUER ICAV,WT ASIA DEFENCE UCITS ETF - USD ACC,IE000017NMH7,ETFS,01/04/2026,Ireland,GBX,MAIN MARKET,,EUE2,UE2C
WDEF,WISDOMTREE ISSUER ICAV,WT EUROPE DEFENCE UCITS ETF - EUR ACC,IE0002Y8CX98,ETFS,12/03/2025,Ireland,EUR,MAIN MARKET,,EUET,UET7
WDEP,WISDOMTREE ISSUER ICAV,WT EUROPE DEFENCE UCITS ETF - EUR ACC,IE0002Y8CX98,ETFS,12/03/2025,Ireland,GBX,MAIN MARKET,,EUE2,UE2G
WDFG,WISDOMTREE ISSUER ICAV,WT GLOBAL DEFENCE UCITS ETF - USD ACC,IE000KLC2EN9,ETFS,01/04/2026,Ireland,GBX,MAIN MARKET,,EUE2,UE2G
WDGF,WISDOMTREE ISSUER ICAV,WT GLOBAL DEFENCE UCITS ETF - USD ACC,IE000KLC2EN9,ETFS,01/04/2026,Ireland,USD,MAIN MARKET,,EUET,UET7
WDIV,WISDOMTREE ISSUER ICAV,WT GLOBAL HIGH DIV UCITS ETF - USD,IE000Q0CAPZ0,ETFS,02/07/2026,Ireland,USD,MAIN MARKET,,EUET,UET7
WDNA,WISDOMTREE ISSUER ICAV,WISDOMTREE BIOREV UCITS ETF USD ACC,IE000O8KMPM1,ETFS,09/12/2021,Ireland,USD,MAIN MARKET,,EUET,UET7
WDVG,WISDOMTREE ISSUER ICAV,WT GLOBAL HIGH DIV UCITS ETF - USD,IE000Q0CAPZ0,ETFS,02/07/2026,Ireland,GBX,MAIN MARKET,,EUE2,UE2G
WEEC,WISDOMTREE ISSUER ICAV,WT EZONE EFFICIENT CORE UCITS - EUR ACC,IE000OV4XWA3,ETFS,08/10/2025,Ireland,GBX,MAIN MARKET,,EUE2,UE2G
WEM,WISDOMTREE ISSUER ICAV,WT TRUE EM UCITS ETF - USD ACC,IE000Q1M7HB8,ETFS,16/04/2026,Ireland,USD,MAIN MARKET,,EUET,UET7
WEMP,WISDOMTREE ISSUER ICAV,WT TRUE EM UCITS ETF - USD ACC,IE000Q1M7HB8,ETFS,16/04/2026,Ireland,GBX,MAIN MARKET,,EUE2,UE2G
WENG,WISDOMTREE ISSUER ICAV,WT STRAT METALS UCITS ETF GBP HDG ACC,IE0003XI1PW0,ETFS,15/01/2025,Ireland,GBX,MAIN MARKET,,EUET,UET7
WENP,WISDOMTREE ISSUER ICAV,WT STRAT METALS UCITS ETF - GBP HEDGED,IE0000T4S954,ETFS,25/11/2025,Ireland,GBX,MAIN MARKET,,EUET,UET7
WENU,WISDOMTREE ISSUER ICAV,WT STRATEGIC METALS UCITS ETF - USD ACC,IE0007UE04X9,ETFS,15/01/2025,Ireland,USD,MAIN MARKET,,EUET,UET7
WGEC,WISDOMTREE ISSUER ICAV,WT GLBL EFFICIENT CORE UCITS ETF USD ACC,IE00077IIPQ8,ETFS,13/11/2024,Ireland,GBX,MAIN MARKET,,EUE2,UE2G
WGRO,WISDOMTREE ISSUER ICAV,WT GBL QUALITY GROWTH UCITS ETF USD ACC,IE000Y83YZ44,ETFS,27/02/2025,Ireland,USD,MAIN MARKET,,EUET,UET7
WGRP,WISDOMTREE ISSUER ICAV,WT GBL QUALITY GROWTH UCITS ETF USD ACC,IE000Y83YZ44,ETFS,27/02/2025,Ireland,GBX,MAIN MARKET,,EUE2,UE2G
WINF,WISDOMTREE ISSUER ICAV,WT EU INFRASTRUCTURE UCITS ETF - EUR ACC,IE000AFVONT7,ETFS,18/03/2026,Ireland,GBX,MAIN MARKET,,EUE2,UE2G
WMGG,WISDOMTREE ISSUER ICAV,WISDOMTREE MEGATRENDS UCITS ETF,IE0000902GT6,ETFS,12/12/2023,Ireland,GBX,MAIN MARKET,,EUE2,UE2G
WMGT,WISDOMTREE ISSUER ICAV,WISDOMTREE MEGATRENDS UCITS ETF,IE0000902GT6,ETFS,12/12/2023,Ireland,USD,MAIN MARKET,,EUET,UET7
WNER,WISDOMTREE ISSUER ICAV,WISDOMTREE NEW ECON RE UCITS ETF USD,IE000X9TLGN8,ETFS,10/02/2022,Ireland,USD,MAIN MARKET,,EUET,UET7
WNEW,WISDOMTREE ISSUER ICAV,WISDOMTREE NEW ECON RE UCITS ETF USD,IE000X9TLGN8,ETFS,10/02/2022,Ireland,GBX,MAIN MARKET,,EUE2,UE2G
WPAI,WISDOMTREE ISSUER ICAV,WT PHYS AI HUMAN AND DRONES - USD ACC,IE000LCKJ888,ETFS,19/02/2026,Ireland,USD,MAIN MARKET,,EUET,UET7
WQTM,WISDOMTREE ISSUER ICAV,WT QUANTUM COMPUTING UCITS ETF - USD ACC,IE000W8WMSL2,ETFS,03/09/2025,Ireland,USD,MAIN MARKET,,EUET,UET7
WREE,WISDOMTREE ISSUER ICAV,WT STRATEGIC METALS AND RARE UCITS ETF,IE000KHX9DX6,ETFS,10/04/2024,Ireland,GBX,MAIN MARKET,,EUE2,UE2G
WREN,WISDOMTREE ISSUER ICAV,WT RENEWABLE ENERGY UCITS ETF,IE000P3D0W60,ETFS,13/06/2023,Ireland,GBX,MAIN MARKET,,EUE2,UE2G
WRNW,WISDOMTREE ISSUER ICAV,WT RENEWABLE ENERGY UCITS ETF,IE000P3D0W60,ETFS,13/06/2023,Ireland,USD,MAIN MARKET,,EUET,UET7
WSDG,WISDOMTREE ISSUER ICAV,WT GLOBAL SUST EQUITY UCITS ETF USD ACC,IE000XNILW20,ETFS,12/06/2024,Ireland,USD,MAIN MARKET,,EUET,UET7
WSEQ,WISDOMTREE ISSUER ICAV,WT GLOBAL SUST EQUITY UCITS ETF USD ACC,IE000XNILW20,ETFS,12/06/2024,Ireland,GBX,MAIN MARKET,,EUE2,UE2G
WSPC,WISDOMTREE ISSUER ICAV,WT SPACE ECONOMY UCITS ETF - USD ACC,IE000VDH1PG3,ETFS,05/06/2026,Ireland,USD,MAIN MARKET,,EUET,UET8
WSPG,WISDOMTREE ISSUER ICAV,WT SPACE ECONOMY UCITS ETF - USD ACC,IE000VDH1PG3,ETFS,05/06/2026,Ireland,GBX,MAIN MARKET,,EUE2,UE2H
WTAI,WISDOMTREE ISSUER ICAV,WISDOMTREE AI UCITS ETF USD ACC,IE00BDVPNG13,ETFS,05/12/2018,Ireland,USD,MAIN MARKET,,EUET,UET7
WTEF,WISDOMTREE ISSUER ICAV,WISDOMTREE US EFFICIENT CORE UCITS ETF,IE000KF370H3,ETFS,18/10/2023,Ireland,GBX,MAIN MARKET,,EUE2,UE2G
WTNR,WISDOMTREE ISSUER ICAV,WISDOMTREE NEW ECON RE UCITS ETF USD ACC,IE000MO2MB07,ETFS,10/02/2022,Ireland,GBX,MAIN MARKET,,EUE2,UE2G
WTRE,WISDOMTREE ISSUER ICAV,WISDOMTREE NEW ECON RE UCITS ETF USD ACC,IE000MO2MB07,ETFS,10/02/2022,Ireland,USD,MAIN MARKET,,EUET,UET7
WTVE,WISDOMTREE ISSUER ICAV,WT EUROPE VALUE UCITS ETF - EUR ACC,IE0005HNE843,ETFS,11/12/2025,Ireland,EUR,MAIN MARKET,,EUET,UET7
WTVG,WISDOMTREE ISSUER ICAV,WT GLOBAL VALUE UCITS ETF - USD ACC,IE000D1017N2,ETFS,11/12/2025,Ireland,USD,MAIN MARKET,,EUET,UET7
WTVU,WISDOMTREE ISSUER ICAV,WT US VALUE UCITS ETF - USD ACC,IE000F9AQNW6,ETFS,11/12/2025,Ireland,USD,MAIN MARKET,,EUET,UET7
WXAG,WISDOMTREE ISSUER ICAV,WISDOMTREE EN COM EXAG UCITS ETF USD ACC,IE00BDVPNS35,ETFS,11/10/2021,Ireland,USD,MAIN MARKET,,EUET,UET7
XSOE,WISDOMTREE ISSUER ICAV,WT EM EX-STATE-OWNED ENTERPRISES UCITS,IE00BM9TSP27,ETFS,23/08/2021,Ireland,USD,MAIN MARKET,,EUET,UET7
XSOP,WISDOMTREE ISSUER ICAV,WT EM EX-STATE-OWNED ENTERPRISES UCITS,IE00BM9TSP27,ETFS,23/08/2021,Ireland,GBX,MAIN MARKET,,EUE2,UE2G
XUSA,WISDOMTREE ISSUER ICAV,WT GLB XUS QLY DV GWTH UCITS ETF EUR ACC,IE000X7DRW38,ETFS,24/09/2025,Ireland,EUR,MAIN MARKET,,EUET,UET7
AH50,XTRACKERS,X HARVEST CHINA A-H 50,LU1310477036,ETFS,30/03/2016,Luxembourg,USD,MAIN MARKET,Equity shares (transition),EUET,UET5
ASHR,XTRACKERS,X HARVEST CSI 300,LU0875160326,ETFS,16/01/2014,Luxembourg,USD,MAIN MARKET,Equity shares (transition),EUE2,UE2E
DXPJ,XTRACKERS,XTRACKERS MSCI PACIFICEXJP ESGSCR ETF 1D,LU2755521270,ETFS,12/04/2024,Luxembourg,USD,MAIN MARKET,,EUET,UET7
GTIL,XTRACKERS,XTRACKERS WORLD GTI,LU2859392081,ETFS,13/12/2024,Luxembourg,USD,MAIN MARKET,,EUET,UEA2
GTIS,XTRACKERS,XTRACKERS WORLD SMALL CAP GTI,LU2859297330,ETFS,13/12/2024,Luxembourg,USD,MAIN MARKET,,EUET,UEA2
RQFI,XTRACKERS,X HARVEST CSI 300,LU0875160326,ETFS,16/01/2014,Luxembourg,GBX,MAIN MARKET,Equity shares (transition),EUET,UET5
SCWX,XTRACKERS,SC MSCI ACWORLD XTRACKERS 1C,LU2903252349,ETFS,13/01/2025,Luxembourg,USD,MAIN MARKET,,EUET,UET7
SCXW,XTRACKERS,SC MSCI ACWORLD XTRACKERS 1C,LU2903252349,ETFS,24/03/2025,Luxembourg,GBP,MAIN MARKET,,EUE2,UE2G
XASX,XTRACKERS,X MSCI UK ESG,LU0292097747,ETFS,07/09/2007,Luxembourg,GBX,MAIN MARKET,Equity shares (transition),EUET,UET5
XAUS,XTRACKERS,X S&P ASX 200,LU0328474803,ETFS,07/02/2008,Luxembourg,GBX,MAIN MARKET,Equity shares (transition),EUET,UET5
XAXD,XTRACKERS,XT MSCI AC ASIA EX JP ESG SWAP UCITS ETF,LU0322252171,ETFS,18/02/2009,Luxembourg,USD,MAIN MARKET,Equity shares (transition),EUE2,UE2E
XAXJ,XTRACKERS,XT MSCI AC ASIA EX JP ESG SWAP UCITS ETF,LU0322252171,ETFS,18/02/2009,Luxembourg,GBX,MAIN MARKET,Equity shares (transition),EUET,UET5
XBAK,XTRACKERS,X MSCI PAKISTAN SWAP,LU0659579147,ETFS,11/06/2012,Luxembourg,USD,MAIN MARKET,Equity shares (transition),EUET,UET1
XBCS,XTRACKERS,XTRACKERS BLOOMBERG COMMODITY SWAP UCITS,LU3370249040,ETFS,03/07/2026,Luxembourg,GBP,MAIN MARKET,,EUET,UET7
XBCU,XTRACKERS,X COMMODTY EX AGRI SWAP USD,LU0460391732,ETFS,14/06/2010,Luxembourg,USD,MAIN MARKET,Equity shares (transition),EUET,UET5
XCAD,XTRACKERS,XTRACKERS MSCI CANADA ESG SCREENED,LU0476289540,ETFS,10/05/2010,Luxembourg,USD,MAIN MARKET,Equity shares (transition),EUET,UET5
XCHA,XTRACKERS,X CSI300 SWAP 1C,LU0779800910,ETFS,13/07/2012,Luxembourg,USD,MAIN MARKET,Equity shares (transition),EUET,UET1
XCMC,XTRACKERS,X BLOOMBERG COMMODITY SW 1C,LU2278080713,ETFS,10/11/2021,Luxembourg,USD,MAIN MARKET,,EUET,UET7
XCNA,XTRACKERS,X MSCI CHINA A ESG SCREENED ETF 1C,LU2469465822,ETFS,08/07/2022,Luxembourg,USD,MAIN MARKET,,EUET,UET7
XCS3,XTRACKERS,X MSCI MALAYSIA 1C $,LU0514694370,ETFS,12/11/2010,Luxembourg,USD,MAIN MARKET,Equity shares (transition),EUE2,UE2E
XCS4,XTRACKERS,X MSCI THAILAND 1C,LU0514694701,ETFS,12/11/2010,Luxembourg,USD,MAIN MARKET,Equity shares (transition),EUE2,UE2E
XCS5,XTRACKERS,X MSCI INDIA SWAP $,LU0514695187,ETFS,12/11/2010,Luxembourg,USD,MAIN MARKET,Equity shares (transition),EUE2,UE2E
XCS6,XTRACKERS,X MSCI CHINA 1C $,LU0514695690,ETFS,12/11/2010,Luxembourg,USD,MAIN MARKET,Equity shares (transition),EUE2,UE2E
XCS7,XTRACKERS,XTRACKERS MSCI CHINA UCITS ETF,LU2456436083,ETFS,06/05/2022,Luxembourg,USD,MAIN MARKET,,EUET,UET7
XCSI,XTRACKERS,XTRACKERS CSI500 SWAP ETF 1C,LU2788421340,ETFS,14/08/2024,Luxembourg,USD,MAIN MARKET,,EUET,UET7
XCTC,XTRACKERS,X HARVEST MSCI CHINA TECH 100 ETF,LU2376679564,ETFS,05/06/2026,Luxembourg,GBP,MAIN MARKET,,EUE2,UE2G
XCTE,XTRACKERS,X HARVEST MSCI CHINA TECH 100 ETF,LU2376679564,ETFS,21/04/2022,Luxembourg,USD,MAIN MARKET,,EUET,UET7
XCX3,XTRACKERS,X MSCI MALAYSIA 1C,LU0514694370,ETFS,12/11/2010,Luxembourg,GBX,MAIN MARKET,Equity shares (transition),EUET,UET5
XCX4,XTRACKERS,X MSCI THAILAND 1C,LU0514694701,ETFS,12/11/2010,Luxembourg,GBX,MAIN MARKET,Equity shares (transition),EUET,UET5
XCX5,XTRACKERS,X MSCI INDIA SWAP,LU0514695187,ETFS,12/11/2010,Luxembourg,GBX,MAIN MARKET,Equity shares (transition),EUET,UET5
XCX6,XTRACKERS,X MSCI CHINA 1C,LU0514695690,ETFS,12/11/2010,Luxembourg,GBX,MAIN MARKET,Equity shares (transition),EUET,UET5
XCX7,XTRACKERS,X MSCI CHINA 1D,LU2456436083,ETFS,10/02/2023,Luxembourg,GBP,MAIN MARKET,,EUE2,UE2G
XD3E,XTRACKERS,X EURO STOXX QUALITY DIV,LU0292095535,ETFS,07/09/2007,Luxembourg,GBX,MAIN MARKET,Equity shares (transition),EUET,UET5
XD5D,XTRACKERS,X MSCI EMU USD,LU1127514245,ETFS,20/04/2015,Luxembourg,USD,MAIN MARKET,Equity shares (transition),EUET,UET5
XD5E,XTRACKERS,X MSCI EMU,LU0846194776,ETFS,14/12/2012,Luxembourg,GBX,MAIN MARKET,Equity shares (transition),EUET,UET5
XD5S,XTRACKERS,X MSCI EMU GBP,LU1127516455,ETFS,20/04/2015,Luxembourg,GBX,MAIN MARKET,Equity shares (transition),EUET,UET5
XDAX,XTRACKERS,X DAX,LU0274211480,ETFS,21/09/2017,Luxembourg,GBX,MAIN MARKET,Equity shares (transition),EUET,UET5
XDBG,XTRACKERS,X COMMODTY EX AGRI SWAP GBP,LU0460391906,ETFS,14/03/2011,Luxembourg,GBX,MAIN MARKET,Equity shares (transition),EUET,UET5
XDDX,XTRACKERS,X DAX ESG SCREENED UCITS ETF,LU0838782315,ETFS,23/08/2013,Luxembourg,GBX,MAIN MARKET,Equity shares (transition),EUET,UET5
XDEF,XTRACKERS,XEUROPE DEFENCE TECHNOLOG 1C,LU3061478973,ETFS,26/09/2025,Luxembourg,GBP,MAIN MARKET,,EUET,UET7
XDER,XTRACKERS,X FTSE EUROPE REAL ESTATE,LU0489337690,ETFS,17/05/2010,Luxembourg,GBX,MAIN MARKET,Equity shares (transition),EUET,UET5
XDJP,XTRACKERS,X NIKKEI 225,LU0839027447,ETFS,25/02/2013,Luxembourg,GBX,MAIN MARKET,Equity shares (transition),EUET,UET5
XDUK,XTRACKERS,X FTSE 100,LU0838780707,ETFS,14/12/2012,Luxembourg,GBX,MAIN MARKET,Equity shares (transition),EUET,UET5
XEOU,XTRACKERS,X MSCI EUROPE USD,LU1184092051,ETFS,20/04/2015,Luxembourg,USD,MAIN MARKET,Equity shares (transition),EUET,UET5
XESC,XTRACKERS,X EURO STOXX 50 1C,LU0380865021,ETFS,18/02/2009,Luxembourg,GBX,MAIN MARKET,Equity shares (transition),EUET,UET5
XESX,XTRACKERS,X EURO STOXX 50 1D,LU0274211217,ETFS,07/02/2008,Luxembourg,GBX,MAIN MARKET,Equity shares (transition),EUET,UET5
XEUM,XTRACKERS,X MSCI EUROPE MID CAP,LU0322253732,ETFS,04/08/2008,Luxembourg,GBX,MAIN MARKET,Equity shares (transition),EUET,UET5
XFVT,XTRACKERS,X FTSE VIETNAM SWAP,LU0322252924,ETFS,07/02/2008,Luxembourg,GBX,MAIN MARKET,Equity shares (transition),EUET,UET5
XGDD,XTRACKERS,X GLOBAL SELECT DIV 100 SWAP,LU0292096186,ETFS,02/11/2009,Luxembourg,USD,MAIN MARKET,Equity shares (transition),EUE2,UE2E
XGID,XTRACKERS,X S&P GLOBAL INFRA SWAP,LU0322253229,ETFS,07/02/2008,Luxembourg,USD,MAIN MARKET,Equity shares (transition),EUE2,UE2E
XGSD,XTRACKERS,X GLOBAL SELECT DIV 100 SWAP,LU0292096186,ETFS,06/09/2007,Luxembourg,GBX,MAIN MARKET,Equity shares (transition),EUET,UET5
XIDD,XTRACKERS,X MSCI INDONESIA SWAP 1C,LU0476289623,ETFS,05/09/2011,Luxembourg,USD,MAIN MARKET,Equity shares (transition),EUE2,UE2E
XKS2,XTRACKERS,X MSCI KOREA,LU0292100046,ETFS,07/09/2007,Luxembourg,GBX,MAIN MARKET,Equity shares (transition),EUET,UET5
XKSD,XTRACKERS,X MSCI KOREA,LU0292100046,ETFS,07/09/2007,Luxembourg,USD,MAIN MARKET,Equity shares (transition),EUE2,UE2E
XLDX,XTRACKERS,X LEVDAX DAILY SWAP,LU0411075376,ETFS,10/05/2010,Luxembourg,GBX,MAIN MARKET,Equity shares (transition),EUET,UET5
XLPE,XTRACKERS,X LPX PRIVATE EQUITY SWAP,LU0322250712,ETFS,07/02/2008,Luxembourg,GBX,MAIN MARKET,Equity shares (transition),EUET,UET5
XM1D,XTRACKERS,XMSCI JAPAN 1D,LU2581375230,ETFS,20/03/2023,Luxembourg,GBP,MAIN MARKET,,EUET,UET7
XMAD,XTRACKERS,XTR MSCI EM ASIA ESG SWAP UCITS ETF 1C,LU0292107991,ETFS,06/09/2007,Luxembourg,USD,MAIN MARKET,Equity shares (transition),EUE2,UE2E
XMAF,XTRACKERS,X MSCI AFRICA TOP 50 SWAP,LU0592217524,ETFS,14/06/2011,Luxembourg,USD,MAIN MARKET,Equity shares (transition),EUET,UET5
XMAS,XTRACKERS,XTR MSCI EM ASIA ESG SWAP UCITS ETF 1C,LU0292107991,ETFS,06/09/2007,Luxembourg,GBX,MAIN MARKET,Equity shares (transition),EUET,UET5
XMBD,XTRACKERS,X MSCI BRAZIL 1C,LU0292109344,ETFS,07/09/2007,Luxembourg,USD,MAIN MARKET,Equity shares (transition),EUE2,UE2E
XMBR,XTRACKERS,X MSCI BRAZIL 1C,LU0292109344,ETFS,07/09/2007,Luxembourg,GBX,MAIN MARKET,Equity shares (transition),EUET,UET5
XMCM,XTRACKERS,XTRACKERS MSCI EM SWAP ETF 1D,LU2675291913,ETFS,07/11/2023,Luxembourg,USD,MAIN MARKET,,EUET,UET7
XMCX,XTRACKERS,X FTSE 250,LU0292097317,ETFS,07/09/2007,Luxembourg,GBX,MAIN MARKET,Equity shares (transition),EUET,UET5
XMED,XTRACKERS,X MSCI EUROPE 1C,LU0274209237,ETFS,06/09/2007,Luxembourg,USD,MAIN MARKET,Equity shares (transition),EUE2,UE2E
XMEM,XTRACKERS,X MSCI EMERGING MARKETS SWAP,LU0292107645,ETFS,07/09/2007,Luxembourg,GBX,MAIN MARKET,Equity shares (transition),EUET,UET5
XMES,XTRACKERS,X MSCI MEXICO $,LU0476289466,ETFS,17/05/2010,Luxembourg,USD,MAIN MARKET,Equity shares (transition),EUE2,UE2E
XMEU,XTRACKERS,X MSCI EUROPE 1C,LU0274209237,ETFS,06/09/2007,Luxembourg,GBX,MAIN MARKET,Equity shares (transition),EUET,UET5
XMEX,XTRACKERS,X MSCI MEXICO,LU0476289466,ETFS,17/05/2010,Luxembourg,GBX,MAIN MARKET,Equity shares (transition),EUET,UET5
XMID,XTRACKERS,X MSCI INDONESIA SWAP 1C,LU0476289623,ETFS,14/06/2010,Luxembourg,GBX,MAIN MARKET,Equity shares (transition),EUET,UET5
XMJD,XTRACKERS,X MSCI JAPAN,LU0274209740,ETFS,06/09/2007,Luxembourg,USD,MAIN MARKET,Equity shares (transition),EUE2,UE2E
XMJP,XTRACKERS,X MSCI JAPAN,LU0274209740,ETFS,06/09/2007,Luxembourg,GBX,MAIN MARKET,Equity shares (transition),EUET,UET5
XMJU,XTRACKERS,XMSCI JAPAN 1D,LU2581375230,ETFS,10/11/2023,Luxembourg,USD,MAIN MARKET,,EUE2,UE2G
XMLA,XTRACKERS,XMLA X MSCI EM LATAM ESG SWAP,LU0292108619,ETFS,07/09/2007,Luxembourg,GBX,MAIN MARKET,Equity shares (transition),EUET,UET5
XMLD,XTRACKERS,XMLD X MSCI EM LATAM ESG SWAP,LU0292108619,ETFS,07/09/2007,Luxembourg,USD,MAIN MARKET,Equity shares (transition),EUE2,UE2E
XMMD,XTRACKERS,X MSCI EMERGING MARKETS SWAP,LU0292107645,ETFS,07/09/2007,Luxembourg,USD,MAIN MARKET,Equity shares (transition),EUE2,UE2E
XMTD,XTRACKERS,X MSCI TAIWAN,LU0292109187,ETFS,07/09/2007,Luxembourg,USD,MAIN MARKET,Equity shares (transition),EUE2,UE2E
XMTW,XTRACKERS,X MSCI TAIWAN,LU0292109187,ETFS,07/09/2007,Luxembourg,GBX,MAIN MARKET,Equity shares (transition),EUET,UET5
XMUD,XTRACKERS,X MSCI USA SWAP,LU0274210672,ETFS,06/09/2007,Luxembourg,USD,MAIN MARKET,Equity shares (transition),EUE2,UE2E
XMUJ,XTRACKERS,X MSCI JAPAN USD,LU0927735406,ETFS,09/08/2013,Luxembourg,USD,MAIN MARKET,Equity shares (transition),EUET,UET5
XMUS,XTRACKERS,X MSCI USA SWAP,LU0274210672,ETFS,06/09/2007,Luxembourg,GBX,MAIN MARKET,Equity shares (transition),EUET,UET5
XMWD,XTRACKERS,X WORLD SWAP 1C,LU0274208692,ETFS,06/09/2007,Luxembourg,USD,MAIN MARKET,Equity shares (transition),EUET,UET5
XMXD,XTRACKERS,XMXD X MSCI EM EMEA ESG SWAP,LU0292109005,ETFS,06/09/2007,Luxembourg,USD,MAIN MARKET,Equity shares (transition),EUET,UET5
XNID,XTRACKERS,X NIFTY 50 SWAP,LU0292109690,ETFS,07/09/2007,Luxembourg,USD,MAIN MARKET,Equity shares (transition),EUE2,UE2E
XNIF,XTRACKERS,X NIFTY 50 SWAP,LU0292109690,ETFS,07/09/2007,Luxembourg,GBX,MAIN MARKET,Equity shares (transition),EUET,UET5
XPEJ,XTRACKERS,XTRACKERS MSCI PACIFICEXJP ESGSCR ETF 1D,LU2755521270,ETFS,12/04/2024,Luxembourg,GBP,MAIN MARKET,,EUE2,UE2G
XPHG,XTRACKERS,X MSCI PHILIPPINES 1C £,LU0592215403,ETFS,23/05/2011,Luxembourg,GBX,MAIN MARKET,Equity shares (transition),EUET,UET5
XPHI,XTRACKERS,X MSCI PHILIPPINES 1C $,LU0592215403,ETFS,23/05/2011,Luxembourg,USD,MAIN MARKET,Equity shares (transition),EUE2,UE2E
XPXD,XTRACKERS,XTRACKERS MSCI PACIFIC EX JP ESG SCREEN,LU0322252338,ETFS,18/02/2009,Luxembourg,USD,MAIN MARKET,Equity shares (transition),EUE2,UE2E
XPXJ,XTRACKERS,XTRACKERS MSCI PACIFIC EX JP ESG SCREEN,LU0322252338,ETFS,18/02/2009,Luxembourg,GBX,MAIN MARKET,Equity shares (transition),EUET,UET5
XS2D,XTRACKERS,X S&P 500 2X LEVERAGED SWAP,LU0411078552,ETFS,10/05/2010,Luxembourg,USD,MAIN MARKET,Equity shares (transition),EUET,UET5
XS3R,XTRACKERS,X MSCI EU CONS STAPLES ESG,LU0292105359,ETFS,04/08/2008,Luxembourg,GBX,MAIN MARKET,Equity shares (transition),EUET,UET5
XS5G,XTRACKERS,XTRACKERS S&P 500 SW 7C GBP,LU2196473016,ETFS,28/09/2021,Luxembourg,GBP,MAIN MARKET,,EUET,UET7
XS6R,XTRACKERS,X MSCI EU UTILITIES ESG,LU0292104899,ETFS,04/08/2008,Luxembourg,GBX,MAIN MARKET,Equity shares (transition),EUET,UET5
XS7R,XTRACKERS,X MSCI EU FINANCIALS ESG,LU0292103651,ETFS,04/08/2008,Luxembourg,GBX,MAIN MARKET,Equity shares (transition),EUET,UET5
XS8R,XTRACKERS,X MSCI EU IT ESG,LU0292104469,ETFS,04/08/2008,Luxembourg,GBX,MAIN MARKET,Equity shares (transition),EUET,UET5
XSD2,XTRACKERS,X SHORTDAX X2 DAILY SWAP,LU0411075020,ETFS,10/05/2010,Luxembourg,GBX,MAIN MARKET,Equity shares (transition),EUET,UET5
XSDR,XTRACKERS,X MSCI EU HEALTHCARE ESG,LU0292103222,ETFS,04/08/2008,Luxembourg,GBX,MAIN MARKET,Equity shares (transition),EUET,UET5
XSDX,XTRACKERS,X SHORTDAX DAILY SWAP,LU0292106241,ETFS,07/02/2008,Luxembourg,GBX,MAIN MARKET,Equity shares (transition),EUET,UET5
XSFD,XTRACKERS,X S&P SELECT FRONTIER SWAP $,LU0328476410,ETFS,07/02/2008,Luxembourg,USD,MAIN MARKET,Equity shares (transition),EUE2,UE2E
XSFR,XTRACKERS,X S&P SELECT FRONTIER SWAP,LU0328476410,ETFS,07/02/2008,Luxembourg,GBX,MAIN MARKET,Equity shares (transition),EUET,UET5
XSGI,XTRACKERS,X S&P GLOBAL INFRA SWAP,LU0322253229,ETFS,07/02/2008,Luxembourg,GBX,MAIN MARKET,Equity shares (transition),EUET,UET5
XSKR,XTRACKERS,X MSCI EU COMMUNICATION ESG,LU0292104030,ETFS,04/08/2008,Luxembourg,GBX,MAIN MARKET,Equity shares (transition),EUET,UET5
XSNR,XTRACKERS,X MSCI EU INDUSTRIALS ESG,LU0292106084,ETFS,04/08/2008,Luxembourg,GBX,MAIN MARKET,Equity shares (transition),EUET,UET5
XSPD,XTRACKERS,X S&P500 INVERSE DAILY SWAP,LU0322251520,ETFS,07/02/2008,Luxembourg,USD,MAIN MARKET,Equity shares (transition),EUE2,UE2E
XSPR,XTRACKERS,X MSCI EU MATERIALS ESG,LU0292100806,ETFS,04/08/2008,Luxembourg,GBX,MAIN MARKET,Equity shares (transition),EUET,UET5
XSPS,XTRACKERS,X S&P500 INVERSE DAILY SWAP,LU0322251520,ETFS,07/02/2008,Luxembourg,GBX,MAIN MARKET,Equity shares (transition),EUET,UET5
XSPU,XTRACKERS,X S&P500 SWAP $,LU0490618542,ETFS,17/05/2010,Luxembourg,USD,MAIN MARKET,Equity shares (transition),EUE2,UE2E
XSPX,XTRACKERS,X S&P500 SWAP,LU0490618542,ETFS,17/05/2010,Luxembourg,GBX,MAIN MARKET,Equity shares (transition),EUET,UET5
XSSX,XTRACKERS,X EURO STOXX 50 SHORT SWAP,LU0292106753,ETFS,07/02/2008,Luxembourg,GBX,MAIN MARKET,Equity shares (transition),EUET,UET5
XSX6,XTRACKERS,X STOXX EUROPE 600,LU0328475792,ETFS,18/02/2009,Luxembourg,GBX,MAIN MARKET,Equity shares (transition),EUET,UET5
XSXD,XTRACKERS,XTRACKERS S&P 500 SWAP UCITS ETF,LU2009147757,ETFS,15/06/2022,Luxembourg,USD,MAIN MARKET,,EUET,UET7
XSXG,XTRACKERS,XTRACKERS S&P 500 SWAP UCITS ETF,LU2009147757,ETFS,15/06/2022,Luxembourg,GBP,MAIN MARKET,,EUE2,UE2G
XT2D,XTRACKERS,X S&P 500 2X INVERSE SWAP,LU0411078636,ETFS,10/05/2010,Luxembourg,USD,MAIN MARKET,Equity shares (transition),EUET,UET5
XTMT,XTRACKERS,XTRACKERS MSCI TAIWAN ETF 1D,LU2928641757,ETFS,17/12/2024,Luxembourg,USD,MAIN MARKET,,EUET,UET7
XUKS,XTRACKERS,X FTSE100 SHORT DAILY SWAP,LU0328473581,ETFS,17/06/2008,Luxembourg,GBX,MAIN MARKET,Equity shares (transition),EUET,UET5
XUKX,XTRACKERS,X FTSE 100 INCOME,LU0292097234,ETFS,06/09/2007,Luxembourg,GBX,MAIN MARKET,Equity shares (transition),EUET,UET5
XUSD,XTRACKERS,X MSCI USA SWAP 1D,LU2581375073,ETFS,20/03/2023,Luxembourg,USD,MAIN MARKET,,EUE2,UE2G
XUSW,XTRACKERS,X MSCI USA SWAP 1D,LU2581375073,ETFS,20/03/2023,Luxembourg,GBP,MAIN MARKET,,EUET,UET7
XVTD,XTRACKERS,X FTSE VIETNAM SWAP $,LU0322252924,ETFS,07/02/2008,Luxembourg,USD,MAIN MARKET,Equity shares (transition),EUE2,UE2E
XWD1,XTRACKERS,X WORLD SW 1D,LU2263803533,ETFS,30/06/2022,Luxembourg,USD,MAIN MARKET,,EUET,UET7
XWOS,XTRACKERS,XTRACKERS MSCI WORLD SWAP ETF 1D,LU2263803533,ETFS,29/08/2024,Luxembourg,GBP,MAIN MARKET,,EUE2,UE2G
XX25,XTRACKERS,XTRACKERS MSCI CHINA A UCITS ETF,LU0292109856,ETFS,07/09/2007,Luxembourg,GBX,MAIN MARKET,Equity shares (transition),EUET,UET5
XX2D,XTRACKERS,XTRACKERS MSCI CHINA A UCITS ETF,LU0292109856,ETFS,07/09/2007,Luxembourg,USD,MAIN MARKET,Equity shares (transition),EUE2,UE2E
XXSC,XTRACKERS,X MSCI EUROPE SMALL CAP,LU0322253906,ETFS,04/08/2008,Luxembourg,GBX,MAIN MARKET,Equity shares (transition),EUET,UET5
ALLG,XTRACKERS (IE) PUBLIC LIMITED COMPANY,X FTSE ALL WORLD ETF 1C,IE000L6ZMMC4,ETFS,24/04/2026,Ireland,GBP,MAIN MARKET,,EUE2,UE2G
ALLW,XTRACKERS (IE) PUBLIC LIMITED COMPANY,X FTSE ALL WORLD ETF 1C,IE000L6ZMMC4,ETFS,24/04/2026,Ireland,USD,MAIN MARKET,,EUET,UET7
AWEG,XTRACKERS (IE) PUBLIC LIMITED COMPANY,X FTSE ALL WORLD EX US ETF 1C,IE000YKHGYN2,ETFS,24/04/2026,Ireland,GBP,MAIN MARKET,,EUE2,UE2G
AWEX,XTRACKERS (IE) PUBLIC LIMITED COMPANY,X FTSE ALL WORLD EX US ETF 1C,IE000YKHGYN2,ETFS,24/04/2026,Ireland,USD,MAIN MARKET,,EUET,UET7
EXU1,XTRACKERS (IE) PUBLIC LIMITED COMPANY,XTRACKERS MSCI WORLD EX USA 1D,IE000Z0FC0G5,ETFS,20/02/2025,Ireland,USD,MAIN MARKET,,EUET,UET7
EXUS,XTRACKERS (IE) PUBLIC LIMITED COMPANY,X MSCI WORLD EX USA UCITS ETF 1C,IE0006WW1TQ4,ETFS,15/03/2024,Ireland,USD,MAIN MARKET,,EUET,UET7
SDG3,XTRACKERS (IE) PUBLIC LIMITED COMPANY,X GLOBAL SDG 3 GOOD HEALTH UCITS ETF,IE00036F4K40,ETFS,13/02/2023,Ireland,GBP,MAIN MARKET,,EUET,UET7
SDG6,XTRACKERS (IE) PUBLIC LIMITED COMPANY,X GLOBAL SDG 6 WATER UCITS ETF,IE0007WJ6B10,ETFS,13/02/2023,Ireland,GBP,MAIN MARKET,,EUET,UET7
SDG9,XTRACKERS (IE) PUBLIC LIMITED COMPANY,X MSCI GLOBAL SDG 9 INDUST INNOVAT INFRA,IE0005E47AH7,ETFS,20/01/2023,Ireland,USD,MAIN MARKET,,EUET,UET7
SDGX,XTRACKERS (IE) PUBLIC LIMITED COMPANY,X GLOBAL SDGS UCITS ETF,IE000PSF3A70,ETFS,13/02/2023,Ireland,GBP,MAIN MARKET,,EUET,UET7
USOA,XTRACKERS (IE) PUBLIC LIMITED COMPANY,X MSCI USA SWAP II ETF1D,IE000FW16TX1,ETFS,01/05/2026,Ireland,USD,MAIN MARKET,,EUET,UET7
USOG,XTRACKERS (IE) PUBLIC LIMITED COMPANY,X MSCI USA SWAP II ETF1D,IE000FW16TX1,ETFS,01/05/2026,Ireland,GBP,MAIN MARKET,,EUE2,UE2G
WIMG,XTRACKERS (IE) PUBLIC LIMITED COMPANY,X MSCI WORLD IMI 1C,IE000X1GW0A7,ETFS,24/04/2026,Ireland,GBP,MAIN MARKET,,EUE2,UE2G
WIMI,XTRACKERS (IE) PUBLIC LIMITED COMPANY,X MSCI WORLD IMI 1C,IE000X1GW0A7,ETFS,24/04/2026,Ireland,USD,MAIN MARKET,,EUET,UET7
WIRE,XTRACKERS (IE) PUBLIC LIMITED COMPANY,X ELECTRIC & SMART GRID 1C,IE000O7Q2E56,ETFS,24/04/2026,Ireland,USD,MAIN MARKET,,EUET,UET7
WIRG,XTRACKERS (IE) PUBLIC LIMITED COMPANY,X ELECTRIC & SMART GRID 1C,IE000O7Q2E56,ETFS,24/04/2026,Ireland,GBP,MAIN MARKET,,EUE2,UE2G
X5SP,XTRACKERS (IE) PUBLIC LIMITED COMPANY,X S&P 500 4D,IE000UP2BIZ9,ETFS,06/10/2025,Ireland,USD,MAIN MARKET,,EUET,UET7
XAID,XTRACKERS (IE) PUBLIC LIMITED COMPANY,XTRACKERS AI & BIG DATA ETF 1C,IE00BGV5VN51,ETFS,09/04/2025,Ireland,USD,MAIN MARKET,,EUE2,UE2G
XAIX,XTRACKERS (IE) PUBLIC LIMITED COMPANY,XTRACKERS AI & BIG DATA ETF 1C,IE00BGV5VN51,ETFS,29/08/2024,Ireland,GBP,MAIN MARKET,,EUET,UET7
XBI0,XTRACKERS (IE) PUBLIC LIMITED COMPANY,X WORLD BIODIV FOCUS SRI UCITS ETF 1C,IE000E0V65D8,ETFS,06/11/2023,Ireland,USD,MAIN MARKET,,EUET,UET7
XBUZ,XTRACKERS (IE) PUBLIC LIMITED COMPANY,X USA BIODIV FOCUS SRI UCITS ETF 1C,IE000LOSV2D0,ETFS,06/11/2023,Ireland,USD,MAIN MARKET,,EUET,UET7
XCEU,XTRACKERS (IE) PUBLIC LIMITED COMPANY,X EMU CLIMATE TRANSITION UCITS ETF,IE000W6L2AI3,ETFS,09/03/2023,Ireland,GBP,MAIN MARKET,,EUET,UET7
XCJD,XTRACKERS (IE) PUBLIC LIMITED COMPANY,X JAPAN CLIMATE TRANSITION UCITS ETF,IE0006FDYJF8,ETFS,09/03/2023,Ireland,GBP,MAIN MARKET,,EUET,UET7
XCJU,XTRACKERS (IE) PUBLIC LIMITED COMPANY,X JAPAN CLIMATE TRANSITION UCITS ETF,IE0006FDYJF8,ETFS,09/03/2023,Ireland,USD,MAIN MARKET,,EUE2,UE2G
XCTU,XTRACKERS (IE) PUBLIC LIMITED COMPANY,X WORLD CLIMATE TRANSITION UCITS ETF,IE000P4AYI47,ETFS,09/03/2023,Ireland,USD,MAIN MARKET,,EUET,UET7
XCUD,XTRACKERS (IE) PUBLIC LIMITED COMPANY,X USA CLIMATE TRANSITION UCITS ETF,IE000GYDNJS5,ETFS,09/03/2023,Ireland,USD,MAIN MARKET,,EUE2,UE2G
XCUU,XTRACKERS (IE) PUBLIC LIMITED COMPANY,X USA CLIMATE TRANSITION UCITS ETF,IE000GYDNJS5,ETFS,09/03/2023,Ireland,GBP,MAIN MARKET,,EUET,UET7
XD9U,XTRACKERS (IE) PUBLIC LIMITED COMPANY,X MSCI USA,IE00BJ0KDR00,ETFS,01/07/2014,Ireland,USD,MAIN MARKET,,EUE2,UE2G
XDEB,XTRACKERS (IE) PUBLIC LIMITED COMPANY,X MSCI WORLD MIN VOLATILITY,IE00BL25JN58,ETFS,17/10/2014,Ireland,GBX,MAIN MARKET,,EUET,UET7
XDED,XTRACKERS (IE) PUBLIC LIMITED COMPANY,X S&P 500 EQUAL WEIGHT 2D,IE000CXLGK86,ETFS,20/03/2023,Ireland,GBP,MAIN MARKET,,EUET,UET7
XDEG,XTRACKERS (IE) PUBLIC LIMITED COMPANY,X MSCI EM EX CHINA UCITS,IE00BM67HJ62,ETFS,09/05/2022,Ireland,USD,MAIN MARKET,,EUE2,UE2G
XDEM,XTRACKERS (IE) PUBLIC LIMITED COMPANY,X MSCI WORLD MOMENTUM,IE00BL25JP72,ETFS,17/10/2014,Ireland,GBX,MAIN MARKET,,EUET,UET7
XDEQ,XTRACKERS (IE) PUBLIC LIMITED COMPANY,X MSCI WORLD QUALITY,IE00BL25JL35,ETFS,17/10/2014,Ireland,GBX,MAIN MARKET,,EUET,UET7
XDEU,XTRACKERS (IE) PUBLIC LIMITED COMPANY,X S&P 500 EQUAL WEIGHT 2D,IE000CXLGK86,ETFS,20/03/2023,Ireland,USD,MAIN MARKET,,EUE2,UE2G
XDEV,XTRACKERS (IE) PUBLIC LIMITED COMPANY,X MSCI WORLD VALUE,IE00BL25JM42,ETFS,17/10/2014,Ireland,GBX,MAIN MARKET,,EUET,UET7
XDEW,XTRACKERS (IE) PUBLIC LIMITED COMPANY,X S&P 500 EQUAL WEIGHT,IE00BLNMYC90,ETFS,27/08/2014,Ireland,USD,MAIN MARKET,,EUET,UET7
XDEX,XTRACKERS (IE) PUBLIC LIMITED COMPANY,X MSCI EM EX CHINA UCITS,IE00BM67HJ62,ETFS,20/04/2015,Ireland,GBX,MAIN MARKET,,EUET,UET7
XDG3,XTRACKERS (IE) PUBLIC LIMITED COMPANY,X GLOBAL SDG 3 GOOD HEALTH UCITS ETF,IE00036F4K40,ETFS,13/02/2023,Ireland,USD,MAIN MARKET,,EUE2,UE2G
XDG6,XTRACKERS (IE) PUBLIC LIMITED COMPANY,X GLOBAL SDG 6 WATER UCITS ETF,IE0007WJ6B10,ETFS,13/02/2023,Ireland,USD,MAIN MARKET,,EUE2,UE2G
XDG7,XTRACKERS (IE) PUBLIC LIMITED COMPANY,X GLOBAL SDG 7 CLEAN ENERGY UCITS ETF,IE000JZYIUN0,ETFS,14/02/2023,Ireland,USD,MAIN MARKET,,EUET,UET7
XDGB,XTRACKERS (IE) PUBLIC LIMITED COMPANY,XTRACKERS USD CORPORATE BOND UCITS ETF,IE00BG04LY46,ETFS,24/05/2023,Ireland,GBP,MAIN MARKET,,EUET,UET7
XDGI,XTRACKERS (IE) PUBLIC LIMITED COMPANY,X GLOBAL SDGS UCITS ETF,IE000PSF3A70,ETFS,13/02/2023,Ireland,USD,MAIN MARKET,,EUE2,UE2G
XDGS,XTRACKERS (IE) PUBLIC LIMITED COMPANY,X MSCI GLOBAL SOCIAL FAIRNESS CONTRIBUTO,IE000L2IS494,ETFS,28/03/2024,Ireland,USD,MAIN MARKET,,EUET,UET7
XDGU,XTRACKERS (IE) PUBLIC LIMITED COMPANY,X USD CORPORATE BOND,IE00BZ036H21,ETFS,16/10/2015,Ireland,USD,MAIN MARKET,,EUET,UET7
XDN0,XTRACKERS (IE) PUBLIC LIMITED COMPANY,X MSCI NORDIC,IE00B9MRHC27,ETFS,27/09/2013,Ireland,GBX,MAIN MARKET,,EUET,UET7
XDNG,XTRACKERS (IE) PUBLIC LIMITED COMPANY,X JPX NIKKEI 400 GBP,IE00BPVLQF37,ETFS,20/04/2015,Ireland,GBX,MAIN MARKET,,EUET,UET7
XDNS,XTRACKERS (IE) PUBLIC LIMITED COMPANY,X JPX NIKKEI 400,IE00BPVLQD13,ETFS,14/08/2015,Ireland,GBX,MAIN MARKET,,EUE2,UE2G
XDNU,XTRACKERS (IE) PUBLIC LIMITED COMPANY,X JPX NIKKEI 400 USD,IE00BTGD1B38,ETFS,14/08/2015,Ireland,USD,MAIN MARKET,,EUET,UET7
XDNY,XTRACKERS (IE) PUBLIC LIMITED COMPANY,X JPX NIKKEI 400,IE00BPVLQD13,ETFS,15/06/2015,Ireland,USD,MAIN MARKET,,EUET,UET7
XDPG,XTRACKERS (IE) PUBLIC LIMITED COMPANY,X S&P 500 GBP,IE00BM67HX07,ETFS,27/03/2015,Ireland,GBX,MAIN MARKET,,EUET,UET7
XDPP,XTRACKERS (IE) PUBLIC LIMITED COMPANY,X S&P500 4C,IE000Z9SJA06,ETFS,15/06/2022,Ireland,GBP,MAIN MARKET,,EUE2,UE2G
XDPU,XTRACKERS (IE) PUBLIC LIMITED COMPANY,X S&P500 4C,IE000Z9SJA06,ETFS,15/06/2022,Ireland,USD,MAIN MARKET,,EUET,UET7
XDRE,XTRACKERS (IE) PUBLIC LIMITED COMPANY,X DEVELOPED GREEN RE ESG UCITS ETF 1C,IE00BN2BCY94,ETFS,25/11/2024,Ireland,GBP,MAIN MARKET,,EUET,UET7
XDUS,XTRACKERS (IE) PUBLIC LIMITED COMPANY,X MSCI USA,IE00BJ0KDR00,ETFS,01/07/2014,Ireland,GBX,MAIN MARKET,,EUET,UET7
XDW0,XTRACKERS (IE) PUBLIC LIMITED COMPANY,X MSCI WORLD ENERGY,IE00BM67HM91,ETFS,24/03/2016,Ireland,USD,MAIN MARKET,,EUET,UET7
XDWC,XTRACKERS (IE) PUBLIC LIMITED COMPANY,X MSCI WORLD CON DIS,IE00BM67HP23,ETFS,24/03/2016,Ireland,USD,MAIN MARKET,,EUET,UET7
XDWD,XTRACKERS (IE) PUBLIC LIMITED COMPANY,X MSCI WORLD 1C,IE00BJ0KDQ92,ETFS,28/07/2014,Ireland,USD,MAIN MARKET,,EUET,UET7
XDWE,XTRACKERS (IE) PUBLIC LIMITED COMPANY,X S&P 500 EQUAL WEIGHT,IE00BLNMYC90,ETFS,27/08/2014,Ireland,GBX,MAIN MARKET,,EUE2,UE2G
XDWF,XTRACKERS (IE) PUBLIC LIMITED COMPANY,X MSCI WORLD FINANCIALS,IE00BM67HL84,ETFS,24/03/2016,Ireland,USD,MAIN MARKET,,EUET,UET7
XDWG,XTRACKERS (IE) PUBLIC LIMITED COMPANY,X MSCI WORLD GBP,IE00BZ1BS790,ETFS,04/08/2017,Ireland,GBP,MAIN MARKET,,EUET,UETY
XDWH,XTRACKERS (IE) PUBLIC LIMITED COMPANY,X MSCI WORLD HEALTH,IE00BM67HK77,ETFS,24/03/2016,Ireland,USD,MAIN MARKET,,EUET,UET7
XDWI,XTRACKERS (IE) PUBLIC LIMITED COMPANY,X MSCI WORLD INDUSTRIALS,IE00BM67HV82,ETFS,24/03/2016,Ireland,USD,MAIN MARKET,,EUET,UET7
XDWK,XTRACKERS (IE) PUBLIC LIMITED COMPANY,XTRACKERS MSCI WORLD UCITS ETF,IE00BK1PV551,ETFS,17/11/2025,Ireland,HKD,MAIN MARKET,,EUE3,UE3D
XDWL,XTRACKERS (IE) PUBLIC LIMITED COMPANY,X MSCI WORLD 1D,IE00BK1PV551,ETFS,21/09/2017,Ireland,USD,MAIN MARKET,,EUET,UETY
XDWM,XTRACKERS (IE) PUBLIC LIMITED COMPANY,X MSCI WORLD MATERIALS,IE00BM67HS53,ETFS,24/03/2016,Ireland,USD,MAIN MARKET,,EUET,UET7
XDWP,XTRACKERS (IE) PUBLIC LIMITED COMPANY,XTRACKERS MSCI WORLD UCITS ETF,IE00BK1PV551,ETFS,09/01/2023,Ireland,GBP,MAIN MARKET,,EUE2,UE2G
XDWS,XTRACKERS (IE) PUBLIC LIMITED COMPANY,X MSCI WORLD CON STAP,IE00BM67HN09,ETFS,24/03/2016,Ireland,USD,MAIN MARKET,,EUET,UET7
XDWT,XTRACKERS (IE) PUBLIC LIMITED COMPANY,X MSCI WORLD INF TECH,IE00BM67HT60,ETFS,24/03/2016,Ireland,USD,MAIN MARKET,,EUET,UET7
XDWU,XTRACKERS (IE) PUBLIC LIMITED COMPANY,X MSCI WORLD UTILITIES,IE00BM67HQ30,ETFS,24/03/2016,Ireland,USD,MAIN MARKET,,EUET,UET7
XDWY,XTRACKERS (IE) PUBLIC LIMITED COMPANY,X MSCI WORLD HIGH DIV YIELD 1D,IE00BCHWNQ94,ETFS,05/04/2018,Ireland,USD,MAIN MARKET,,EUET,UET7
XECT,XTRACKERS (IE) PUBLIC LIMITED COMPANY,X EUROPE CLIMATE TRANSITION UCITS ETF,IE000N9MLVT1,ETFS,09/03/2023,Ireland,GBP,MAIN MARKET,,EUET,UET7
XEEG,XTRACKERS (IE) PUBLIC LIMITED COMPANY,X WORLD EQ ENHANCED ACTIVE,IE00094GSCQ4,ETFS,06/10/2025,Ireland,GBP,MAIN MARKET,,EUE2,UEA4
XEES,XTRACKERS (IE) PUBLIC LIMITED COMPANY,X US EQ ENHANCED ACTIVE,IE0002PGSLZ5,ETFS,06/10/2025,Ireland,GBP,MAIN MARKET,,EUE2,UEA4
XEEU,XTRACKERS (IE) PUBLIC LIMITED COMPANY,X US EQ ENHANCED ACTIVE,IE0002PGSLZ5,ETFS,04/09/2025,Ireland,USD,MAIN MARKET,,EUET,UEA2
XEEW,XTRACKERS (IE) PUBLIC LIMITED COMPANY,X WORLD EQ ENHANCED ACTIVE,IE00094GSCQ4,ETFS,04/09/2025,Ireland,USD,MAIN MARKET,,EUET,UEA2
XEMC,XTRACKERS (IE) PUBLIC LIMITED COMPANY,X EM CLIMATE TRANSITION UCITS ETF,IE000DNSAS54,ETFS,01/11/2023,Ireland,USD,MAIN MARKET,,EUET,UET7
XEMD,XTRACKERS (IE) PUBLIC LIMITED COMPANY,X MSCI EMERGING MARKETS 1D,IE000GWA2J58,ETFS,15/11/2021,Ireland,USD,MAIN MARKET,,EUET,UET7
XEMN,XTRACKERS (IE) PUBLIC LIMITED COMPANY,X EM NET ZERO PARIS ALIGNED UCITS ETF,IE000TZT8TI0,ETFS,02/12/2022,Ireland,USD,MAIN MARKET,,EUET,UET7
XEPA,XTRACKERS (IE) PUBLIC LIMITED COMPANY,X EUROPE NET ZERO PARIS 1C,IE0001JH5CB4,ETFS,05/09/2022,Ireland,USD,MAIN MARKET,,EUET,UET7
XEQL,XTRACKERS (IE) PUBLIC LIMITED COMPANY,XTRACKERS S&P 500 EQUAL WEIGHT SWAP UCIT,IE000FL46JJ1,ETFS,27/08/2025,Ireland,GBP,MAIN MARKET,,EUET,UET7
XESE,XTRACKERS (IE) PUBLIC LIMITED COMPANY,X MSCI EMERGING MARKETS ESG ETF,IE00BG370F43,ETFS,15/06/2020,Ireland,GBP,MAIN MARKET,,EUE2,UE2G
XESJ,XTRACKERS (IE) PUBLIC LIMITED COMPANY,X MSCI ESG JAPAN,IE00BG36TC12,ETFS,15/06/2020,Ireland,GBP,MAIN MARKET,,EUE2,UE2G
XESU,XTRACKERS (IE) PUBLIC LIMITED COMPANY,X MSCI ESG USA,IE00BFMNPS42,ETFS,15/06/2020,Ireland,GBP,MAIN MARKET,,EUE2,UE2G
XESW,XTRACKERS (IE) PUBLIC LIMITED COMPANY,X MSCI ESG WORLD,IE00BZ02LR44,ETFS,15/06/2020,Ireland,GBP,MAIN MARKET,,EUE2,UE2G
XEWG,XTRACKERS (IE) PUBLIC LIMITED COMPANY,X S&P 500 EQUAL WEIGH 1D GBP,IE000N5GJDD7,ETFS,09/11/2021,Ireland,GBP,MAIN MARKET,,EUET,UET7
XEWP,XTRACKERS (IE) PUBLIC LIMITED COMPANY,X S&P 500 EQUAL WEIGHT ESG 4C GBP,IE000SZ25OI0,ETFS,16/05/2024,Ireland,GBP,MAIN MARKET,,EUET,UET7
XFNT,XTRACKERS (IE) PUBLIC LIMITED COMPANY,X MSCI FINTECH INNOVATION UCITS ETF 1C,IE000YDOORK7,ETFS,20/07/2022,Ireland,USD,MAIN MARKET,,EUET,UET7
XFSN,XTRACKERS (IE) PUBLIC LIMITED COMPANY,X MSCI FINTECH INNOVATION UCITS ETF 1C,IE000YDOORK7,ETFS,20/07/2022,Ireland,GBP,MAIN MARKET,,EUE2,UE2G
XG11,XTRACKERS (IE) PUBLIC LIMITED COMPANY,XSDG11 SUSTAINABLE CIETIES COMMUNICATION,IE000V0GDVU7,ETFS,20/01/2023,Ireland,USD,MAIN MARKET,,EUET,UET7
XG12,XTRACKERS (IE) PUBLIC LIMITED COMPANY,X SDG 12 CIRCULAR ECONOMY,IE000Y6ZXZ48,ETFS,20/01/2023,Ireland,USD,MAIN MARKET,,EUET,UET7
XGBB,XTRACKERS (IE) PUBLIC LIMITED COMPANY,X USD CORP GREEN BOND 1D GBP,IE000X63FXN4,ETFS,22/10/2021,Ireland,GBP,MAIN MARKET,,EUET,UET7
XGCG,XTRACKERS (IE) PUBLIC LIMITED COMPANY,X GLOBAL CORP BOND GBPH,IE0008Z87N38,ETFS,13/07/2026,Ireland,GBP,MAIN MARKET,,EUET,UET7
XGCU,XTRACKERS (IE) PUBLIC LIMITED COMPANY,X GLOBAL CORP BOND USDH,IE000VZ7IV68,ETFS,13/07/2026,Ireland,USD,MAIN MARKET,,EUET,UET7
XGEN,XTRACKERS (IE) PUBLIC LIMITED COMPANY,X MSCI GENOMIC HC INNOV UCITS ETF 1C,IE000KD0BZ68,ETFS,20/07/2022,Ireland,USD,MAIN MARKET,,EUET,UET7
XGES,XTRACKERS (IE) PUBLIC LIMITED COMPANY,X MSCI GENOMIC HC INNOV UCITS ETF 1C,IE000KD0BZ68,ETFS,20/07/2022,Ireland,GBP,MAIN MARKET,,EUE2,UE2G
XGLA,XTRACKERS (IE) PUBLIC LIMITED COMPANY,X GLOBAL GROWTH LEADERS ETF,IE000M8F3JA6,ETFS,09/04/2026,Ireland,GBP,MAIN MARKET,,EUET,UEA2
XGLF,XTRACKERS (IE) PUBLIC LIMITED COMPANY,X GCC SELECT SWAP,IE00BQXKVQ19,ETFS,20/04/2015,Ireland,USD,MAIN MARKET,,EUET,UET7
XGLL,XTRACKERS (IE) PUBLIC LIMITED COMPANY,X GLOBAL GROWTH LEADERS ETF,IE000M8F3JA6,ETFS,09/04/2026,Ireland,USD,MAIN MARKET,,EUE2,UEA4
XHWG,XTRACKERS (IE) PUBLIC LIMITED COMPANY,X GL HY CORP BOND GBPH,IE000YHV2XO4,ETFS,13/07/2026,Ireland,GBP,MAIN MARKET,,EUET,UET7
XIFE,XTRACKERS (IE) PUBLIC LIMITED COMPANY,X GLOBAL INFRASTRUCTURE ESG 1C,IE00BYZNF849,ETFS,08/10/2024,Ireland,GBP,MAIN MARKET,,EUET,UET7
XIGB,XTRACKERS (IE) PUBLIC LIMITED COMPANY,X INDIA GOVI BOND 1C,IE000QVYFUT7,ETFS,13/09/2022,Ireland,USD,MAIN MARKET,,EUET,UET7
XINF,XTRACKERS (IE) PUBLIC LIMITED COMPANY,X GLOBAL INFRASTRUCTURE ESG,IE00BYZNF849,ETFS,17/10/2024,Ireland,USD,MAIN MARKET,,EUE2,UE2G
XISP,XTRACKERS (IE) PUBLIC LIMITED COMPANY,XTRACKERS S&P 500 SWAP II UCITS ETF,IE000FO05UG4,ETFS,27/08/2025,Ireland,GBP,MAIN MARKET,,EUET,UET7
XIUS,XTRACKERS (IE) PUBLIC LIMITED COMPANY,X MSCI USA SWAP II ETF1C,IE000PDUVTF3,ETFS,01/05/2026,Ireland,USD,MAIN MARKET,,EUET,UET7
XMAU,XTRACKERS (IE) PUBLIC LIMITED COMPANY,X MSCI ACW ESG SCREENED 5C USD,IE000WGF1X01,ETFS,15/06/2022,Ireland,USD,MAIN MARKET,,EUET,UET7
XMAW,XTRACKERS (IE) PUBLIC LIMITED COMPANY,X MSCI AC WORLD,IE00BGHQ0G80,ETFS,01/07/2014,Ireland,GBX,MAIN MARKET,,EUET,UET7
XMME,XTRACKERS (IE) PUBLIC LIMITED COMPANY,X MSCI EMERGING MARKETS,IE00BTJRMP35,ETFS,29/06/2017,Ireland,USD,MAIN MARKET,,EUET,UETY
XMMS,XTRACKERS (IE) PUBLIC LIMITED COMPANY,X MSCI EMERGING MARKETS,IE00BTJRMP35,ETFS,04/05/2018,Ireland,GBX,MAIN MARKET,,EUE2,UE2G
XMN2,XTRACKERS (IE) PUBLIC LIMITED COMPANY,X MSCI NORDIC 2C GBP HEDG,IE000MF9SZ46,ETFS,24/02/2025,Ireland,GBP,MAIN MARKET,,EUET,UET7
XMOV,XTRACKERS (IE) PUBLIC LIMITED COMPANY,XTRACKERS FUTURE MOBILITY ETF 1C,IE00BGV5VR99,ETFS,29/08/2024,Ireland,GBP,MAIN MARKET,,EUET,UET7
XMVU,XTRACKERS (IE) PUBLIC LIMITED COMPANY,X USA MINIMUM VOLATILITY,IE00BDB7J586,ETFS,15/11/2016,Ireland,USD,MAIN MARKET,,EUET,UETY
XMWX,XTRACKERS (IE) PUBLIC LIMITED COMPANY,X MSCI WORLD EX USA UCITS ETF 1C,IE0006WW1TQ4,ETFS,29/08/2024,Ireland,GBP,MAIN MARKET,,EUE2,UE2G
XNAQ,XTRACKERS (IE) PUBLIC LIMITED COMPANY,X NASDAQ 100 ETF 1C,IE00BMFKG444,ETFS,28/01/2021,Ireland,GBP,MAIN MARKET,,EUET,UET7
XNAS,XTRACKERS (IE) PUBLIC LIMITED COMPANY,X NASDAQ 100 ETF 1C,IE00BMFKG444,ETFS,28/01/2021,Ireland,USD,MAIN MARKET,,EUE2,UE2G
XNDX,XTRACKERS (IE) PUBLIC LIMITED COMPANY,XTRACKERS NASDAQ 100 SWAP UCITS ETF,IE000EXUE0G2,ETFS,27/08/2025,Ireland,GBP,MAIN MARKET,,EUET,UET7
XNGI,XTRACKERS (IE) PUBLIC LIMITED COMPANY,X MSCI NG INTERNET INNOV UCITS ETF 1C,IE000XOQ9TK4,ETFS,20/07/2022,Ireland,USD,MAIN MARKET,,EUET,UET7
XNGS,XTRACKERS (IE) PUBLIC LIMITED COMPANY,X MSCI NG INTERNET INNOV UCITS ETF 1C,IE000XOQ9TK4,ETFS,20/07/2022,Ireland,GBP,MAIN MARKET,,EUE2,UE2G
XNJG,XTRACKERS (IE) PUBLIC LIMITED COMPANY,X JAPAN NET ZERO PARIS 1C,IE00074JLU02,ETFS,05/09/2022,Ireland,USD,MAIN MARKET,,EUET,UET7
XNNV,XTRACKERS (IE) PUBLIC LIMITED COMPANY,X MSCI INNOVATION UCITS ETF 1C,IE0006FFX5U1,ETFS,20/07/2022,Ireland,USD,MAIN MARKET,,EUET,UET7
XNZS,XTRACKERS (IE) PUBLIC LIMITED COMPANY,X WORLD NET ZERO PA 1C,IE000UZCJS58,ETFS,04/03/2022,Ireland,GBP,MAIN MARKET,,EUET,UET7
XNZU,XTRACKERS (IE) PUBLIC LIMITED COMPANY,X USA NET ZERO PARIS 1C,IE0002ZM3JI1,ETFS,05/09/2022,Ireland,USD,MAIN MARKET,,EUET,UET7
XNZW,XTRACKERS (IE) PUBLIC LIMITED COMPANY,X WORLD NET ZERO PA 1C,IE000UZCJS58,ETFS,04/03/2022,Ireland,USD,MAIN MARKET,,EUE2,UE2G
XQUA,XTRACKERS (IE) PUBLIC LIMITED COMPANY,XQUA X ESG USD EM BOND QUAL WEIGHT,IE00BD4DX952,ETFS,12/04/2016,Ireland,USD,MAIN MARKET,,EUET,UET3
XRMU,XTRACKERS (IE) PUBLIC LIMITED COMPANY,X RUSSELL MIDCAP,IE00BJZ2DC62,ETFS,27/03/2015,Ireland,USD,MAIN MARKET,,EUET,UET7
XRSG,XTRACKERS (IE) PUBLIC LIMITED COMPANY,X RUSSELL 2000,IE00BJZ2DD79,ETFS,27/03/2015,Ireland,GBX,MAIN MARKET,,EUE2,UE2G
XRSS,XTRACKERS (IE) PUBLIC LIMITED COMPANY,X RUSSELL MIDCAP,IE00BJZ2DC62,ETFS,27/03/2015,Ireland,GBX,MAIN MARKET,,EUE2,UE2G
XRSU,XTRACKERS (IE) PUBLIC LIMITED COMPANY,X RUSSELL 2000,IE00BJZ2DD79,ETFS,27/03/2015,Ireland,USD,MAIN MARKET,,EUET,UET7
XSCD,XTRACKERS (IE) PUBLIC LIMITED COMPANY,X MSCI USA CONS DISCR DR 1D,IE00BGQYRR35,ETFS,20/04/2018,Ireland,GBX,MAIN MARKET,,EUE2,UE2K
XSCS,XTRACKERS (IE) PUBLIC LIMITED COMPANY,X MSCI USA CONS STPLS DR 1D,IE00BGQYRQ28,ETFS,20/04/2018,Ireland,GBX,MAIN MARKET,,EUE2,UE2K
XSEN,XTRACKERS (IE) PUBLIC LIMITED COMPANY,X MSCI USA ENERGY DR 1D,IE00BCHWNS19,ETFS,20/04/2018,Ireland,GBX,MAIN MARKET,,EUE2,UE2K
XSFN,XTRACKERS (IE) PUBLIC LIMITED COMPANY,X MSCI USA FINANCIALS DR 1D,IE00BCHWNT26,ETFS,20/04/2018,Ireland,GBX,MAIN MARKET,,EUE2,UE2K
XSHC,XTRACKERS (IE) PUBLIC LIMITED COMPANY,X MSCI USA HEALTH DR 1D,IE00BCHWNW54,ETFS,20/04/2018,Ireland,GBX,MAIN MARKET,,EUE2,UE2K
XSMW,XTRACKERS (IE) PUBLIC LIMITED COMPANY,X MSCI WORLD MATERIALS,IE00BM67HS53,ETFS,14/08/2023,Ireland,GBP,MAIN MARKET,,EUE2,UE2G
XSSW,XTRACKERS (IE) PUBLIC LIMITED COMPANY,X MSCI WORLD COMM SERV,IE00BM67HR47,ETFS,14/08/2023,Ireland,GBP,MAIN MARKET,,EUE2,UE2G
XSTC,XTRACKERS (IE) PUBLIC LIMITED COMPANY,X MSCI USA IT DR 1D,IE00BGQYRS42,ETFS,20/04/2018,Ireland,GBX,MAIN MARKET,,EUE2,UE2K
XSWC,XTRACKERS (IE) PUBLIC LIMITED COMPANY,XTRACKERS MSCI WORLD SMALL CAP UCITS ETF,IE000F354Q61,ETFS,05/09/2025,Ireland,USD,MAIN MARKET,,EUET,UET7
XSWD,XTRACKERS (IE) PUBLIC LIMITED COMPANY,XTRACKERS MSCI WORLD SMALL CAP UCITS ETF,IE000ISS8DB2,ETFS,05/09/2025,Ireland,USD,MAIN MARKET,,EUET,UET7
XSWS,XTRACKERS (IE) PUBLIC LIMITED COMPANY,X MSCI WORLD SMALL CAP 1D,IE000ISS8DB2,ETFS,06/10/2025,Ireland,GBP,MAIN MARKET,,EUE2,UE2G
XT01,XTRACKERS (IE) PUBLIC LIMITED COMPANY,X US TREASURIES ULTRASHORT BOND ETF 1C,IE00BM97MR69,ETFS,10/09/2020,Ireland,GBP,MAIN MARKET,,EUET,UETY
XT0D,XTRACKERS (IE) PUBLIC LIMITED COMPANY,X US TREASURIES ULTRASHORT BOND ETF 1C,IE00BM97MR69,ETFS,10/09/2020,Ireland,USD,MAIN MARKET,,EUE2,UE2K
XTAL,XTRACKERS (IE) PUBLIC LIMITED COMPANY,X GLOBAL EQUITY TOP ACTIVE,IE000X4A4GV2,ETFS,09/04/2026,Ireland,USD,MAIN MARKET,,EUE2,UEA4
XTAX,XTRACKERS (IE) PUBLIC LIMITED COMPANY,X GLOBAL EQUITY TOP ACTIVE,IE000X4A4GV2,ETFS,09/04/2026,Ireland,GBP,MAIN MARKET,,EUET,UEA2
XUCA,XTRACKERS (IE) PUBLIC LIMITED COMPANY,X MSCI USA POS SCRN 1D,IE000EVOVOG1,ETFS,03/02/2026,Ireland,USD,MAIN MARKET,,EUET,UET7
XUCD,XTRACKERS (IE) PUBLIC LIMITED COMPANY,X MSCI USA CONSUMER DISCR,IE00BGQYRR35,ETFS,19/09/2017,Ireland,USD,MAIN MARKET,,EUET,UETY
XUCM,XTRACKERS (IE) PUBLIC LIMITED COMPANY,X MSCI USA COMMUNICATION SERVICES ETF 1D,IE00BNC1G707,ETFS,28/01/2021,Ireland,USD,MAIN MARKET,,EUET,UETY
XUCN,XTRACKERS (IE) PUBLIC LIMITED COMPANY,XTRACKERS MSCI USA COM SERVICES ETF 1D,IE00BNC1G707,ETFS,29/08/2024,Ireland,GBP,MAIN MARKET,,EUE2,UE2G
XUCS,XTRACKERS (IE) PUBLIC LIMITED COMPANY,X MSCI USA CONSUMER STAPLES,IE00BGQYRQ28,ETFS,19/09/2017,Ireland,USD,MAIN MARKET,,EUET,UETY
XUDY,XTRACKERS (IE) PUBLIC LIMITED COMPANY,X SP500 DEFENSIVE SH YIELD ETF 1C,IE000SRQBBT6,ETFS,06/11/2025,Ireland,USD,MAIN MARKET,,EUET,UET7
XUEK,XTRACKERS (IE) PUBLIC LIMITED COMPANY,X S&P EUROPE EX UK ETF,IE00BGV5VM45,ETFS,17/01/2019,Ireland,GBX,MAIN MARKET,,EUET,UETY
XUEN,XTRACKERS (IE) PUBLIC LIMITED COMPANY,X MSCI USA ENERGY,IE00BCHWNS19,ETFS,19/09/2017,Ireland,USD,MAIN MARKET,,EUET,UETY
XUFB,XTRACKERS (IE) PUBLIC LIMITED COMPANY,X MSCI USA BANKS ETF,IE00BDVPTJ63,ETFS,06/12/2018,Ireland,GBX,MAIN MARKET,,EUET,UETY
XUFN,XTRACKERS (IE) PUBLIC LIMITED COMPANY,X MSCI USA FINANCIALS,IE00BCHWNT26,ETFS,19/09/2017,Ireland,USD,MAIN MARKET,,EUET,UETY
XUGA,XTRACKERS (IE) PUBLIC LIMITED COMPANY,X SP500 GARP ETF 1C,IE0001TLQX55,ETFS,06/11/2025,Ireland,USD,MAIN MARKET,,EUET,UET7
XUHA,XTRACKERS (IE) PUBLIC LIMITED COMPANY,USD HIGH YIELD CORPORATE BOND UCITS ETF,IE00BDR5HN05,ETFS,21/09/2022,Ireland,USD,MAIN MARKET,,EUET,UET7
XUHC,XTRACKERS (IE) PUBLIC LIMITED COMPANY,X MSCI USA HEALTH CARE,IE00BCHWNW54,ETFS,19/09/2017,Ireland,USD,MAIN MARKET,,EUET,UETY
XUHG,XTRACKERS (IE) PUBLIC LIMITED COMPANY,X HY CB ETF 4D GBP HEDGED,IE00BG04LV15,ETFS,30/06/2022,Ireland,GBP,MAIN MARKET,,EUET,UET7
XUHY,XTRACKERS (IE) PUBLIC LIMITED COMPANY,XT USD HY CORPORATE BOND,IE00BDR5HM97,ETFS,14/02/2018,Ireland,USD,MAIN MARKET,,EUET,UETY
XUIN,XTRACKERS (IE) PUBLIC LIMITED COMPANY,X MSCI USA INDUSTRIALS 1D,IE00BCHWNV48,ETFS,28/01/2021,Ireland,USD,MAIN MARKET,,EUET,UETY
XUML,XTRACKERS (IE) PUBLIC LIMITED COMPANY,X SP500 MARKET LEADERS ETF 1C,IE000DVHJV46,ETFS,06/11/2025,Ireland,USD,MAIN MARKET,,EUET,UET7
XUTC,XTRACKERS (IE) PUBLIC LIMITED COMPANY,X MSCI USA INFORMATION TECH,IE00BGQYRS42,ETFS,19/09/2017,Ireland,USD,MAIN MARKET,,EUET,UETY
XWBS,XTRACKERS (IE) PUBLIC LIMITED COMPANY,X MSCI WORLD MIN VOL ESG UCITS ETF 1C,IE0008YN0OY8,ETFS,18/07/2023,Ireland,GBP,MAIN MARKET,,EUET,UET7
XWCS,XTRACKERS (IE) PUBLIC LIMITED COMPANY,X MSCI WORLD CON STAP,IE00BM67HN09,ETFS,14/08/2023,Ireland,GBP,MAIN MARKET,,EUE2,UE2G
XWDS,XTRACKERS (IE) PUBLIC LIMITED COMPANY,X MSCI WORLD CON DIS,IE00BM67HP23,ETFS,14/08/2023,Ireland,GBP,MAIN MARKET,,EUE2,UE2G
XWEB,XTRACKERS (IE) PUBLIC LIMITED COMPANY,X MSCI WORLD MIN VOL ESG UCITS ETF 1C,IE0008YN0OY8,ETFS,18/07/2023,Ireland,USD,MAIN MARKET,,EUE2,UE2G
XWEM,XTRACKERS (IE) PUBLIC LIMITED COMPANY,X MSCI WORLD MOMENTUM ESG UCITS ETF 1C,IE000TL3PL69,ETFS,18/07/2023,Ireland,USD,MAIN MARKET,,EUE2,UE2G
XWEQ,XTRACKERS (IE) PUBLIC LIMITED COMPANY,X MSCI WORLD QUALITY ESG UCITS ETF 1C,IE0003NQ0IY5,ETFS,18/07/2023,Ireland,USD,MAIN MARKET,,EUE2,UE2G
XWES,XTRACKERS (IE) PUBLIC LIMITED COMPANY,X MSCI WORLD ENERGY,IE00BM67HM91,ETFS,14/08/2023,Ireland,GBP,MAIN MARKET,,EUE2,UE2G
XWEV,XTRACKERS (IE) PUBLIC LIMITED COMPANY,X MSCI WORLD VALUE ESG UCITS ETF 1C,IE000LAUZQT6,ETFS,18/07/2023,Ireland,USD,MAIN MARKET,,EUE2,UE2G
XWFS,XTRACKERS (IE) PUBLIC LIMITED COMPANY,X MSCI WORLD FINANCIALS,IE00BM67HL84,ETFS,24/03/2022,Ireland,GBP,MAIN MARKET,,EUE2,UE2G
XWHS,XTRACKERS (IE) PUBLIC LIMITED COMPANY,X MSCI WORLD HEALTH,IE00BM67HK77,ETFS,14/08/2023,Ireland,GBP,MAIN MARKET,,EUE2,UE2G
XWIS,XTRACKERS (IE) PUBLIC LIMITED COMPANY,X MSCI WORLD INDUSTRIALS,IE00BM67HV82,ETFS,14/08/2023,Ireland,GBP,MAIN MARKET,,EUE2,UE2G
XWLD,XTRACKERS (IE) PUBLIC LIMITED COMPANY,X MSCI WORLD 1C,IE00BJ0KDQ92,ETFS,28/07/2014,Ireland,GBX,MAIN MARKET,,EUE2,UE2G
XWMS,XTRACKERS (IE) PUBLIC LIMITED COMPANY,X MSCI WORLD MOMENTUM ESG UCITS ETF 1C,IE000TL3PL69,ETFS,18/07/2023,Ireland,GBP,MAIN MARKET,,EUET,UET7
XWQS,XTRACKERS (IE) PUBLIC LIMITED COMPANY,X MSCI WORLD QUALITY ESG UCITS ETF 1C,IE0003NQ0IY5,ETFS,18/07/2023,Ireland,GBP,MAIN MARKET,,EUET,UET7
XWTS,XTRACKERS (IE) PUBLIC LIMITED COMPANY,X MSCI WORLD COMM SERV,IE00BM67HR47,ETFS,24/03/2016,Ireland,USD,MAIN MARKET,,EUET,UET7
XWUS,XTRACKERS (IE) PUBLIC LIMITED COMPANY,X MSCI WORLD UTILITIES,IE00BM67HQ30,ETFS,31/08/2023,Ireland,GBP,MAIN MARKET,,EUE2,UE2G
XWVS,XTRACKERS (IE) PUBLIC LIMITED COMPANY,X MSCI WORLD VALUE ESG UCITS ETF 1C,IE000LAUZQT6,ETFS,18/07/2023,Ireland,GBP,MAIN MARKET,,EUET,UET7
XXTW,XTRACKERS (IE) PUBLIC LIMITED COMPANY,X MSCI WORLD INF TECH,IE00BM67HT60,ETFS,14/08/2023,Ireland,GBP,MAIN MARKET,,EUE2,UE2G
XYLD,XTRACKERS (IE) PUBLIC LIMITED COMPANY,X USD CORP BND SHORT DUR PAB UCITS ETF,IE00BF8J5974,ETFS,14/03/2018,Ireland,USD,MAIN MARKET,,EUET,UET7
XZ2G,XTRACKERS (IE) PUBLIC LIMITED COMPANY,X ESG USD HIGH YIELD CORP BOND 2C GBP,IE000WHO5BF2,ETFS,30/01/2023,Ireland,GBP,MAIN MARKET,,EUET,UET7
XZBD,XTRACKERS (IE) PUBLIC LIMITED COMPANY,X USD CORP BOND SRI PAB UCITS ETF,IE00BL58LJ19,ETFS,10/09/2020,Ireland,USD,MAIN MARKET,,EUET,UETY
XZDU,XTRACKERS (IE) PUBLIC LIMITED COMPANY,X USA HIGH DIV YIELD ESG UCITS ETF 1D,IE000V04SL39,ETFS,20/10/2023,Ireland,USD,MAIN MARKET,,EUET,UET7
XZDW,XTRACKERS (IE) PUBLIC LIMITED COMPANY,X WLD HIGH DIV YIELD ESG UCITS ETF 1D,IE000NS5HRY9,ETFS,20/10/2023,Ireland,USD,MAIN MARKET,,EUET,UET7
XZEM,XTRACKERS (IE) PUBLIC LIMITED COMPANY,XTRACKERS MSCI EMERG. MKTS ESG UCITS ETF,IE00BG370F43,ETFS,21/10/2019,Ireland,USD,MAIN MARKET,,EUET,UET7
XZES,XTRACKERS (IE) PUBLIC LIMITED COMPANY,X S&P 500 EQUAL WEIGHT ESG UCITS ETF,IE0004MFRED4,ETFS,13/12/2022,Ireland,GBP,MAIN MARKET,,EUE2,UE2G
XZEU,XTRACKERS (IE) PUBLIC LIMITED COMPANY,XTRACKERS MSCI EUROPE ESG UCITS ETF,IE00BFMNHK08,ETFS,16/05/2018,Ireland,GBX,MAIN MARKET,,EUET,UET7
XZEW,XTRACKERS (IE) PUBLIC LIMITED COMPANY,X S&P 500 EQUAL WEIGHT ESG UCITS ETF,IE0004MFRED4,ETFS,13/12/2022,Ireland,USD,MAIN MARKET,,EUET,UET7
XZHS,XTRACKERS (IE) PUBLIC LIMITED COMPANY,X ESG USD HIGH YIELD CORPORATE BOND 1C,IE0006YM7D84,ETFS,17/11/2022,Ireland,GBP,MAIN MARKET,,EUE2,UE2G
XZHY,XTRACKERS (IE) PUBLIC LIMITED COMPANY,X ESG USD HIGH YIELD CORPORATE BOND 1C,IE0006YM7D84,ETFS,13/07/2022,Ireland,USD,MAIN MARKET,,EUET,UET7
XZMD,XTRACKERS (IE) PUBLIC LIMITED COMPANY,XTRACKERS MSCI USA ESG UCITS ETF,IE000UMV0L21,ETFS,27/04/2022,Ireland,USD,MAIN MARKET,,EUET,UET7
XZMJ,XTRACKERS (IE) PUBLIC LIMITED COMPANY,XTRACKERS MSCI JAPAN ESG UCITS ETF,IE00BG36TC12,ETFS,04/05/2018,Ireland,USD,MAIN MARKET,,EUET,UET7
XZMU,XTRACKERS (IE) PUBLIC LIMITED COMPANY,XTRACKERS MSCI USA ESG UCITS ETF,IE00BFMNPS42,ETFS,16/05/2018,Ireland,USD,MAIN MARKET,,EUET,UET7
XZRE,XTRACKERS (IE) PUBLIC LIMITED COMPANY,X DEVELOPED GREEN RE ESG UCITS ETF 1C,IE00BN2BCY94,ETFS,25/11/2024,Ireland,USD,MAIN MARKET,,EUE2,UE2G
XZSP,XTRACKERS (IE) PUBLIC LIMITED COMPANY,X S&P 500 ESG UCITS ETF,IE0007ULOZS8,ETFS,13/12/2022,Ireland,USD,MAIN MARKET,,EUET,UET7
XZSS,XTRACKERS (IE) PUBLIC LIMITED COMPANY,X S&P 500 ESG UCITS ETF,IE0007ULOZS8,ETFS,13/12/2022,Ireland,GBP,MAIN MARKET,,EUE2,UE2G
XZSW,XTRACKERS (IE) PUBLIC LIMITED COMPANY,X WORLD SMALL CAP ESG 1C,IE000UATQPE2,ETFS,05/09/2025,Ireland,USD,MAIN MARKET,,EUET,UET7
XZW0,XTRACKERS (IE) PUBLIC LIMITED COMPANY,XTRACKERS MSCI WORLD ESG UCITS ETF,IE00BZ02LR44,ETFS,04/05/2018,Ireland,USD,MAIN MARKET,,EUET,UET7
CGB,XTRACKERS II,X CHINA GOVERNMENT BOND,LU1094612022,ETFS,20/07/2015,Luxembourg,USD,MAIN MARKET,,EUET,UET3
X71U,XTRACKERS II,X EUROZONE GOVBOND 7-10 UCITS ETF 2C USD,LU2523865991,ETFS,18/10/2022,Luxembourg,USD,MAIN MARKET,,EUET,UET7
X7GB,XTRACKERS II,X EUROZONE GOVBOND 7-10 UCITS ETF 1D GBP,LU2523865728,ETFS,18/10/2022,Luxembourg,GBP,MAIN MARKET,,EUET,UET7
XASB,XTRACKERS II,X USD GLOBAL AGG SUKUK 1D,LU3123443510,ETFS,04/11/2025,Luxembourg,USD,MAIN MARKET,,EUET,UET7
XAU1,XTRACKERS II,XTRACKERS AUSTRALIA GOVT BD ETF 1D - GBP,LU3003218362,ETFS,24/03/2025,Luxembourg,GBP,MAIN MARKET,,EUET,UET7
XBAG,XTRACKERS II,X ESG GLOB AGG BOND 1D,LU0942970103,ETFS,01/07/2014,Luxembourg,GBX,MAIN MARKET,,EUET,UET7
XBGB,XTRACKERS II,X GERMANY GOV BOND UCITS ETF 2D GBP,LU2523866296,ETFS,18/10/2022,Luxembourg,GBP,MAIN MARKET,,EUET,UET7
XBGG,XTRACKERS II,X ESG GLOB AGG BON 3 D GBP,LU0942970368,ETFS,22/04/2016,Luxembourg,GBX,MAIN MARKET,,EUET,UETY
XBLC,XTRACKERS II,X EUR CORPORATE BOND,LU0478205379,ETFS,21/09/2017,Luxembourg,EUR,MAIN MARKET,,EUET,UETY
XBUS,XTRACKERS II,X GERMANY GOV BOND UCITS ETF 2C USD,LU2523866379,ETFS,18/10/2022,Luxembourg,USD,MAIN MARKET,,EUET,UET7
XCS2,XTRACKERS II,X AUSTRALIA GOVERNMENT BOND,LU0494592974,ETFS,31/10/2013,Luxembourg,GBX,MAIN MARKET,,EUET,UET7
XE2D,XTRACKERS II,XTRACKERS EURZ GOVT BD 1-3 ETF 2D - GBP,LU3003217638,ETFS,24/03/2025,Luxembourg,GBP,MAIN MARKET,,EUET,UET7
XE5G,XTRACKERS II,XTRACKERS EURZ GOVT BD 5-7 ETF 1D - GBP,LU3003217984,ETFS,24/03/2025,Luxembourg,GBP,MAIN MARKET,,EUET,UET7
XEML,XTRACKERS II,X JPM EM LOCAL GOVERNMENT BOND UCITS ETF,LU2158769930,ETFS,02/05/2023,Luxembourg,USD,MAIN MARKET,,EUE2,UE2G
XEMP,XTRACKERS II,X JPM EM LOCAL GOVERNMENT BOND UCITS ETF,LU2158769930,ETFS,02/05/2023,Luxembourg,GBP,MAIN MARKET,,EUET,UET7
XFFE,XTRACKERS II,XTRACKERS II USD RATE SWAP UCITS ETF 1C,LU0321465469,ETFS,13/08/2018,Luxembourg,USD,MAIN MARKET,,EUET,UET7
XG7S,XTRACKERS II,X GLOBAL GOV BOND,LU0908508731,ETFS,31/10/2013,Luxembourg,GBX,MAIN MARKET,,EUET,UET7
XG7U,XTRACKERS II,X GLOBAL INFLATION LINKED USD,LU0641007009,ETFS,28/02/2013,Luxembourg,USD,MAIN MARKET,,EUET,UET7
XGB4,XTRACKERS II,X GLOBAL GOV BOND 4D,LU3284391318,ETFS,29/04/2026,Luxembourg,USD,MAIN MARKET,,EUET,UET7
XGED,XTRACKERS II,XTRACKERS II EUROZONE GOVT BOND 3-5UCITS,LU2606231335,ETFS,24/05/2023,Luxembourg,USD,MAIN MARKET,,EUET,UET7
XGEP,XTRACKERS II,XTRACKERS II EUROZONE GOVT BOND 3-5UCITS,LU2606231418,ETFS,24/05/2023,Luxembourg,GBP,MAIN MARKET,,EUET,UET7
XGGB,XTRACKERS II,XTRACKERS II GLOBAL GOVT BOND UCITS ETF,LU0908508731,ETFS,28/09/2018,Luxembourg,USD,MAIN MARKET,,EUE2,UE2G
XGIG,XTRACKERS II,X GLOBAL INFLATION LINKED GBP,LU0641007264,ETFS,14/02/2012,Luxembourg,GBX,MAIN MARKET,,EUET,UET7
XGIU,XTRACKERS II,X GLBAL INFLATION LINKED 5C,LU0908508814,ETFS,31/10/2013,Luxembourg,GBX,MAIN MARKET,,EUET,UET7
XGLB,XTRACKERS II,X EUROZONE GOVBOND UCITS ETF 2D GBP,LU2523866023,ETFS,18/10/2022,Luxembourg,GBP,MAIN MARKET,,EUET,UET7
XGLE,XTRACKERS II,X EUROZONE GOVERNMENT 1C,LU0290355717,ETFS,13/08/2009,Luxembourg,EUR,MAIN MARKET,,EUET,UET7
XGLU,XTRACKERS II,X EUROZONE GOV BOND 2C CHF,LU2009147591,ETFS,18/03/2020,Luxembourg,USD,MAIN MARKET,,EUET,UET7
XGSG,XTRACKERS II,X GLOBAL GOV BOND GBP,LU0641006290,ETFS,14/02/2012,Luxembourg,GBX,MAIN MARKET,,EUET,UET7
XGSI,XTRACKERS II,X GLOBAL GOV BOND USD,LU0641006456,ETFS,24/04/2017,Luxembourg,USD,MAIN MARKET,,EUET,UETY
XHYG,XTRACKERS II,X EUR HIGH YIELD CORP,LU1109942653,ETFS,21/09/2017,Luxembourg,EUR,MAIN MARKET,,EUET,UETY
XJ2D,XTRACKERS II,XTRACKERS JAPAN GOVT BD ETF 2D - GBP,LU3003218958,ETFS,24/03/2025,Luxembourg,GBP,MAIN MARKET,,EUET,UET7
XSTR,XTRACKERS II,XTRACKERS II X GBP RATE SWAP,LU0321464652,ETFS,15/03/2012,Luxembourg,GBX,MAIN MARKET,,EUET,UET7
XTIP,XTRACKERS II,X TIPS US BND 1C,LU2504532131,ETFS,04/11/2022,Luxembourg,USD,MAIN MARKET,,EUET,UET7
XU10,XTRACKERS II,XTRACKERS US TREASURIES 7-10 ETF 1D,LU2662649685,ETFS,13/12/2023,Luxembourg,USD,MAIN MARKET,,EUET,UET7
XUEB,XTRACKERS II,XII JPM $ EM BOND UCITS ETF,LU1920015440,ETFS,01/04/2020,Luxembourg,USD,MAIN MARKET,,EUET,UET7
XUEM,XTRACKERS II,XII JPM $ EM BOND UCITS ETF,LU0677077884,ETFS,20/07/2018,Luxembourg,USD,MAIN MARKET,,EUET,UET7
XUS1,XTRACKERS II,X US TREASURY 1-3 1C,LU1920015523,ETFS,21/09/2022,Luxembourg,USD,MAIN MARKET,,EUET,UET7
XUST,XTRACKERS II,X USD TREASURIES 1C,LU1920015796,ETFS,21/09/2022,Luxembourg,USD,MAIN MARKET,,EUET,UET7
XUT3,XTRACKERS II,X USD TREASURIES 1-3,LU0429458895,ETFS,08/09/2009,Luxembourg,USD,MAIN MARKET,,EUET,UET7
XUT7,XTRACKERS II,XTRACKERS US TREASURIES 3-7 ETF 1D,LU2662649503,ETFS,13/12/2023,Luxembourg,USD,MAIN MARKET,,EUET,UET7
XUTD,XTRACKERS II,X USD TREASURIES,LU0429459356,ETFS,08/09/2009,Luxembourg,USD,MAIN MARKET,,EUET,UET7
XUTG,XTRACKERS II,XTRACKERS II US TREASURIES UCITS ETF,LU2610432036,ETFS,24/05/2023,Luxembourg,GBP,MAIN MARKET,,EUET,UET7
XUTL,XTRACKERS II,XTRACKERS US TREASURIES 10+ ETF 1D,LU2662649412,ETFS,13/12/2023,Luxembourg,USD,MAIN MARKET,,EUET,UET7
XZUD,XTRACKERS II,X ESG GLOBAL GOV BOND 3D USD,LU2385068320,ETFS,15/12/2021,Luxembourg,USD,MAIN MARKET,,EUET,UET7
XZWG,XTRACKERS II,X ESG GLOBAL GOV BOND 1D,LU2385068163,ETFS,15/12/2021,Luxembourg,USD,MAIN MARKET,,EUET,UET7
XZWS,XTRACKERS II,X ESG GLOBAL GOV BOND 2D GBP,LU2385068247,ETFS,15/12/2021,Luxembourg,GBP,MAIN MARKET,,EUET,UET7